时延分辨率:4.1 ns, 角度分辨率:3.6 deg 
平均每簇参数自由度: 时延-2.5, 角度-3.4, 总-8.2 
RMS时延扩展:99.45 ns, 相干带宽(50%):2.01 MHz, 相干带宽(90%):0.20 MHz
开始MonteCarlo仿真...... 
AO iter 1 - EM: NLL=47.4016, 0.09s 
AO iter 1 - LBFGS: NLL=33.9093  mean_cds=5.800e-09  mean_casa=4.187 deg, 0.25s 
AO iter 2 - EM: NLL=30.6159, 0.34s 
AO iter 2 - LBFGS: NLL=29.1009  mean_cds=5.320e-09  mean_casa=3.784 deg, 0.48s 
AO iter 3 - EM: NLL=28.6391, 0.56s 
AO iter 3 - LBFGS: NLL=27.8083  mean_cds=5.556e-09  mean_casa=4.193 deg, 0.69s 
mc_idx = 1/100, 耗时 1.31s 
AO iter 1 - EM: NLL=21.4966, 0.09s 
AO iter 1 - LBFGS: NLL=14.0602  mean_cds=5.032e-09  mean_casa=2.996 deg, 0.22s 
AO iter 2 - EM: NLL=7.8055, 0.31s 
AO iter 2 - LBFGS: NLL=5.3837  mean_cds=5.244e-09  mean_casa=2.937 deg, 0.45s 
AO iter 3 - EM: NLL=4.5824, 0.54s 
AO iter 3 - LBFGS: NLL=2.1066  mean_cds=5.676e-09  mean_casa=2.884 deg, 0.66s 
mc_idx = 2/100, 耗时 2.46s 
AO iter 1 - EM: NLL=40.5103, 0.09s 
AO iter 1 - LBFGS: NLL=25.3899  mean_cds=6.897e-09  mean_casa=3.469 deg, 0.21s 
AO iter 2 - EM: NLL=22.0311, 0.30s 
AO iter 2 - LBFGS: NLL=21.3317  mean_cds=6.723e-09  mean_casa=3.323 deg, 0.42s 
AO iter 3 - EM: NLL=21.0928, 0.50s 
AO iter 3 - LBFGS: NLL=20.6029  mean_cds=6.537e-09  mean_casa=3.394 deg, 0.63s 
mc_idx = 3/100, 耗时 3.56s 
AO iter 1 - EM: NLL=7.9860, 0.09s 
AO iter 1 - LBFGS: NLL=1.1348  mean_cds=5.378e-09  mean_casa=2.685 deg, 0.22s 
AO iter 2 - EM: NLL=-3.8156, 0.31s 
AO iter 2 - LBFGS: NLL=-4.5028  mean_cds=5.478e-09  mean_casa=2.654 deg, 0.43s 
AO iter 3 - EM: NLL=-4.9221, 0.52s 
AO iter 3 - LBFGS: NLL=-5.5386  mean_cds=5.637e-09  mean_casa=2.629 deg, 0.65s 
mc_idx = 4/100, 耗时 4.66s 
AO iter 1 - EM: NLL=36.9731, 0.08s 
AO iter 1 - LBFGS: NLL=27.2017  mean_cds=6.574e-09  mean_casa=2.989 deg, 0.21s 
AO iter 2 - EM: NLL=21.6126, 0.31s 
AO iter 2 - LBFGS: NLL=19.5563  mean_cds=6.867e-09  mean_casa=3.027 deg, 0.44s 
AO iter 3 - EM: NLL=18.5428, 0.52s 
AO iter 3 - LBFGS: NLL=17.9066  mean_cds=7.454e-09  mean_casa=3.036 deg, 0.65s 
mc_idx = 5/100, 耗时 5.78s 
AO iter 1 - EM: NLL=40.6963, 0.09s 
AO iter 1 - LBFGS: NLL=37.4048  mean_cds=1.600e-08  mean_casa=2.951 deg, 0.21s 
AO iter 2 - EM: NLL=27.4877, 0.29s 
AO iter 2 - LBFGS: NLL=24.4165  mean_cds=1.013e-08  mean_casa=3.153 deg, 0.41s 
AO iter 3 - EM: NLL=23.7361, 0.49s 
AO iter 3 - LBFGS: NLL=22.0019  mean_cds=7.257e-09  mean_casa=3.317 deg, 0.61s 
mc_idx = 6/100, 耗时 6.84s 
AO iter 1 - EM: NLL=70.6667, 0.08s 
AO iter 1 - LBFGS: NLL=67.4988  mean_cds=4.955e-09  mean_casa=3.139 deg, 0.22s 
AO iter 2 - EM: NLL=64.4527, 0.31s 
AO iter 2 - LBFGS: NLL=63.0079  mean_cds=5.106e-09  mean_casa=3.195 deg, 0.44s 
AO iter 3 - EM: NLL=62.3795, 0.52s 
AO iter 3 - LBFGS: NLL=60.8161  mean_cds=5.442e-09  mean_casa=3.474 deg, 0.63s 
mc_idx = 7/100, 耗时 7.92s 
AO iter 1 - EM: NLL=42.1139, 0.08s 
AO iter 1 - LBFGS: NLL=32.2156  mean_cds=4.319e-09  mean_casa=3.129 deg, 0.19s 
AO iter 2 - EM: NLL=27.0711, 0.27s 
AO iter 2 - LBFGS: NLL=24.8744  mean_cds=4.193e-09  mean_casa=3.358 deg, 0.40s 
AO iter 3 - EM: NLL=23.8015, 0.48s 
AO iter 3 - LBFGS: NLL=20.4496  mean_cds=3.978e-09  mean_casa=5.791 deg, 0.59s 
mc_idx = 8/100, 耗时 8.96s 
AO iter 1 - EM: NLL=52.3982, 0.08s 
AO iter 1 - LBFGS: NLL=39.8536  mean_cds=6.173e-09  mean_casa=2.919 deg, 0.19s 
AO iter 2 - EM: NLL=34.0394, 0.27s 
AO iter 2 - LBFGS: NLL=31.4677  mean_cds=6.172e-09  mean_casa=2.993 deg, 0.38s 
AO iter 3 - EM: NLL=29.9983, 0.45s 
AO iter 3 - LBFGS: NLL=29.2531  mean_cds=6.243e-09  mean_casa=2.977 deg, 0.56s 
mc_idx = 9/100, 耗时 9.95s 
AO iter 1 - EM: NLL=-10.0603, 0.08s 
AO iter 1 - LBFGS: NLL=-15.3380  mean_cds=5.053e-09  mean_casa=3.142 deg, 0.19s 
AO iter 2 - EM: NLL=-18.4655, 0.27s 
AO iter 2 - LBFGS: NLL=-20.9212  mean_cds=5.349e-09  mean_casa=3.487 deg, 0.39s 
AO iter 3 - EM: NLL=-21.8012, 0.47s 
AO iter 3 - LBFGS: NLL=-24.0573  mean_cds=6.124e-09  mean_casa=5.182 deg, 0.59s 
mc_idx = 10/100, 耗时 10.97s 
AO iter 1 - EM: NLL=29.5094, 0.08s 
AO iter 1 - LBFGS: NLL=27.1140  mean_cds=1.607e-08  mean_casa=3.423 deg, 0.19s 
AO iter 2 - EM: NLL=21.9872, 0.27s 
AO iter 2 - LBFGS: NLL=20.2548  mean_cds=1.497e-08  mean_casa=3.847 deg, 0.38s 
AO iter 3 - EM: NLL=19.9576, 0.46s 
AO iter 3 - LBFGS: NLL=19.4064  mean_cds=1.293e-08  mean_casa=4.310 deg, 0.57s 
mc_idx = 11/100, 耗时 11.97s 
AO iter 1 - EM: NLL=103.0210, 0.09s 
AO iter 1 - LBFGS: NLL=99.8724  mean_cds=5.186e-09  mean_casa=3.035 deg, 0.21s 
AO iter 2 - EM: NLL=97.5293, 0.29s 
AO iter 2 - LBFGS: NLL=93.3473  mean_cds=5.852e-09  mean_casa=3.698 deg, 0.41s 
AO iter 3 - EM: NLL=92.1496, 0.50s 
AO iter 3 - LBFGS: NLL=91.4116  mean_cds=6.215e-09  mean_casa=3.644 deg, 0.61s 
mc_idx = 12/100, 耗时 13.03s 
AO iter 1 - EM: NLL=-0.7458, 0.09s 
AO iter 1 - LBFGS: NLL=-7.7235  mean_cds=5.047e-09  mean_casa=2.854 deg, 0.22s 
AO iter 2 - EM: NLL=-12.5940, 0.30s 
AO iter 2 - LBFGS: NLL=-14.2458  mean_cds=4.985e-09  mean_casa=2.827 deg, 0.42s 
AO iter 3 - EM: NLL=-15.0276, 0.51s 
AO iter 3 - LBFGS: NLL=-15.6562  mean_cds=4.957e-09  mean_casa=2.812 deg, 0.63s 
mc_idx = 13/100, 耗时 14.13s 
AO iter 1 - EM: NLL=58.0506, 0.09s 
AO iter 1 - LBFGS: NLL=51.7131  mean_cds=5.149e-09  mean_casa=3.011 deg, 0.21s 
AO iter 2 - EM: NLL=47.8244, 0.30s 
AO iter 2 - LBFGS: NLL=44.6674  mean_cds=5.814e-09  mean_casa=3.206 deg, 0.41s 
AO iter 3 - EM: NLL=43.1577, 0.50s 
AO iter 3 - LBFGS: NLL=41.0464  mean_cds=6.410e-09  mean_casa=3.441 deg, 0.64s 
mc_idx = 14/100, 耗时 15.25s 
AO iter 1 - EM: NLL=59.1737, 0.09s 
AO iter 1 - LBFGS: NLL=49.3311  mean_cds=4.483e-09  mean_casa=3.434 deg, 0.20s 
AO iter 2 - EM: NLL=44.6794, 0.28s 
AO iter 2 - LBFGS: NLL=41.1105  mean_cds=4.455e-09  mean_casa=4.028 deg, 0.39s 
AO iter 3 - EM: NLL=40.1792, 0.47s 
AO iter 3 - LBFGS: NLL=39.6513  mean_cds=4.475e-09  mean_casa=4.358 deg, 0.60s 
mc_idx = 15/100, 耗时 16.33s 
AO iter 1 - EM: NLL=79.1107, 0.09s 
AO iter 1 - LBFGS: NLL=70.0845  mean_cds=6.176e-09  mean_casa=2.927 deg, 0.22s 
AO iter 2 - EM: NLL=63.5611, 0.31s 
AO iter 2 - LBFGS: NLL=60.5470  mean_cds=7.589e-09  mean_casa=2.913 deg, 0.44s 
AO iter 3 - EM: NLL=59.5499, 0.52s 
AO iter 3 - LBFGS: NLL=57.7025  mean_cds=1.074e-08  mean_casa=2.931 deg, 0.64s 
mc_idx = 16/100, 耗时 17.46s 
AO iter 1 - EM: NLL=20.6565, 0.08s 
AO iter 1 - LBFGS: NLL=14.6135  mean_cds=5.033e-09  mean_casa=2.860 deg, 0.20s 
AO iter 2 - EM: NLL=7.2272, 0.29s 
AO iter 2 - LBFGS: NLL=5.9028  mean_cds=5.128e-09  mean_casa=2.835 deg, 0.41s 
AO iter 3 - EM: NLL=4.8501, 0.51s 
AO iter 3 - LBFGS: NLL=3.2748  mean_cds=5.162e-09  mean_casa=2.806 deg, 0.62s 
mc_idx = 17/100, 耗时 18.58s 
AO iter 1 - EM: NLL=28.1902, 0.10s 
AO iter 1 - LBFGS: NLL=18.8599  mean_cds=5.200e-09  mean_casa=2.727 deg, 0.21s 
AO iter 2 - EM: NLL=15.2783, 0.30s 
AO iter 2 - LBFGS: NLL=13.3578  mean_cds=5.154e-09  mean_casa=3.059 deg, 0.41s 
AO iter 3 - EM: NLL=13.0692, 0.49s 
AO iter 3 - LBFGS: NLL=11.9507  mean_cds=5.622e-09  mean_casa=4.327 deg, 0.60s 
mc_idx = 18/100, 耗时 19.68s 
AO iter 1 - EM: NLL=38.5151, 0.08s 
AO iter 1 - LBFGS: NLL=29.4742  mean_cds=5.159e-08  mean_casa=4.078 deg, 0.21s 
AO iter 2 - EM: NLL=24.6414, 0.31s 
AO iter 2 - LBFGS: NLL=22.5822  mean_cds=4.777e-08  mean_casa=3.968 deg, 0.44s 
AO iter 3 - EM: NLL=21.9177, 0.54s 
AO iter 3 - LBFGS: NLL=21.0487  mean_cds=4.223e-08  mean_casa=4.199 deg, 0.67s 
mc_idx = 19/100, 耗时 20.85s 
AO iter 1 - EM: NLL=24.4542, 0.09s 
AO iter 1 - LBFGS: NLL=13.7164  mean_cds=1.042e-08  mean_casa=5.027 deg, 0.23s 
AO iter 2 - EM: NLL=7.0915, 0.33s 
AO iter 2 - LBFGS: NLL=3.3068  mean_cds=8.212e-09  mean_casa=4.636 deg, 0.46s 
AO iter 3 - EM: NLL=1.7202, 0.55s 
AO iter 3 - LBFGS: NLL=0.5825  mean_cds=7.843e-09  mean_casa=4.867 deg, 0.67s 
mc_idx = 20/100, 耗时 22.05s 
AO iter 1 - EM: NLL=45.3131, 0.09s 
AO iter 1 - LBFGS: NLL=36.4173  mean_cds=6.704e-09  mean_casa=2.616 deg, 0.22s 
AO iter 2 - EM: NLL=33.4314, 0.31s 
AO iter 2 - LBFGS: NLL=31.5130  mean_cds=6.009e-09  mean_casa=2.692 deg, 0.43s 
AO iter 3 - EM: NLL=31.3158, 0.53s 
AO iter 3 - LBFGS: NLL=30.6404  mean_cds=6.626e-09  mean_casa=2.555 deg, 0.65s 
mc_idx = 21/100, 耗时 23.20s 
AO iter 1 - EM: NLL=42.5049, 0.10s 
AO iter 1 - LBFGS: NLL=40.0580  mean_cds=5.411e-09  mean_casa=3.269 deg, 0.22s 
AO iter 2 - EM: NLL=35.9355, 0.31s 
AO iter 2 - LBFGS: NLL=34.8262  mean_cds=5.780e-09  mean_casa=3.451 deg, 0.44s 
AO iter 3 - EM: NLL=34.0064, 0.54s 
AO iter 3 - LBFGS: NLL=33.2302  mean_cds=6.248e-09  mean_casa=3.863 deg, 0.66s 
mc_idx = 22/100, 耗时 24.35s 
AO iter 1 - EM: NLL=64.9118, 0.09s 
AO iter 1 - LBFGS: NLL=57.1479  mean_cds=4.368e-09  mean_casa=3.456 deg, 0.23s 
AO iter 2 - EM: NLL=54.6869, 0.32s 
AO iter 2 - LBFGS: NLL=53.5054  mean_cds=4.768e-09  mean_casa=3.583 deg, 0.45s 
AO iter 3 - EM: NLL=52.8483, 0.55s 
AO iter 3 - LBFGS: NLL=52.4613  mean_cds=4.809e-09  mean_casa=3.769 deg, 0.66s 
mc_idx = 23/100, 耗时 25.50s 
AO iter 1 - EM: NLL=48.9052, 0.09s 
AO iter 1 - LBFGS: NLL=41.8270  mean_cds=5.109e-09  mean_casa=3.419 deg, 0.22s 
AO iter 2 - EM: NLL=36.2847, 0.32s 
AO iter 2 - LBFGS: NLL=33.5832  mean_cds=5.491e-09  mean_casa=3.638 deg, 0.45s 
AO iter 3 - EM: NLL=32.8365, 0.54s 
AO iter 3 - LBFGS: NLL=31.8401  mean_cds=6.261e-09  mean_casa=3.708 deg, 0.67s 
mc_idx = 24/100, 耗时 26.67s 
AO iter 1 - EM: NLL=56.6172, 0.09s 
AO iter 1 - LBFGS: NLL=51.2137  mean_cds=1.621e-08  mean_casa=5.312 deg, 0.20s 
AO iter 2 - EM: NLL=47.6764, 0.29s 
AO iter 2 - LBFGS: NLL=44.0195  mean_cds=1.262e-08  mean_casa=4.891 deg, 0.42s 
AO iter 3 - EM: NLL=42.9162, 0.50s 
AO iter 3 - LBFGS: NLL=41.3187  mean_cds=8.392e-09  mean_casa=5.405 deg, 0.62s 
mc_idx = 25/100, 耗时 27.78s 
AO iter 1 - EM: NLL=7.1585, 0.09s 
AO iter 1 - LBFGS: NLL=-0.0780  mean_cds=4.454e-09  mean_casa=2.880 deg, 0.21s 
AO iter 2 - EM: NLL=-3.3149, 0.31s 
AO iter 2 - LBFGS: NLL=-4.3328  mean_cds=4.534e-09  mean_casa=2.840 deg, 0.44s 
AO iter 3 - EM: NLL=-4.7318, 0.54s 
AO iter 3 - LBFGS: NLL=-6.5125  mean_cds=5.429e-09  mean_casa=2.670 deg, 0.67s 
mc_idx = 26/100, 耗时 28.94s 
AO iter 1 - EM: NLL=34.5671, 0.10s 
AO iter 1 - LBFGS: NLL=29.0489  mean_cds=5.173e-09  mean_casa=3.020 deg, 0.23s 
AO iter 2 - EM: NLL=24.9863, 0.33s 
AO iter 2 - LBFGS: NLL=22.1491  mean_cds=5.325e-09  mean_casa=3.074 deg, 0.46s 
AO iter 3 - EM: NLL=21.3298, 0.56s 
AO iter 3 - LBFGS: NLL=20.3378  mean_cds=5.424e-09  mean_casa=3.199 deg, 0.69s 
mc_idx = 27/100, 耗时 30.15s 
AO iter 1 - EM: NLL=106.1609, 0.10s 
AO iter 1 - LBFGS: NLL=78.4138  mean_cds=5.011e-09  mean_casa=4.058 deg, 0.22s 
AO iter 2 - EM: NLL=72.1179, 0.31s 
AO iter 2 - LBFGS: NLL=67.8659  mean_cds=5.325e-09  mean_casa=4.162 deg, 0.44s 
AO iter 3 - EM: NLL=65.8250, 0.53s 
AO iter 3 - LBFGS: NLL=65.3489  mean_cds=5.461e-09  mean_casa=4.538 deg, 0.66s 
mc_idx = 28/100, 耗时 31.30s 
AO iter 1 - EM: NLL=75.9653, 0.09s 
AO iter 1 - LBFGS: NLL=69.1920  mean_cds=4.692e-09  mean_casa=2.918 deg, 0.21s 
AO iter 2 - EM: NLL=63.2353, 0.30s 
AO iter 2 - LBFGS: NLL=59.0725  mean_cds=4.898e-09  mean_casa=3.139 deg, 0.43s 
AO iter 3 - EM: NLL=58.0232, 0.52s 
AO iter 3 - LBFGS: NLL=56.4853  mean_cds=5.365e-09  mean_casa=3.959 deg, 0.64s 
mc_idx = 29/100, 耗时 32.42s 
AO iter 1 - EM: NLL=31.1771, 0.09s 
AO iter 1 - LBFGS: NLL=24.1649  mean_cds=5.221e-09  mean_casa=3.336 deg, 0.21s 
AO iter 2 - EM: NLL=20.6679, 0.31s 
AO iter 2 - LBFGS: NLL=17.3855  mean_cds=5.577e-09  mean_casa=3.608 deg, 0.42s 
AO iter 3 - EM: NLL=16.3679, 0.50s 
AO iter 3 - LBFGS: NLL=15.3721  mean_cds=5.843e-09  mean_casa=3.769 deg, 0.63s 
mc_idx = 30/100, 耗时 33.54s 
AO iter 1 - EM: NLL=28.4606, 0.09s 
AO iter 1 - LBFGS: NLL=22.2315  mean_cds=5.573e-09  mean_casa=2.998 deg, 0.21s 
AO iter 2 - EM: NLL=13.0447, 0.30s 
AO iter 2 - LBFGS: NLL=9.6120  mean_cds=6.087e-09  mean_casa=3.065 deg, 0.42s 
AO iter 3 - EM: NLL=8.1700, 0.50s 
AO iter 3 - LBFGS: NLL=7.1886  mean_cds=6.646e-09  mean_casa=3.247 deg, 0.61s 
mc_idx = 31/100, 耗时 34.62s 
AO iter 1 - EM: NLL=87.4279, 0.08s 
AO iter 1 - LBFGS: NLL=76.5628  mean_cds=5.022e-09  mean_casa=3.264 deg, 0.20s 
AO iter 2 - EM: NLL=71.9709, 0.28s 
AO iter 2 - LBFGS: NLL=71.0862  mean_cds=5.135e-09  mean_casa=3.530 deg, 0.40s 
AO iter 3 - EM: NLL=70.2137, 0.48s 
AO iter 3 - LBFGS: NLL=69.2322  mean_cds=5.180e-09  mean_casa=3.997 deg, 0.60s 
mc_idx = 32/100, 耗时 35.72s 
AO iter 1 - EM: NLL=51.2062, 0.10s 
AO iter 1 - LBFGS: NLL=44.6327  mean_cds=5.684e-09  mean_casa=2.799 deg, 0.22s 
AO iter 2 - EM: NLL=39.9992, 0.30s 
AO iter 2 - LBFGS: NLL=37.9804  mean_cds=8.388e-09  mean_casa=2.710 deg, 0.42s 
AO iter 3 - EM: NLL=37.0475, 0.50s 
AO iter 3 - LBFGS: NLL=35.8834  mean_cds=7.626e-09  mean_casa=2.641 deg, 0.61s 
mc_idx = 33/100, 耗时 36.83s 
AO iter 1 - EM: NLL=36.8048, 0.09s 
AO iter 1 - LBFGS: NLL=22.0194  mean_cds=5.001e-09  mean_casa=3.309 deg, 0.21s 
AO iter 2 - EM: NLL=16.7658, 0.30s 
AO iter 2 - LBFGS: NLL=14.8593  mean_cds=5.517e-09  mean_casa=3.729 deg, 0.42s 
AO iter 3 - EM: NLL=14.0967, 0.52s 
AO iter 3 - LBFGS: NLL=13.0358  mean_cds=5.886e-09  mean_casa=4.274 deg, 0.63s 
mc_idx = 34/100, 耗时 37.93s 
AO iter 1 - EM: NLL=55.4942, 0.09s 
AO iter 1 - LBFGS: NLL=46.5336  mean_cds=4.772e-09  mean_casa=2.876 deg, 0.21s 
AO iter 2 - EM: NLL=42.2134, 0.30s 
AO iter 2 - LBFGS: NLL=39.9554  mean_cds=4.527e-09  mean_casa=2.945 deg, 0.42s 
AO iter 3 - EM: NLL=39.3036, 0.51s 
AO iter 3 - LBFGS: NLL=38.2557  mean_cds=4.558e-09  mean_casa=3.319 deg, 0.62s 
mc_idx = 35/100, 耗时 39.05s 
AO iter 1 - EM: NLL=90.2698, 0.09s 
AO iter 1 - LBFGS: NLL=78.4457  mean_cds=4.647e-09  mean_casa=2.847 deg, 0.23s 
AO iter 2 - EM: NLL=66.9580, 0.31s 
AO iter 2 - LBFGS: NLL=63.9166  mean_cds=4.670e-09  mean_casa=2.769 deg, 0.43s 
AO iter 3 - EM: NLL=61.7625, 0.52s 
AO iter 3 - LBFGS: NLL=60.7514  mean_cds=4.920e-09  mean_casa=2.698 deg, 0.64s 
mc_idx = 36/100, 耗时 40.17s 
AO iter 1 - EM: NLL=47.1807, 0.09s 
AO iter 1 - LBFGS: NLL=37.4536  mean_cds=5.012e-09  mean_casa=2.951 deg, 0.22s 
AO iter 2 - EM: NLL=35.0655, 0.32s 
AO iter 2 - LBFGS: NLL=33.6744  mean_cds=4.953e-09  mean_casa=3.027 deg, 0.45s 
AO iter 3 - EM: NLL=32.6561, 0.53s 
AO iter 3 - LBFGS: NLL=31.7538  mean_cds=4.932e-09  mean_casa=3.206 deg, 0.65s 
mc_idx = 37/100, 耗时 41.29s 
AO iter 1 - EM: NLL=76.0513, 0.09s 
AO iter 1 - LBFGS: NLL=70.2081  mean_cds=6.671e-09  mean_casa=12.705 deg, 0.20s 
AO iter 2 - EM: NLL=64.8227, 0.29s 
AO iter 2 - LBFGS: NLL=62.4319  mean_cds=7.142e-09  mean_casa=12.244 deg, 0.42s 
AO iter 3 - EM: NLL=62.0981, 0.51s 
AO iter 3 - LBFGS: NLL=61.9136  mean_cds=7.750e-09  mean_casa=11.195 deg, 0.62s 
mc_idx = 38/100, 耗时 42.39s 
AO iter 1 - EM: NLL=118.4858, 0.09s 
AO iter 1 - LBFGS: NLL=109.6454  mean_cds=5.397e-09  mean_casa=3.069 deg, 0.21s 
AO iter 2 - EM: NLL=106.4728, 0.30s 
AO iter 2 - LBFGS: NLL=99.6904  mean_cds=9.259e-09  mean_casa=3.324 deg, 0.42s 
AO iter 3 - EM: NLL=98.7383, 0.51s 
AO iter 3 - LBFGS: NLL=98.0309  mean_cds=8.682e-09  mean_casa=3.315 deg, 0.62s 
mc_idx = 39/100, 耗时 43.51s 
AO iter 1 - EM: NLL=72.2596, 0.09s 
AO iter 1 - LBFGS: NLL=63.4775  mean_cds=5.621e-09  mean_casa=3.089 deg, 0.21s 
AO iter 2 - EM: NLL=60.7981, 0.29s 
AO iter 2 - LBFGS: NLL=57.3629  mean_cds=6.594e-09  mean_casa=3.069 deg, 0.42s 
AO iter 3 - EM: NLL=56.8206, 0.50s 
AO iter 3 - LBFGS: NLL=56.1313  mean_cds=6.313e-09  mean_casa=3.063 deg, 0.61s 
mc_idx = 40/100, 耗时 44.58s 
AO iter 1 - EM: NLL=19.0605, 0.09s 
AO iter 1 - LBFGS: NLL=13.9626  mean_cds=5.436e-09  mean_casa=3.022 deg, 0.23s 
AO iter 2 - EM: NLL=8.5160, 0.32s 
AO iter 2 - LBFGS: NLL=7.2325  mean_cds=5.443e-09  mean_casa=3.084 deg, 0.45s 
AO iter 3 - EM: NLL=6.2738, 0.53s 
AO iter 3 - LBFGS: NLL=4.1934  mean_cds=5.728e-09  mean_casa=3.767 deg, 0.65s 
mc_idx = 41/100, 耗时 45.72s 
AO iter 1 - EM: NLL=-1.3749, 0.09s 
AO iter 1 - LBFGS: NLL=-8.4664  mean_cds=6.705e-09  mean_casa=2.826 deg, 0.22s 
AO iter 2 - EM: NLL=-13.6894, 0.30s 
AO iter 2 - LBFGS: NLL=-16.3299  mean_cds=7.302e-09  mean_casa=2.952 deg, 0.42s 
AO iter 3 - EM: NLL=-17.7313, 0.51s 
AO iter 3 - LBFGS: NLL=-18.1426  mean_cds=7.761e-09  mean_casa=2.941 deg, 0.63s 
mc_idx = 42/100, 耗时 46.87s 
AO iter 1 - EM: NLL=-36.4182, 0.09s 
AO iter 1 - LBFGS: NLL=-42.9154  mean_cds=4.578e-09  mean_casa=3.018 deg, 0.20s 
AO iter 2 - EM: NLL=-45.7355, 0.29s 
AO iter 2 - LBFGS: NLL=-48.4947  mean_cds=4.456e-09  mean_casa=3.291 deg, 0.42s 
AO iter 3 - EM: NLL=-49.2834, 0.51s 
AO iter 3 - LBFGS: NLL=-49.6744  mean_cds=4.423e-09  mean_casa=3.245 deg, 0.63s 
mc_idx = 43/100, 耗时 47.99s 
AO iter 1 - EM: NLL=75.9634, 0.09s 
AO iter 1 - LBFGS: NLL=68.5823  mean_cds=5.104e-09  mean_casa=3.589 deg, 0.22s 
AO iter 2 - EM: NLL=65.8526, 0.31s 
AO iter 2 - LBFGS: NLL=62.1358  mean_cds=5.537e-09  mean_casa=4.003 deg, 0.42s 
AO iter 3 - EM: NLL=61.0920, 0.52s 
AO iter 3 - LBFGS: NLL=58.6452  mean_cds=5.662e-09  mean_casa=4.697 deg, 0.64s 
mc_idx = 44/100, 耗时 49.12s 
AO iter 1 - EM: NLL=42.3649, 0.09s 
AO iter 1 - LBFGS: NLL=34.9605  mean_cds=5.331e-09  mean_casa=2.867 deg, 0.21s 
AO iter 2 - EM: NLL=34.8436, 0.29s 
AO iter 2 - LBFGS: NLL=34.0183  mean_cds=5.349e-09  mean_casa=2.888 deg, 0.41s 
AO iter 3 - EM: NLL=30.5717, 0.51s 
AO iter 3 - LBFGS: NLL=30.2521  mean_cds=5.367e-09  mean_casa=2.919 deg, 0.62s 
mc_idx = 45/100, 耗时 50.22s 
AO iter 1 - EM: NLL=81.0455, 0.09s 
AO iter 1 - LBFGS: NLL=70.1749  mean_cds=4.840e-09  mean_casa=3.557 deg, 0.21s 
AO iter 2 - EM: NLL=67.9036, 0.29s 
AO iter 2 - LBFGS: NLL=66.2284  mean_cds=5.312e-09  mean_casa=3.808 deg, 0.41s 
AO iter 3 - EM: NLL=65.2379, 0.50s 
AO iter 3 - LBFGS: NLL=63.9810  mean_cds=6.215e-09  mean_casa=4.409 deg, 0.61s 
mc_idx = 46/100, 耗时 51.31s 
AO iter 1 - EM: NLL=24.4503, 0.09s 
AO iter 1 - LBFGS: NLL=20.9924  mean_cds=4.534e-09  mean_casa=2.976 deg, 0.21s 
AO iter 2 - EM: NLL=16.1113, 0.30s 
AO iter 2 - LBFGS: NLL=14.4547  mean_cds=4.390e-09  mean_casa=3.180 deg, 0.42s 
AO iter 3 - EM: NLL=12.9821, 0.50s 
AO iter 3 - LBFGS: NLL=12.0711  mean_cds=4.277e-09  mean_casa=3.937 deg, 0.61s 
mc_idx = 47/100, 耗时 52.42s 
AO iter 1 - EM: NLL=102.9262, 0.08s 
AO iter 1 - LBFGS: NLL=99.5927  mean_cds=5.133e-09  mean_casa=2.914 deg, 0.20s 
AO iter 2 - EM: NLL=93.4476, 0.29s 
AO iter 2 - LBFGS: NLL=91.4983  mean_cds=5.372e-09  mean_casa=2.909 deg, 0.41s 
AO iter 3 - EM: NLL=90.6189, 0.50s 
AO iter 3 - LBFGS: NLL=88.7989  mean_cds=6.286e-09  mean_casa=3.055 deg, 0.63s 
mc_idx = 48/100, 耗时 53.53s 
AO iter 1 - EM: NLL=71.8438, 0.08s 
AO iter 1 - LBFGS: NLL=69.1434  mean_cds=4.967e-09  mean_casa=3.054 deg, 0.21s 
AO iter 2 - EM: NLL=61.3633, 0.31s 
AO iter 2 - LBFGS: NLL=59.1192  mean_cds=5.202e-09  mean_casa=3.071 deg, 0.44s 
AO iter 3 - EM: NLL=57.5045, 0.53s 
AO iter 3 - LBFGS: NLL=54.8534  mean_cds=6.767e-09  mean_casa=3.080 deg, 0.65s 
mc_idx = 49/100, 耗时 54.65s 
AO iter 1 - EM: NLL=35.4045, 0.09s 
AO iter 1 - LBFGS: NLL=26.7030  mean_cds=5.286e-09  mean_casa=3.046 deg, 0.23s 
AO iter 2 - EM: NLL=22.4737, 0.32s 
AO iter 2 - LBFGS: NLL=19.9226  mean_cds=6.067e-09  mean_casa=3.292 deg, 0.45s 
AO iter 3 - EM: NLL=19.0432, 0.54s 
AO iter 3 - LBFGS: NLL=18.4378  mean_cds=6.345e-09  mean_casa=3.452 deg, 0.67s 
mc_idx = 50/100, 耗时 55.82s 
AO iter 1 - EM: NLL=35.0185, 0.09s 
AO iter 1 - LBFGS: NLL=28.8328  mean_cds=4.619e-09  mean_casa=3.113 deg, 0.23s 
AO iter 2 - EM: NLL=26.8280, 0.33s 
AO iter 2 - LBFGS: NLL=24.1434  mean_cds=4.481e-09  mean_casa=3.289 deg, 0.45s 
AO iter 3 - EM: NLL=23.4711, 0.55s 
AO iter 3 - LBFGS: NLL=21.2299  mean_cds=4.157e-09  mean_casa=3.700 deg, 0.67s 
mc_idx = 51/100, 耗时 57.01s 
AO iter 1 - EM: NLL=54.2606, 0.10s 
AO iter 1 - LBFGS: NLL=44.2686  mean_cds=5.145e-09  mean_casa=3.135 deg, 0.22s 
AO iter 2 - EM: NLL=39.3693, 0.31s 
AO iter 2 - LBFGS: NLL=37.5461  mean_cds=5.121e-09  mean_casa=3.280 deg, 0.43s 
AO iter 3 - EM: NLL=36.4000, 0.53s 
AO iter 3 - LBFGS: NLL=35.5902  mean_cds=5.269e-09  mean_casa=3.447 deg, 0.67s 
mc_idx = 52/100, 耗时 58.19s 
AO iter 1 - EM: NLL=30.3989, 0.10s 
AO iter 1 - LBFGS: NLL=18.0353  mean_cds=4.299e-09  mean_casa=2.884 deg, 0.24s 
AO iter 2 - EM: NLL=15.1243, 0.34s 
AO iter 2 - LBFGS: NLL=11.1464  mean_cds=5.035e-09  mean_casa=3.518 deg, 0.46s 
AO iter 3 - EM: NLL=10.2637, 0.55s 
AO iter 3 - LBFGS: NLL=9.2110  mean_cds=4.798e-09  mean_casa=3.020 deg, 0.68s 
mc_idx = 53/100, 耗时 59.38s 
AO iter 1 - EM: NLL=-4.2438, 0.09s 
AO iter 1 - LBFGS: NLL=-15.2275  mean_cds=6.104e-09  mean_casa=2.980 deg, 0.20s 
AO iter 2 - EM: NLL=-19.9288, 0.29s 
AO iter 2 - LBFGS: NLL=-20.4249  mean_cds=6.114e-09  mean_casa=3.021 deg, 0.41s 
AO iter 3 - EM: NLL=-20.7319, 0.51s 
AO iter 3 - LBFGS: NLL=-21.0513  mean_cds=6.231e-09  mean_casa=2.981 deg, 0.64s 
mc_idx = 54/100, 耗时 60.53s 
AO iter 1 - EM: NLL=47.3142, 0.09s 
AO iter 1 - LBFGS: NLL=41.5649  mean_cds=4.805e-09  mean_casa=2.841 deg, 0.23s 
AO iter 2 - EM: NLL=35.2554, 0.32s 
AO iter 2 - LBFGS: NLL=33.7194  mean_cds=4.849e-09  mean_casa=2.760 deg, 0.44s 
AO iter 3 - EM: NLL=33.0916, 0.54s 
AO iter 3 - LBFGS: NLL=31.1900  mean_cds=5.011e-09  mean_casa=2.533 deg, 0.66s 
mc_idx = 55/100, 耗时 61.70s 
AO iter 1 - EM: NLL=76.9746, 0.09s 
AO iter 1 - LBFGS: NLL=70.3930  mean_cds=5.124e-09  mean_casa=3.931 deg, 0.20s 
AO iter 2 - EM: NLL=65.3235, 0.28s 
AO iter 2 - LBFGS: NLL=62.7752  mean_cds=5.420e-09  mean_casa=4.382 deg, 0.40s 
AO iter 3 - EM: NLL=61.9709, 0.49s 
AO iter 3 - LBFGS: NLL=61.2002  mean_cds=5.765e-09  mean_casa=4.341 deg, 0.60s 
mc_idx = 56/100, 耗时 62.81s 
AO iter 1 - EM: NLL=-11.0140, 0.09s 
AO iter 1 - LBFGS: NLL=-15.5051  mean_cds=4.191e-09  mean_casa=3.085 deg, 0.21s 
AO iter 2 - EM: NLL=-18.4390, 0.30s 
AO iter 2 - LBFGS: NLL=-19.6501  mean_cds=4.200e-09  mean_casa=3.206 deg, 0.42s 
AO iter 3 - EM: NLL=-20.2886, 0.50s 
AO iter 3 - LBFGS: NLL=-20.9989  mean_cds=4.117e-09  mean_casa=3.553 deg, 0.62s 
mc_idx = 57/100, 耗时 63.92s 
AO iter 1 - EM: NLL=47.9919, 0.09s 
AO iter 1 - LBFGS: NLL=40.8870  mean_cds=5.239e-09  mean_casa=3.248 deg, 0.22s 
AO iter 2 - EM: NLL=37.4958, 0.31s 
AO iter 2 - LBFGS: NLL=35.2594  mean_cds=5.705e-09  mean_casa=3.294 deg, 0.42s 
AO iter 3 - EM: NLL=34.4833, 0.50s 
AO iter 3 - LBFGS: NLL=33.7904  mean_cds=5.629e-09  mean_casa=3.255 deg, 0.62s 
mc_idx = 58/100, 耗时 65.01s 
AO iter 1 - EM: NLL=3.7251, 0.09s 
AO iter 1 - LBFGS: NLL=-2.1039  mean_cds=6.251e-09  mean_casa=2.636 deg, 0.21s 
AO iter 2 - EM: NLL=-5.7626, 0.31s 
AO iter 2 - LBFGS: NLL=-9.7695  mean_cds=6.707e-09  mean_casa=2.865 deg, 0.44s 
AO iter 3 - EM: NLL=-13.0532, 0.53s 
AO iter 3 - LBFGS: NLL=-13.6557  mean_cds=6.785e-09  mean_casa=2.813 deg, 0.65s 
mc_idx = 59/100, 耗时 66.19s 
AO iter 1 - EM: NLL=35.6971, 0.08s 
AO iter 1 - LBFGS: NLL=27.8726  mean_cds=5.065e-09  mean_casa=2.650 deg, 0.20s 
AO iter 2 - EM: NLL=25.7515, 0.29s 
AO iter 2 - LBFGS: NLL=24.5305  mean_cds=5.286e-09  mean_casa=2.608 deg, 0.42s 
AO iter 3 - EM: NLL=23.7349, 0.50s 
AO iter 3 - LBFGS: NLL=23.0072  mean_cds=5.416e-09  mean_casa=2.562 deg, 0.62s 
mc_idx = 60/100, 耗时 67.30s 
AO iter 1 - EM: NLL=-32.6576, 0.09s 
AO iter 1 - LBFGS: NLL=-45.6902  mean_cds=5.412e-09  mean_casa=2.741 deg, 0.20s 
AO iter 2 - EM: NLL=-52.4492, 0.28s 
AO iter 2 - LBFGS: NLL=-52.8923  mean_cds=5.676e-09  mean_casa=2.794 deg, 0.41s 
AO iter 3 - EM: NLL=-53.3633, 0.51s 
AO iter 3 - LBFGS: NLL=-53.4350  mean_cds=5.724e-09  mean_casa=2.798 deg, 0.63s 
mc_idx = 61/100, 耗时 68.43s 
AO iter 1 - EM: NLL=-15.4900, 0.10s 
AO iter 1 - LBFGS: NLL=-21.4786  mean_cds=6.088e-09  mean_casa=2.908 deg, 0.22s 
AO iter 2 - EM: NLL=-29.1699, 0.31s 
AO iter 2 - LBFGS: NLL=-29.8147  mean_cds=5.819e-09  mean_casa=3.026 deg, 0.44s 
AO iter 3 - EM: NLL=-30.3796, 0.53s 
AO iter 3 - LBFGS: NLL=-30.5696  mean_cds=5.844e-09  mean_casa=3.052 deg, 0.65s 
mc_idx = 62/100, 耗时 69.60s 
AO iter 1 - EM: NLL=128.4756, 0.10s 
AO iter 1 - LBFGS: NLL=120.7842  mean_cds=4.397e-09  mean_casa=3.321 deg, 0.22s 
AO iter 2 - EM: NLL=114.4644, 0.31s 
AO iter 2 - LBFGS: NLL=112.3940  mean_cds=4.746e-09  mean_casa=3.460 deg, 0.44s 
AO iter 3 - EM: NLL=110.3368, 0.53s 
AO iter 3 - LBFGS: NLL=107.8919  mean_cds=7.148e-09  mean_casa=3.764 deg, 0.65s 
mc_idx = 63/100, 耗时 70.75s 
AO iter 1 - EM: NLL=12.4018, 0.09s 
AO iter 1 - LBFGS: NLL=9.5409  mean_cds=4.890e-09  mean_casa=3.015 deg, 0.22s 
AO iter 2 - EM: NLL=5.5912, 0.31s 
AO iter 2 - LBFGS: NLL=3.1762  mean_cds=5.003e-09  mean_casa=2.960 deg, 0.44s 
AO iter 3 - EM: NLL=2.1877, 0.52s 
AO iter 3 - LBFGS: NLL=0.1703  mean_cds=5.141e-09  mean_casa=2.964 deg, 0.64s 
mc_idx = 64/100, 耗时 71.86s 
AO iter 1 - EM: NLL=87.6901, 0.09s 
AO iter 1 - LBFGS: NLL=62.2178  mean_cds=5.041e-09  mean_casa=3.515 deg, 0.22s 
AO iter 2 - EM: NLL=53.6657, 0.31s 
AO iter 2 - LBFGS: NLL=52.3321  mean_cds=5.115e-09  mean_casa=3.344 deg, 0.43s 
AO iter 3 - EM: NLL=51.3920, 0.52s 
AO iter 3 - LBFGS: NLL=51.1640  mean_cds=5.289e-09  mean_casa=3.361 deg, 0.64s 
mc_idx = 65/100, 耗时 73.01s 
AO iter 1 - EM: NLL=12.6419, 0.08s 
AO iter 1 - LBFGS: NLL=4.4287  mean_cds=5.521e-09  mean_casa=2.841 deg, 0.20s 
AO iter 2 - EM: NLL=-1.2357, 0.28s 
AO iter 2 - LBFGS: NLL=-3.2840  mean_cds=6.350e-09  mean_casa=2.890 deg, 0.40s 
AO iter 3 - EM: NLL=-4.5051, 0.48s 
AO iter 3 - LBFGS: NLL=-5.2586  mean_cds=7.249e-09  mean_casa=3.270 deg, 0.58s 
mc_idx = 66/100, 耗时 74.05s 
AO iter 1 - EM: NLL=91.0176, 0.08s 
AO iter 1 - LBFGS: NLL=76.9956  mean_cds=5.915e-09  mean_casa=3.263 deg, 0.21s 
AO iter 2 - EM: NLL=70.8982, 0.29s 
AO iter 2 - LBFGS: NLL=65.7491  mean_cds=6.595e-09  mean_casa=4.064 deg, 0.41s 
AO iter 3 - EM: NLL=61.4496, 0.49s 
AO iter 3 - LBFGS: NLL=60.1834  mean_cds=6.945e-09  mean_casa=4.270 deg, 0.61s 
mc_idx = 67/100, 耗时 75.14s 
AO iter 1 - EM: NLL=34.6921, 0.09s 
AO iter 1 - LBFGS: NLL=21.1128  mean_cds=5.435e-09  mean_casa=4.498 deg, 0.20s 
AO iter 2 - EM: NLL=16.3518, 0.29s 
AO iter 2 - LBFGS: NLL=14.5238  mean_cds=4.912e-09  mean_casa=4.200 deg, 0.42s 
AO iter 3 - EM: NLL=14.2766, 0.52s 
AO iter 3 - LBFGS: NLL=13.1512  mean_cds=4.535e-09  mean_casa=4.419 deg, 0.63s 
mc_idx = 68/100, 耗时 76.24s 
AO iter 1 - EM: NLL=52.4796, 0.08s 
AO iter 1 - LBFGS: NLL=46.8888  mean_cds=5.342e-09  mean_casa=2.946 deg, 0.22s 
AO iter 2 - EM: NLL=43.6133, 0.30s 
AO iter 2 - LBFGS: NLL=41.8420  mean_cds=5.957e-09  mean_casa=2.938 deg, 0.42s 
AO iter 3 - EM: NLL=41.3234, 0.51s 
AO iter 3 - LBFGS: NLL=40.5812  mean_cds=6.351e-09  mean_casa=2.952 deg, 0.64s 
mc_idx = 69/100, 耗时 77.37s 
AO iter 1 - EM: NLL=88.9636, 0.09s 
AO iter 1 - LBFGS: NLL=79.1504  mean_cds=5.609e-09  mean_casa=3.199 deg, 0.21s 
AO iter 2 - EM: NLL=74.0438, 0.31s 
AO iter 2 - LBFGS: NLL=71.4760  mean_cds=5.672e-09  mean_casa=3.328 deg, 0.42s 
AO iter 3 - EM: NLL=70.7934, 0.52s 
AO iter 3 - LBFGS: NLL=69.7317  mean_cds=5.626e-09  mean_casa=3.586 deg, 0.63s 
mc_idx = 70/100, 耗时 78.48s 
AO iter 1 - EM: NLL=66.1229, 0.09s 
AO iter 1 - LBFGS: NLL=58.2619  mean_cds=6.025e-09  mean_casa=3.466 deg, 0.22s 
AO iter 2 - EM: NLL=55.9879, 0.31s 
AO iter 2 - LBFGS: NLL=53.8335  mean_cds=7.510e-09  mean_casa=3.743 deg, 0.43s 
AO iter 3 - EM: NLL=53.5125, 0.52s 
AO iter 3 - LBFGS: NLL=52.5878  mean_cds=9.072e-09  mean_casa=3.898 deg, 0.65s 
mc_idx = 71/100, 耗时 79.63s 
AO iter 1 - EM: NLL=63.2421, 0.09s 
AO iter 1 - LBFGS: NLL=58.2492  mean_cds=5.686e-09  mean_casa=3.005 deg, 0.21s 
AO iter 2 - EM: NLL=56.8580, 0.30s 
AO iter 2 - LBFGS: NLL=54.1704  mean_cds=6.827e-09  mean_casa=3.354 deg, 0.42s 
AO iter 3 - EM: NLL=52.2028, 0.51s 
AO iter 3 - LBFGS: NLL=50.7383  mean_cds=8.156e-09  mean_casa=4.903 deg, 0.63s 
mc_idx = 72/100, 耗时 80.74s 
AO iter 1 - EM: NLL=76.3752, 0.08s 
AO iter 1 - LBFGS: NLL=65.5317  mean_cds=5.640e-09  mean_casa=3.031 deg, 0.22s 
AO iter 2 - EM: NLL=60.8862, 0.30s 
AO iter 2 - LBFGS: NLL=59.4189  mean_cds=5.686e-09  mean_casa=3.165 deg, 0.43s 
AO iter 3 - EM: NLL=58.6827, 0.51s 
AO iter 3 - LBFGS: NLL=57.5723  mean_cds=6.033e-09  mean_casa=3.499 deg, 0.63s 
mc_idx = 73/100, 耗时 81.83s 
AO iter 1 - EM: NLL=39.0880, 0.08s 
AO iter 1 - LBFGS: NLL=33.4931  mean_cds=4.931e-09  mean_casa=2.841 deg, 0.19s 
AO iter 2 - EM: NLL=29.4526, 0.28s 
AO iter 2 - LBFGS: NLL=27.2076  mean_cds=5.362e-09  mean_casa=2.821 deg, 0.40s 
AO iter 3 - EM: NLL=25.8850, 0.48s 
AO iter 3 - LBFGS: NLL=24.9991  mean_cds=5.973e-09  mean_casa=2.766 deg, 0.60s 
mc_idx = 74/100, 耗时 82.93s 
AO iter 1 - EM: NLL=52.5557, 0.09s 
AO iter 1 - LBFGS: NLL=35.3669  mean_cds=5.360e-09  mean_casa=2.754 deg, 0.21s 
AO iter 2 - EM: NLL=28.7251, 0.29s 
AO iter 2 - LBFGS: NLL=26.0436  mean_cds=6.499e-09  mean_casa=2.581 deg, 0.41s 
AO iter 3 - EM: NLL=24.3985, 0.50s 
AO iter 3 - LBFGS: NLL=22.7887  mean_cds=7.321e-09  mean_casa=2.551 deg, 0.62s 
mc_idx = 75/100, 耗时 84.03s 
AO iter 1 - EM: NLL=47.5811, 0.09s 
AO iter 1 - LBFGS: NLL=41.7637  mean_cds=5.267e-09  mean_casa=3.026 deg, 0.22s 
AO iter 2 - EM: NLL=38.9093, 0.31s 
AO iter 2 - LBFGS: NLL=37.2990  mean_cds=5.440e-09  mean_casa=3.107 deg, 0.44s 
AO iter 3 - EM: NLL=36.6870, 0.53s 
AO iter 3 - LBFGS: NLL=35.7106  mean_cds=5.896e-09  mean_casa=3.312 deg, 0.65s 
mc_idx = 76/100, 耗时 85.16s 
AO iter 1 - EM: NLL=0.0863, 0.09s 
AO iter 1 - LBFGS: NLL=-10.2253  mean_cds=4.315e-09  mean_casa=2.815 deg, 0.22s 
AO iter 2 - EM: NLL=-15.9661, 0.31s 
AO iter 2 - LBFGS: NLL=-19.1267  mean_cds=4.241e-09  mean_casa=2.694 deg, 0.43s 
AO iter 3 - EM: NLL=-20.1480, 0.52s 
AO iter 3 - LBFGS: NLL=-22.6386  mean_cds=4.260e-09  mean_casa=2.524 deg, 0.64s 
mc_idx = 77/100, 耗时 86.29s 
AO iter 1 - EM: NLL=10.2672, 0.08s 
AO iter 1 - LBFGS: NLL=4.9511  mean_cds=5.055e-09  mean_casa=2.995 deg, 0.20s 
AO iter 2 - EM: NLL=0.8301, 0.28s 
AO iter 2 - LBFGS: NLL=-0.9409  mean_cds=5.581e-09  mean_casa=3.122 deg, 0.40s 
AO iter 3 - EM: NLL=-1.9821, 0.48s 
AO iter 3 - LBFGS: NLL=-3.4168  mean_cds=6.685e-09  mean_casa=3.839 deg, 0.60s 
mc_idx = 78/100, 耗时 87.41s 
AO iter 1 - EM: NLL=45.3686, 0.08s 
AO iter 1 - LBFGS: NLL=33.5076  mean_cds=4.801e-06  mean_casa=3.270 deg, 0.18s 
AO iter 2 - EM: NLL=27.8246, 0.26s 
AO iter 2 - LBFGS: NLL=26.3659  mean_cds=4.799e-06  mean_casa=3.539 deg, 0.39s 
AO iter 3 - EM: NLL=26.3585, 0.48s 
AO iter 3 - LBFGS: NLL=25.7120  mean_cds=4.792e-06  mean_casa=3.471 deg, 0.60s 
mc_idx = 79/100, 耗时 88.47s 
AO iter 1 - EM: NLL=15.2308, 0.10s 
AO iter 1 - LBFGS: NLL=7.6921  mean_cds=4.996e-09  mean_casa=2.833 deg, 0.23s 
AO iter 2 - EM: NLL=-0.5372, 0.32s 
AO iter 2 - LBFGS: NLL=-1.9239  mean_cds=5.224e-09  mean_casa=2.822 deg, 0.44s 
AO iter 3 - EM: NLL=-3.2232, 0.53s 
AO iter 3 - LBFGS: NLL=-3.8636  mean_cds=5.439e-09  mean_casa=2.822 deg, 0.65s 
mc_idx = 80/100, 耗时 89.62s 
AO iter 1 - EM: NLL=42.8197, 0.09s 
AO iter 1 - LBFGS: NLL=35.0918  mean_cds=5.564e-09  mean_casa=2.705 deg, 0.21s 
AO iter 2 - EM: NLL=30.2457, 0.29s 
AO iter 2 - LBFGS: NLL=29.3382  mean_cds=5.595e-09  mean_casa=2.634 deg, 0.42s 
AO iter 3 - EM: NLL=28.6212, 0.51s 
AO iter 3 - LBFGS: NLL=28.0006  mean_cds=5.792e-09  mean_casa=2.535 deg, 0.63s 
mc_idx = 81/100, 耗时 90.73s 
AO iter 1 - EM: NLL=11.8445, 0.08s 
AO iter 1 - LBFGS: NLL=2.6112  mean_cds=3.510e-09  mean_casa=3.737 deg, 0.20s 
AO iter 2 - EM: NLL=-1.8793, 0.29s 
AO iter 2 - LBFGS: NLL=-2.6240  mean_cds=3.619e-09  mean_casa=3.771 deg, 0.41s 
AO iter 3 - EM: NLL=-3.6169, 0.50s 
AO iter 3 - LBFGS: NLL=-4.2892  mean_cds=3.640e-09  mean_casa=4.079 deg, 0.62s 
mc_idx = 82/100, 耗时 91.82s 
AO iter 1 - EM: NLL=126.9493, 0.08s 
AO iter 1 - LBFGS: NLL=117.9855  mean_cds=8.499e-09  mean_casa=3.085 deg, 0.21s 
AO iter 2 - EM: NLL=106.4092, 0.29s 
AO iter 2 - LBFGS: NLL=103.5640  mean_cds=6.852e-09  mean_casa=3.009 deg, 0.42s 
AO iter 3 - EM: NLL=101.8910, 0.50s 
AO iter 3 - LBFGS: NLL=98.2709  mean_cds=6.825e-09  mean_casa=3.290 deg, 0.65s 
mc_idx = 83/100, 耗时 92.97s 
AO iter 1 - EM: NLL=60.5522, 0.09s 
AO iter 1 - LBFGS: NLL=55.0683  mean_cds=4.785e-09  mean_casa=2.873 deg, 0.21s 
AO iter 2 - EM: NLL=51.7703, 0.30s 
AO iter 2 - LBFGS: NLL=50.6020  mean_cds=4.817e-09  mean_casa=2.809 deg, 0.40s 
AO iter 3 - EM: NLL=50.5978, 0.49s 
AO iter 3 - LBFGS: NLL=50.3179  mean_cds=4.810e-09  mean_casa=2.807 deg, 0.60s 
mc_idx = 84/100, 耗时 94.05s 
AO iter 1 - EM: NLL=29.8248, 0.10s 
AO iter 1 - LBFGS: NLL=21.4350  mean_cds=6.030e-09  mean_casa=2.872 deg, 0.21s 
AO iter 2 - EM: NLL=15.3290, 0.30s 
AO iter 2 - LBFGS: NLL=12.2123  mean_cds=5.819e-09  mean_casa=3.347 deg, 0.43s 
AO iter 3 - EM: NLL=11.7156, 0.51s 
AO iter 3 - LBFGS: NLL=10.7616  mean_cds=6.039e-09  mean_casa=3.051 deg, 0.64s 
mc_idx = 85/100, 耗时 95.22s 
AO iter 1 - EM: NLL=25.3428, 0.10s 
AO iter 1 - LBFGS: NLL=16.6952  mean_cds=4.953e-09  mean_casa=2.934 deg, 0.24s 
AO iter 2 - EM: NLL=11.7768, 0.33s 
AO iter 2 - LBFGS: NLL=9.6993  mean_cds=5.103e-09  mean_casa=2.923 deg, 0.47s 
AO iter 3 - EM: NLL=8.7618, 0.56s 
AO iter 3 - LBFGS: NLL=5.8147  mean_cds=5.845e-09  mean_casa=3.215 deg, 0.68s 
mc_idx = 86/100, 耗时 96.43s 
AO iter 1 - EM: NLL=-8.9647, 0.09s 
AO iter 1 - LBFGS: NLL=-18.8593  mean_cds=5.921e-09  mean_casa=2.839 deg, 0.23s 
AO iter 2 - EM: NLL=-22.0094, 0.33s 
AO iter 2 - LBFGS: NLL=-26.0337  mean_cds=7.003e-09  mean_casa=2.667 deg, 0.45s 
AO iter 3 - EM: NLL=-26.5217, 0.55s 
AO iter 3 - LBFGS: NLL=-27.4290  mean_cds=7.542e-09  mean_casa=2.675 deg, 0.67s 
mc_idx = 87/100, 耗时 97.64s 
AO iter 1 - EM: NLL=51.5430, 0.09s 
AO iter 1 - LBFGS: NLL=48.1129  mean_cds=4.888e-09  mean_casa=2.938 deg, 0.21s 
AO iter 2 - EM: NLL=45.5208, 0.29s 
AO iter 2 - LBFGS: NLL=42.9908  mean_cds=5.344e-09  mean_casa=2.909 deg, 0.41s 
AO iter 3 - EM: NLL=42.2265, 0.49s 
AO iter 3 - LBFGS: NLL=40.4863  mean_cds=5.995e-09  mean_casa=2.981 deg, 0.61s 
mc_idx = 88/100, 耗时 98.73s 
AO iter 1 - EM: NLL=74.8718, 0.09s 
AO iter 1 - LBFGS: NLL=71.2320  mean_cds=4.633e-09  mean_casa=2.998 deg, 0.22s 
AO iter 2 - EM: NLL=63.0905, 0.31s 
AO iter 2 - LBFGS: NLL=61.0628  mean_cds=4.679e-09  mean_casa=3.082 deg, 0.43s 
AO iter 3 - EM: NLL=60.0259, 0.51s 
AO iter 3 - LBFGS: NLL=59.0428  mean_cds=4.681e-09  mean_casa=3.305 deg, 0.63s 
mc_idx = 89/100, 耗时 99.84s 
AO iter 1 - EM: NLL=6.1009, 0.09s 
AO iter 1 - LBFGS: NLL=-1.7789  mean_cds=5.060e-09  mean_casa=2.909 deg, 0.22s 
AO iter 2 - EM: NLL=-9.4209, 0.31s 
AO iter 2 - LBFGS: NLL=-13.4000  mean_cds=5.416e-09  mean_casa=3.175 deg, 0.43s 
AO iter 3 - EM: NLL=-14.6155, 0.51s 
AO iter 3 - LBFGS: NLL=-15.5255  mean_cds=5.613e-09  mean_casa=3.094 deg, 0.62s 
mc_idx = 90/100, 耗时 100.95s 
AO iter 1 - EM: NLL=21.9707, 0.09s 
AO iter 1 - LBFGS: NLL=15.5036  mean_cds=5.244e-09  mean_casa=2.864 deg, 0.21s 
AO iter 2 - EM: NLL=10.8138, 0.29s 
AO iter 2 - LBFGS: NLL=8.2584  mean_cds=5.534e-09  mean_casa=3.006 deg, 0.40s 
AO iter 3 - EM: NLL=6.6235, 0.48s 
AO iter 3 - LBFGS: NLL=4.8978  mean_cds=5.859e-09  mean_casa=3.361 deg, 0.60s 
mc_idx = 91/100, 耗时 102.03s 
AO iter 1 - EM: NLL=53.1180, 0.09s 
AO iter 1 - LBFGS: NLL=39.6378  mean_cds=4.645e-09  mean_casa=3.366 deg, 0.20s 
AO iter 2 - EM: NLL=37.8763, 0.29s 
AO iter 2 - LBFGS: NLL=37.4489  mean_cds=4.568e-09  mean_casa=3.634 deg, 0.41s 
AO iter 3 - EM: NLL=37.1968, 0.51s 
AO iter 3 - LBFGS: NLL=36.7572  mean_cds=4.466e-09  mean_casa=4.092 deg, 0.63s 
mc_idx = 92/100, 耗时 103.13s 
AO iter 1 - EM: NLL=53.9758, 0.09s 
AO iter 1 - LBFGS: NLL=48.9578  mean_cds=4.430e-09  mean_casa=3.074 deg, 0.23s 
AO iter 2 - EM: NLL=44.5155, 0.32s 
AO iter 2 - LBFGS: NLL=42.2103  mean_cds=4.457e-09  mean_casa=3.216 deg, 0.45s 
AO iter 3 - EM: NLL=41.1904, 0.54s 
AO iter 3 - LBFGS: NLL=38.4903  mean_cds=4.478e-09  mean_casa=4.169 deg, 0.67s 
mc_idx = 93/100, 耗时 104.29s 
AO iter 1 - EM: NLL=48.0522, 0.08s 
AO iter 1 - LBFGS: NLL=41.8164  mean_cds=5.848e-09  mean_casa=2.892 deg, 0.19s 
AO iter 2 - EM: NLL=36.5615, 0.28s 
AO iter 2 - LBFGS: NLL=33.2853  mean_cds=7.144e-09  mean_casa=2.950 deg, 0.40s 
AO iter 3 - EM: NLL=32.0939, 0.49s 
AO iter 3 - LBFGS: NLL=30.7557  mean_cds=9.521e-09  mean_casa=3.019 deg, 0.60s 
mc_idx = 94/100, 耗时 105.38s 
AO iter 1 - EM: NLL=89.3738, 0.08s 
AO iter 1 - LBFGS: NLL=81.8796  mean_cds=4.832e-09  mean_casa=3.602 deg, 0.20s 
AO iter 2 - EM: NLL=68.2329, 0.30s 
AO iter 2 - LBFGS: NLL=65.5416  mean_cds=5.039e-09  mean_casa=3.883 deg, 0.43s 
AO iter 3 - EM: NLL=63.6405, 0.51s 
AO iter 3 - LBFGS: NLL=62.2224  mean_cds=4.919e-09  mean_casa=5.336 deg, 0.63s 
mc_idx = 95/100, 耗时 106.47s 
AO iter 1 - EM: NLL=40.3437, 0.09s 
AO iter 1 - LBFGS: NLL=29.8710  mean_cds=5.486e-09  mean_casa=3.391 deg, 0.21s 
AO iter 2 - EM: NLL=25.1597, 0.29s 
AO iter 2 - LBFGS: NLL=19.9653  mean_cds=5.582e-09  mean_casa=3.831 deg, 0.42s 
AO iter 3 - EM: NLL=18.6287, 0.51s 
AO iter 3 - LBFGS: NLL=16.7691  mean_cds=5.875e-09  mean_casa=3.702 deg, 0.64s 
mc_idx = 96/100, 耗时 107.59s 
AO iter 1 - EM: NLL=89.2524, 0.09s 
AO iter 1 - LBFGS: NLL=84.2154  mean_cds=5.072e-09  mean_casa=3.041 deg, 0.21s 
AO iter 2 - EM: NLL=79.3357, 0.32s 
AO iter 2 - LBFGS: NLL=76.8527  mean_cds=5.186e-09  mean_casa=3.064 deg, 0.45s 
AO iter 3 - EM: NLL=75.6970, 0.53s 
AO iter 3 - LBFGS: NLL=73.0420  mean_cds=5.073e-09  mean_casa=3.203 deg, 0.64s 
mc_idx = 97/100, 耗时 108.72s 
AO iter 1 - EM: NLL=-9.4206, 0.09s 
AO iter 1 - LBFGS: NLL=-17.9721  mean_cds=6.477e-09  mean_casa=2.845 deg, 0.22s 
AO iter 2 - EM: NLL=-20.9621, 0.30s 
AO iter 2 - LBFGS: NLL=-21.9853  mean_cds=6.268e-09  mean_casa=2.820 deg, 0.42s 
AO iter 3 - EM: NLL=-22.5243, 0.51s 
AO iter 3 - LBFGS: NLL=-23.8017  mean_cds=7.691e-09  mean_casa=2.856 deg, 0.64s 
mc_idx = 98/100, 耗时 109.86s 
AO iter 1 - EM: NLL=13.5222, 0.09s 
AO iter 1 - LBFGS: NLL=8.9317  mean_cds=4.247e-09  mean_casa=2.884 deg, 0.20s 
AO iter 2 - EM: NLL=4.1178, 0.29s 
AO iter 2 - LBFGS: NLL=2.6629  mean_cds=4.284e-09  mean_casa=2.928 deg, 0.40s 
AO iter 3 - EM: NLL=1.8478, 0.49s 
AO iter 3 - LBFGS: NLL=1.2564  mean_cds=4.371e-09  mean_casa=2.975 deg, 0.61s 
mc_idx = 99/100, 耗时 110.95s 
AO iter 1 - EM: NLL=-30.4964, 0.09s 
AO iter 1 - LBFGS: NLL=-36.8521  mean_cds=4.319e-09  mean_casa=2.933 deg, 0.22s 
AO iter 2 - EM: NLL=-44.0775, 0.31s 
AO iter 2 - LBFGS: NLL=-45.9846  mean_cds=4.257e-09  mean_casa=2.945 deg, 0.43s 
AO iter 3 - EM: NLL=-47.5679, 0.52s 
AO iter 3 - LBFGS: NLL=-48.5702  mean_cds=4.281e-09  mean_casa=2.946 deg, 0.65s 
mc_idx = 100/100, 耗时 112.09s 

====== Kp = 32 (1/2) finished, consumed 112.1s ======

开始MonteCarlo仿真...... 
AO iter 1 - EM: NLL=39.0872, 0.10s 
AO iter 1 - LBFGS: NLL=14.1643  mean_cds=4.745e-09  mean_casa=2.992 deg, 0.25s 
AO iter 2 - EM: NLL=-3.0766, 0.35s 
AO iter 2 - LBFGS: NLL=-6.2677  mean_cds=4.856e-09  mean_casa=2.968 deg, 0.48s 
AO iter 3 - EM: NLL=-8.5653, 0.57s 
AO iter 3 - LBFGS: NLL=-13.9135  mean_cds=5.808e-09  mean_casa=2.971 deg, 0.69s 
mc_idx = 1/100, 耗时 1.26s 
AO iter 1 - EM: NLL=0.8374, 0.09s 
AO iter 1 - LBFGS: NLL=-16.2680  mean_cds=5.165e-09  mean_casa=3.266 deg, 0.24s 
AO iter 2 - EM: NLL=-20.3739, 0.33s 
AO iter 2 - LBFGS: NLL=-22.3966  mean_cds=6.686e-09  mean_casa=3.512 deg, 0.45s 
AO iter 3 - EM: NLL=-22.6282, 0.54s 
AO iter 3 - LBFGS: NLL=-22.8146  mean_cds=6.649e-09  mean_casa=3.468 deg, 0.68s 
mc_idx = 2/100, 耗时 2.46s 
AO iter 1 - EM: NLL=-4.1556, 0.09s 
AO iter 1 - LBFGS: NLL=-19.1247  mean_cds=5.003e-09  mean_casa=2.962 deg, 0.24s 
AO iter 2 - EM: NLL=-25.0231, 0.32s 
AO iter 2 - LBFGS: NLL=-30.2332  mean_cds=5.770e-09  mean_casa=3.118 deg, 0.46s 
AO iter 3 - EM: NLL=-31.1042, 0.56s 
AO iter 3 - LBFGS: NLL=-31.8412  mean_cds=5.997e-09  mean_casa=3.147 deg, 0.70s 
mc_idx = 3/100, 耗时 3.70s 
AO iter 1 - EM: NLL=160.5046, 0.09s 
AO iter 1 - LBFGS: NLL=125.2210  mean_cds=3.976e-09  mean_casa=3.071 deg, 0.24s 
AO iter 2 - EM: NLL=121.9786, 0.34s 
AO iter 2 - LBFGS: NLL=112.1256  mean_cds=3.918e-09  mean_casa=3.256 deg, 0.48s 
AO iter 3 - EM: NLL=110.5205, 0.56s 
AO iter 3 - LBFGS: NLL=107.1974  mean_cds=3.988e-09  mean_casa=3.553 deg, 0.70s 
mc_idx = 4/100, 耗时 4.91s 
AO iter 1 - EM: NLL=63.5602, 0.08s 
AO iter 1 - LBFGS: NLL=46.3600  mean_cds=4.841e-09  mean_casa=2.941 deg, 0.23s 
AO iter 2 - EM: NLL=35.2879, 0.33s 
AO iter 2 - LBFGS: NLL=29.9599  mean_cds=5.101e-09  mean_casa=3.218 deg, 0.45s 
AO iter 3 - EM: NLL=29.2683, 0.55s 
AO iter 3 - LBFGS: NLL=28.4818  mean_cds=4.989e-09  mean_casa=3.203 deg, 0.69s 
mc_idx = 5/100, 耗时 6.10s 
AO iter 1 - EM: NLL=104.7736, 0.10s 
AO iter 1 - LBFGS: NLL=78.2614  mean_cds=4.601e-09  mean_casa=2.792 deg, 0.23s 
AO iter 2 - EM: NLL=70.5090, 0.33s 
AO iter 2 - LBFGS: NLL=66.0720  mean_cds=5.066e-09  mean_casa=2.830 deg, 0.47s 
AO iter 3 - EM: NLL=65.0493, 0.55s 
AO iter 3 - LBFGS: NLL=62.7811  mean_cds=5.754e-09  mean_casa=3.124 deg, 0.70s 
mc_idx = 6/100, 耗时 7.35s 
AO iter 1 - EM: NLL=43.7605, 0.08s 
AO iter 1 - LBFGS: NLL=36.0805  mean_cds=4.914e-09  mean_casa=2.991 deg, 0.22s 
AO iter 2 - EM: NLL=32.1330, 0.30s 
AO iter 2 - LBFGS: NLL=29.0212  mean_cds=5.126e-09  mean_casa=3.005 deg, 0.43s 
AO iter 3 - EM: NLL=27.8516, 0.53s 
AO iter 3 - LBFGS: NLL=24.5845  mean_cds=5.941e-09  mean_casa=3.072 deg, 0.65s 
mc_idx = 7/100, 耗时 8.49s 
AO iter 1 - EM: NLL=88.7036, 0.09s 
AO iter 1 - LBFGS: NLL=64.8879  mean_cds=5.037e-09  mean_casa=3.035 deg, 0.22s 
AO iter 2 - EM: NLL=57.5366, 0.31s 
AO iter 2 - LBFGS: NLL=53.0770  mean_cds=5.407e-09  mean_casa=3.155 deg, 0.44s 
AO iter 3 - EM: NLL=50.8884, 0.54s 
AO iter 3 - LBFGS: NLL=46.3099  mean_cds=6.639e-09  mean_casa=3.540 deg, 0.68s 
mc_idx = 8/100, 耗时 9.69s 
AO iter 1 - EM: NLL=40.1812, 0.09s 
AO iter 1 - LBFGS: NLL=26.5537  mean_cds=5.212e-09  mean_casa=2.935 deg, 0.23s 
AO iter 2 - EM: NLL=22.6807, 0.33s 
AO iter 2 - LBFGS: NLL=20.7659  mean_cds=5.527e-09  mean_casa=2.912 deg, 0.47s 
AO iter 3 - EM: NLL=20.1649, 0.56s 
AO iter 3 - LBFGS: NLL=18.3615  mean_cds=6.068e-09  mean_casa=2.923 deg, 0.69s 
mc_idx = 9/100, 耗时 10.91s 
AO iter 1 - EM: NLL=82.3354, 0.10s 
AO iter 1 - LBFGS: NLL=69.8761  mean_cds=4.977e-09  mean_casa=3.235 deg, 0.23s 
AO iter 2 - EM: NLL=62.3739, 0.32s 
AO iter 2 - LBFGS: NLL=58.3803  mean_cds=5.075e-09  mean_casa=3.451 deg, 0.47s 
AO iter 3 - EM: NLL=56.4225, 0.57s 
AO iter 3 - LBFGS: NLL=55.0370  mean_cds=5.234e-09  mean_casa=3.669 deg, 0.69s 
mc_idx = 10/100, 耗时 12.15s 
AO iter 1 - EM: NLL=-15.9333, 0.10s 
AO iter 1 - LBFGS: NLL=-25.7797  mean_cds=4.823e-09  mean_casa=3.097 deg, 0.24s 
AO iter 2 - EM: NLL=-36.7886, 0.33s 
AO iter 2 - LBFGS: NLL=-39.9343  mean_cds=4.957e-09  mean_casa=3.300 deg, 0.46s 
AO iter 3 - EM: NLL=-40.9670, 0.54s 
AO iter 3 - LBFGS: NLL=-45.0374  mean_cds=5.625e-09  mean_casa=4.325 deg, 0.67s 
mc_idx = 11/100, 耗时 13.35s 
AO iter 1 - EM: NLL=-43.9402, 0.09s 
AO iter 1 - LBFGS: NLL=-48.4563  mean_cds=4.537e-09  mean_casa=3.031 deg, 0.23s 
AO iter 2 - EM: NLL=-54.9717, 0.32s 
AO iter 2 - LBFGS: NLL=-56.3697  mean_cds=4.459e-09  mean_casa=3.088 deg, 0.47s 
AO iter 3 - EM: NLL=-56.9218, 0.56s 
AO iter 3 - LBFGS: NLL=-58.5505  mean_cds=4.177e-09  mean_casa=3.372 deg, 0.70s 
mc_idx = 12/100, 耗时 14.57s 
AO iter 1 - EM: NLL=115.1169, 0.10s 
AO iter 1 - LBFGS: NLL=98.6526  mean_cds=5.597e-09  mean_casa=5.761 deg, 0.23s 
AO iter 2 - EM: NLL=98.5511, 0.33s 
AO iter 2 - LBFGS: NLL=90.2788  mean_cds=5.341e-09  mean_casa=4.365 deg, 0.48s 
AO iter 3 - EM: NLL=75.6352, 0.57s 
AO iter 3 - LBFGS: NLL=74.8152  mean_cds=5.226e-09  mean_casa=4.197 deg, 0.71s 
mc_idx = 13/100, 耗时 15.83s 
AO iter 1 - EM: NLL=26.0097, 0.09s 
AO iter 1 - LBFGS: NLL=5.3732  mean_cds=5.423e-09  mean_casa=3.220 deg, 0.24s 
AO iter 2 - EM: NLL=0.8372, 0.33s 
AO iter 2 - LBFGS: NLL=-3.3979  mean_cds=6.624e-09  mean_casa=3.563 deg, 0.46s 
AO iter 3 - EM: NLL=-3.7006, 0.55s 
AO iter 3 - LBFGS: NLL=-4.3647  mean_cds=6.420e-09  mean_casa=3.587 deg, 0.68s 
mc_idx = 14/100, 耗时 17.04s 
AO iter 1 - EM: NLL=-50.8270, 0.10s 
AO iter 1 - LBFGS: NLL=-59.0124  mean_cds=4.807e-09  mean_casa=2.882 deg, 0.25s 
AO iter 2 - EM: NLL=-69.3394, 0.34s 
AO iter 2 - LBFGS: NLL=-71.2090  mean_cds=4.869e-09  mean_casa=2.830 deg, 0.47s 
AO iter 3 - EM: NLL=-72.1863, 0.56s 
AO iter 3 - LBFGS: NLL=-73.7439  mean_cds=5.007e-09  mean_casa=2.778 deg, 0.70s 
mc_idx = 15/100, 耗时 18.27s 
AO iter 1 - EM: NLL=63.7503, 0.08s 
AO iter 1 - LBFGS: NLL=54.4215  mean_cds=4.758e-09  mean_casa=2.910 deg, 0.23s 
AO iter 2 - EM: NLL=47.7101, 0.33s 
AO iter 2 - LBFGS: NLL=44.7533  mean_cds=4.814e-09  mean_casa=2.870 deg, 0.48s 
AO iter 3 - EM: NLL=43.5320, 0.57s 
AO iter 3 - LBFGS: NLL=40.9139  mean_cds=4.872e-09  mean_casa=2.802 deg, 0.71s 
mc_idx = 16/100, 耗时 19.52s 
AO iter 1 - EM: NLL=-4.7999, 0.09s 
AO iter 1 - LBFGS: NLL=-10.2576  mean_cds=4.880e-09  mean_casa=2.995 deg, 0.24s 
AO iter 2 - EM: NLL=-16.3280, 0.33s 
AO iter 2 - LBFGS: NLL=-20.8448  mean_cds=5.005e-09  mean_casa=3.102 deg, 0.46s 
AO iter 3 - EM: NLL=-22.4737, 0.56s 
AO iter 3 - LBFGS: NLL=-25.2665  mean_cds=5.294e-09  mean_casa=3.337 deg, 0.69s 
mc_idx = 17/100, 耗时 20.73s 
AO iter 1 - EM: NLL=58.2486, 0.09s 
AO iter 1 - LBFGS: NLL=34.9867  mean_cds=5.207e-09  mean_casa=3.199 deg, 0.24s 
AO iter 2 - EM: NLL=29.3050, 0.32s 
AO iter 2 - LBFGS: NLL=26.7411  mean_cds=5.542e-09  mean_casa=3.344 deg, 0.45s 
AO iter 3 - EM: NLL=25.4713, 0.54s 
AO iter 3 - LBFGS: NLL=24.2669  mean_cds=5.625e-09  mean_casa=3.446 deg, 0.68s 
mc_idx = 18/100, 耗时 21.92s 
AO iter 1 - EM: NLL=-27.8213, 0.10s 
AO iter 1 - LBFGS: NLL=-62.6253  mean_cds=4.784e-09  mean_casa=3.510 deg, 0.23s 
AO iter 2 - EM: NLL=-67.2160, 0.32s 
AO iter 2 - LBFGS: NLL=-71.5832  mean_cds=5.466e-09  mean_casa=3.509 deg, 0.45s 
AO iter 3 - EM: NLL=-73.0909, 0.55s 
AO iter 3 - LBFGS: NLL=-74.3400  mean_cds=6.136e-09  mean_casa=3.644 deg, 0.67s 
mc_idx = 19/100, 耗时 23.10s 
AO iter 1 - EM: NLL=20.9330, 0.10s 
AO iter 1 - LBFGS: NLL=10.0721  mean_cds=5.074e-09  mean_casa=3.235 deg, 0.24s 
AO iter 2 - EM: NLL=4.6829, 0.33s 
AO iter 2 - LBFGS: NLL=2.2694  mean_cds=5.273e-09  mean_casa=3.389 deg, 0.47s 
AO iter 3 - EM: NLL=1.4324, 0.56s 
AO iter 3 - LBFGS: NLL=-1.8926  mean_cds=6.393e-09  mean_casa=3.365 deg, 0.68s 
mc_idx = 20/100, 耗时 24.31s 
AO iter 1 - EM: NLL=24.7934, 0.09s 
AO iter 1 - LBFGS: NLL=16.9595  mean_cds=5.371e-09  mean_casa=2.941 deg, 0.24s 
AO iter 2 - EM: NLL=10.3281, 0.34s 
AO iter 2 - LBFGS: NLL=8.2967  mean_cds=5.680e-09  mean_casa=2.958 deg, 0.47s 
AO iter 3 - EM: NLL=7.1403, 0.55s 
AO iter 3 - LBFGS: NLL=3.4233  mean_cds=6.987e-09  mean_casa=3.287 deg, 0.67s 
mc_idx = 21/100, 耗时 25.50s 
AO iter 1 - EM: NLL=18.1295, 0.09s 
AO iter 1 - LBFGS: NLL=3.6702  mean_cds=6.594e-09  mean_casa=2.850 deg, 0.22s 
AO iter 2 - EM: NLL=-6.9488, 0.32s 
AO iter 2 - LBFGS: NLL=-9.3608  mean_cds=6.743e-09  mean_casa=2.839 deg, 0.45s 
AO iter 3 - EM: NLL=-9.9094, 0.55s 
AO iter 3 - LBFGS: NLL=-11.1798  mean_cds=8.370e-09  mean_casa=2.822 deg, 0.68s 
mc_idx = 22/100, 耗时 26.71s 
AO iter 1 - EM: NLL=-37.6311, 0.09s 
AO iter 1 - LBFGS: NLL=-62.0889  mean_cds=4.341e-09  mean_casa=3.120 deg, 0.23s 
AO iter 2 - EM: NLL=-67.1318, 0.33s 
AO iter 2 - LBFGS: NLL=-70.5863  mean_cds=4.574e-09  mean_casa=3.858 deg, 0.46s 
AO iter 3 - EM: NLL=-71.1337, 0.56s 
AO iter 3 - LBFGS: NLL=-72.1033  mean_cds=4.956e-09  mean_casa=3.818 deg, 0.69s 
mc_idx = 23/100, 耗时 27.92s 
AO iter 1 - EM: NLL=60.2521, 0.09s 
AO iter 1 - LBFGS: NLL=53.6479  mean_cds=4.936e-09  mean_casa=3.171 deg, 0.23s 
AO iter 2 - EM: NLL=49.9583, 0.32s 
AO iter 2 - LBFGS: NLL=47.7038  mean_cds=5.139e-09  mean_casa=3.354 deg, 0.45s 
AO iter 3 - EM: NLL=46.8083, 0.55s 
AO iter 3 - LBFGS: NLL=43.3422  mean_cds=6.177e-09  mean_casa=4.305 deg, 0.67s 
mc_idx = 24/100, 耗时 29.10s 
AO iter 1 - EM: NLL=38.4390, 0.09s 
AO iter 1 - LBFGS: NLL=17.5731  mean_cds=5.191e-09  mean_casa=2.949 deg, 0.21s 
AO iter 2 - EM: NLL=14.3334, 0.30s 
AO iter 2 - LBFGS: NLL=11.5212  mean_cds=5.276e-09  mean_casa=2.959 deg, 0.44s 
AO iter 3 - EM: NLL=9.7819, 0.53s 
AO iter 3 - LBFGS: NLL=8.0377  mean_cds=5.342e-09  mean_casa=2.998 deg, 0.66s 
mc_idx = 25/100, 耗时 30.29s 
AO iter 1 - EM: NLL=-16.2437, 0.09s 
AO iter 1 - LBFGS: NLL=-33.0817  mean_cds=4.747e-09  mean_casa=3.556 deg, 0.24s 
AO iter 2 - EM: NLL=-37.6718, 0.33s 
AO iter 2 - LBFGS: NLL=-41.5072  mean_cds=4.900e-09  mean_casa=3.574 deg, 0.49s 
AO iter 3 - EM: NLL=-43.0329, 0.57s 
AO iter 3 - LBFGS: NLL=-45.8736  mean_cds=5.058e-09  mean_casa=3.942 deg, 0.71s 
mc_idx = 26/100, 耗时 31.53s 
AO iter 1 - EM: NLL=-6.6358, 0.08s 
AO iter 1 - LBFGS: NLL=-11.8047  mean_cds=4.992e-09  mean_casa=2.867 deg, 0.22s 
AO iter 2 - EM: NLL=-20.3209, 0.31s 
AO iter 2 - LBFGS: NLL=-21.7776  mean_cds=5.109e-09  mean_casa=2.844 deg, 0.46s 
AO iter 3 - EM: NLL=-23.2354, 0.54s 
AO iter 3 - LBFGS: NLL=-26.1434  mean_cds=5.560e-09  mean_casa=3.073 deg, 0.67s 
mc_idx = 27/100, 耗时 32.74s 
AO iter 1 - EM: NLL=-49.9373, 0.10s 
AO iter 1 - LBFGS: NLL=-63.4249  mean_cds=4.763e-09  mean_casa=2.930 deg, 0.25s 
AO iter 2 - EM: NLL=-74.4182, 0.35s 
AO iter 2 - LBFGS: NLL=-77.6362  mean_cds=4.788e-09  mean_casa=3.152 deg, 0.47s 
AO iter 3 - EM: NLL=-80.7018, 0.56s 
AO iter 3 - LBFGS: NLL=-82.4287  mean_cds=4.803e-09  mean_casa=3.220 deg, 0.70s 
mc_idx = 28/100, 耗时 33.96s 
AO iter 1 - EM: NLL=46.1940, 0.08s 
AO iter 1 - LBFGS: NLL=34.5158  mean_cds=4.910e-09  mean_casa=3.074 deg, 0.23s 
AO iter 2 - EM: NLL=30.2936, 0.33s 
AO iter 2 - LBFGS: NLL=27.5982  mean_cds=5.126e-09  mean_casa=3.306 deg, 0.46s 
AO iter 3 - EM: NLL=26.7987, 0.56s 
AO iter 3 - LBFGS: NLL=25.5898  mean_cds=5.278e-09  mean_casa=3.707 deg, 0.69s 
mc_idx = 29/100, 耗时 35.19s 
AO iter 1 - EM: NLL=78.8636, 0.08s 
AO iter 1 - LBFGS: NLL=61.6758  mean_cds=5.114e-09  mean_casa=3.417 deg, 0.22s 
AO iter 2 - EM: NLL=59.7665, 0.32s 
AO iter 2 - LBFGS: NLL=50.9887  mean_cds=5.131e-09  mean_casa=3.596 deg, 0.46s 
AO iter 3 - EM: NLL=48.7973, 0.55s 
AO iter 3 - LBFGS: NLL=46.2124  mean_cds=5.230e-09  mean_casa=3.750 deg, 0.70s 
mc_idx = 30/100, 耗时 36.41s 
AO iter 1 - EM: NLL=-8.2638, 0.10s 
AO iter 1 - LBFGS: NLL=-20.6153  mean_cds=4.660e-09  mean_casa=3.869 deg, 0.23s 
AO iter 2 - EM: NLL=-25.7403, 0.32s 
AO iter 2 - LBFGS: NLL=-36.7014  mean_cds=4.580e-09  mean_casa=5.009 deg, 0.46s 
AO iter 3 - EM: NLL=-36.8415, 0.55s 
AO iter 3 - LBFGS: NLL=-38.3731  mean_cds=4.510e-09  mean_casa=5.011 deg, 0.69s 
mc_idx = 31/100, 耗时 37.64s 
AO iter 1 - EM: NLL=-72.4142, 0.09s 
AO iter 1 - LBFGS: NLL=-90.1137  mean_cds=5.261e-09  mean_casa=2.917 deg, 0.23s 
AO iter 2 - EM: NLL=-98.4025, 0.33s 
AO iter 2 - LBFGS: NLL=-103.6477  mean_cds=5.573e-09  mean_casa=2.920 deg, 0.47s 
AO iter 3 - EM: NLL=-106.2836, 0.56s 
AO iter 3 - LBFGS: NLL=-108.5777  mean_cds=5.892e-09  mean_casa=2.956 deg, 0.70s 
mc_idx = 32/100, 耗时 38.84s 
AO iter 1 - EM: NLL=60.8094, 0.09s 
AO iter 1 - LBFGS: NLL=52.6747  mean_cds=4.695e-09  mean_casa=3.037 deg, 0.24s 
AO iter 2 - EM: NLL=49.0763, 0.33s 
AO iter 2 - LBFGS: NLL=46.5435  mean_cds=4.711e-09  mean_casa=3.084 deg, 0.46s 
AO iter 3 - EM: NLL=45.6900, 0.56s 
AO iter 3 - LBFGS: NLL=41.4530  mean_cds=4.640e-09  mean_casa=3.600 deg, 0.68s 
mc_idx = 33/100, 耗时 40.05s 
AO iter 1 - EM: NLL=-8.4338, 0.08s 
AO iter 1 - LBFGS: NLL=-24.6339  mean_cds=4.309e-09  mean_casa=3.135 deg, 0.21s 
AO iter 2 - EM: NLL=-33.9242, 0.31s 
AO iter 2 - LBFGS: NLL=-38.3222  mean_cds=4.465e-09  mean_casa=3.380 deg, 0.44s 
AO iter 3 - EM: NLL=-40.6386, 0.54s 
AO iter 3 - LBFGS: NLL=-41.8147  mean_cds=4.533e-09  mean_casa=3.484 deg, 0.67s 
mc_idx = 34/100, 耗时 41.23s 
AO iter 1 - EM: NLL=9.4639, 0.10s 
AO iter 1 - LBFGS: NLL=-11.2592  mean_cds=4.962e-09  mean_casa=3.028 deg, 0.24s 
AO iter 2 - EM: NLL=-25.4763, 0.33s 
AO iter 2 - LBFGS: NLL=-35.6665  mean_cds=4.080e-09  mean_casa=3.107 deg, 0.47s 
AO iter 3 - EM: NLL=-36.0165, 0.57s 
AO iter 3 - LBFGS: NLL=-38.0765  mean_cds=3.840e-09  mean_casa=3.325 deg, 0.70s 
mc_idx = 35/100, 耗时 42.45s 
AO iter 1 - EM: NLL=74.0744, 0.10s 
AO iter 1 - LBFGS: NLL=60.4854  mean_cds=4.230e-09  mean_casa=3.384 deg, 0.24s 
AO iter 2 - EM: NLL=55.6033, 0.32s 
AO iter 2 - LBFGS: NLL=49.9330  mean_cds=4.426e-09  mean_casa=3.632 deg, 0.45s 
AO iter 3 - EM: NLL=45.3133, 0.54s 
AO iter 3 - LBFGS: NLL=43.8141  mean_cds=4.515e-09  mean_casa=3.701 deg, 0.68s 
mc_idx = 36/100, 耗时 43.64s 
AO iter 1 - EM: NLL=23.8160, 0.09s 
AO iter 1 - LBFGS: NLL=10.6085  mean_cds=4.945e-09  mean_casa=3.083 deg, 0.24s 
AO iter 2 - EM: NLL=5.0395, 0.32s 
AO iter 2 - LBFGS: NLL=2.1396  mean_cds=5.357e-09  mean_casa=3.259 deg, 0.46s 
AO iter 3 - EM: NLL=1.1817, 0.55s 
AO iter 3 - LBFGS: NLL=-1.1286  mean_cds=6.110e-09  mean_casa=3.798 deg, 0.67s 
mc_idx = 37/100, 耗时 44.81s 
AO iter 1 - EM: NLL=2.1698, 0.10s 
AO iter 1 - LBFGS: NLL=-9.7465  mean_cds=4.762e-09  mean_casa=2.974 deg, 0.24s 
AO iter 2 - EM: NLL=-19.2046, 0.33s 
AO iter 2 - LBFGS: NLL=-26.6697  mean_cds=5.038e-09  mean_casa=3.140 deg, 0.48s 
AO iter 3 - EM: NLL=-30.3303, 0.58s 
AO iter 3 - LBFGS: NLL=-32.0381  mean_cds=5.211e-09  mean_casa=3.234 deg, 0.71s 
mc_idx = 38/100, 耗时 46.03s 
AO iter 1 - EM: NLL=19.0626, 0.08s 
AO iter 1 - LBFGS: NLL=-1.6106  mean_cds=5.300e-09  mean_casa=2.911 deg, 0.23s 
AO iter 2 - EM: NLL=-9.2636, 0.31s 
AO iter 2 - LBFGS: NLL=-12.0429  mean_cds=5.409e-09  mean_casa=3.025 deg, 0.44s 
AO iter 3 - EM: NLL=-13.3312, 0.53s 
AO iter 3 - LBFGS: NLL=-14.6629  mean_cds=5.522e-09  mean_casa=3.152 deg, 0.66s 
mc_idx = 39/100, 耗时 47.21s 
AO iter 1 - EM: NLL=25.7375, 0.08s 
AO iter 1 - LBFGS: NLL=7.4652  mean_cds=4.981e-09  mean_casa=2.895 deg, 0.22s 
AO iter 2 - EM: NLL=0.0317, 0.31s 
AO iter 2 - LBFGS: NLL=-2.8715  mean_cds=4.960e-09  mean_casa=2.878 deg, 0.45s 
AO iter 3 - EM: NLL=-3.8651, 0.54s 
AO iter 3 - LBFGS: NLL=-8.1031  mean_cds=5.071e-09  mean_casa=2.944 deg, 0.67s 
mc_idx = 40/100, 耗时 48.39s 
AO iter 1 - EM: NLL=-15.2218, 0.09s 
AO iter 1 - LBFGS: NLL=-36.3055  mean_cds=5.433e-09  mean_casa=2.783 deg, 0.23s 
AO iter 2 - EM: NLL=-44.9729, 0.31s 
AO iter 2 - LBFGS: NLL=-49.4776  mean_cds=5.860e-09  mean_casa=2.694 deg, 0.45s 
AO iter 3 - EM: NLL=-51.5211, 0.53s 
AO iter 3 - LBFGS: NLL=-52.8833  mean_cds=6.040e-09  mean_casa=2.655 deg, 0.67s 
mc_idx = 41/100, 耗时 49.57s 
AO iter 1 - EM: NLL=18.8778, 0.09s 
AO iter 1 - LBFGS: NLL=-4.6142  mean_cds=4.572e-09  mean_casa=3.070 deg, 0.23s 
AO iter 2 - EM: NLL=-14.7724, 0.32s 
AO iter 2 - LBFGS: NLL=-21.4962  mean_cds=4.852e-09  mean_casa=3.460 deg, 0.45s 
AO iter 3 - EM: NLL=-24.0303, 0.54s 
AO iter 3 - LBFGS: NLL=-25.9331  mean_cds=4.875e-09  mean_casa=3.586 deg, 0.67s 
mc_idx = 42/100, 耗时 50.76s 
AO iter 1 - EM: NLL=44.7103, 0.10s 
AO iter 1 - LBFGS: NLL=29.0357  mean_cds=5.513e-09  mean_casa=2.949 deg, 0.24s 
AO iter 2 - EM: NLL=22.1177, 0.33s 
AO iter 2 - LBFGS: NLL=19.1064  mean_cds=5.746e-09  mean_casa=3.011 deg, 0.48s 
AO iter 3 - EM: NLL=17.8355, 0.57s 
AO iter 3 - LBFGS: NLL=14.4522  mean_cds=8.135e-09  mean_casa=6.625 deg, 0.70s 
mc_idx = 43/100, 耗时 51.98s 
AO iter 1 - EM: NLL=0.0985, 0.09s 
AO iter 1 - LBFGS: NLL=-13.3093  mean_cds=5.082e-09  mean_casa=2.870 deg, 0.23s 
AO iter 2 - EM: NLL=-20.7708, 0.31s 
AO iter 2 - LBFGS: NLL=-24.2041  mean_cds=5.153e-09  mean_casa=2.873 deg, 0.44s 
AO iter 3 - EM: NLL=-26.4596, 0.54s 
AO iter 3 - LBFGS: NLL=-27.9950  mean_cds=5.238e-09  mean_casa=2.894 deg, 0.67s 
mc_idx = 44/100, 耗时 53.18s 
AO iter 1 - EM: NLL=22.0968, 0.09s 
AO iter 1 - LBFGS: NLL=15.9204  mean_cds=4.793e-09  mean_casa=3.151 deg, 0.22s 
AO iter 2 - EM: NLL=11.7516, 0.31s 
AO iter 2 - LBFGS: NLL=10.2121  mean_cds=4.944e-09  mean_casa=3.240 deg, 0.45s 
AO iter 3 - EM: NLL=9.3679, 0.54s 
AO iter 3 - LBFGS: NLL=8.4246  mean_cds=5.087e-09  mean_casa=3.446 deg, 0.66s 
mc_idx = 45/100, 耗时 54.35s 
AO iter 1 - EM: NLL=71.0508, 0.09s 
AO iter 1 - LBFGS: NLL=61.1608  mean_cds=4.570e-09  mean_casa=3.001 deg, 0.22s 
AO iter 2 - EM: NLL=52.1520, 0.32s 
AO iter 2 - LBFGS: NLL=50.2960  mean_cds=4.607e-09  mean_casa=3.025 deg, 0.45s 
AO iter 3 - EM: NLL=49.2287, 0.55s 
AO iter 3 - LBFGS: NLL=47.9248  mean_cds=4.680e-09  mean_casa=3.084 deg, 0.68s 
mc_idx = 46/100, 耗时 55.54s 
AO iter 1 - EM: NLL=83.2912, 0.09s 
AO iter 1 - LBFGS: NLL=74.5995  mean_cds=4.939e-09  mean_casa=2.943 deg, 0.23s 
AO iter 2 - EM: NLL=66.3563, 0.33s 
AO iter 2 - LBFGS: NLL=63.8299  mean_cds=4.988e-09  mean_casa=2.985 deg, 0.47s 
AO iter 3 - EM: NLL=62.3763, 0.55s 
AO iter 3 - LBFGS: NLL=59.6685  mean_cds=5.028e-09  mean_casa=3.285 deg, 0.68s 
mc_idx = 47/100, 耗时 56.78s 
AO iter 1 - EM: NLL=22.4123, 0.09s 
AO iter 1 - LBFGS: NLL=17.7876  mean_cds=5.212e-09  mean_casa=3.141 deg, 0.22s 
AO iter 2 - EM: NLL=8.2752, 0.31s 
AO iter 2 - LBFGS: NLL=7.5472  mean_cds=5.300e-09  mean_casa=3.170 deg, 0.44s 
AO iter 3 - EM: NLL=5.2923, 0.53s 
AO iter 3 - LBFGS: NLL=4.6647  mean_cds=5.443e-09  mean_casa=3.228 deg, 0.65s 
mc_idx = 48/100, 耗时 57.96s 
AO iter 1 - EM: NLL=-55.7200, 0.09s 
AO iter 1 - LBFGS: NLL=-74.2790  mean_cds=4.570e-09  mean_casa=2.849 deg, 0.22s 
AO iter 2 - EM: NLL=-80.3325, 0.31s 
AO iter 2 - LBFGS: NLL=-85.1956  mean_cds=5.223e-09  mean_casa=3.301 deg, 0.45s 
AO iter 3 - EM: NLL=-87.1644, 0.54s 
AO iter 3 - LBFGS: NLL=-88.1227  mean_cds=5.245e-09  mean_casa=3.397 deg, 0.67s 
mc_idx = 49/100, 耗时 59.14s 
AO iter 1 - EM: NLL=42.9823, 0.09s 
AO iter 1 - LBFGS: NLL=28.9076  mean_cds=5.577e-09  mean_casa=3.450 deg, 0.21s 
AO iter 2 - EM: NLL=27.2652, 0.31s 
AO iter 2 - LBFGS: NLL=25.0444  mean_cds=5.715e-09  mean_casa=3.503 deg, 0.45s 
AO iter 3 - EM: NLL=24.3668, 0.53s 
AO iter 3 - LBFGS: NLL=21.4417  mean_cds=7.308e-09  mean_casa=3.634 deg, 0.65s 
mc_idx = 50/100, 耗时 60.32s 
AO iter 1 - EM: NLL=5.0146, 0.09s 
AO iter 1 - LBFGS: NLL=-10.6723  mean_cds=4.775e-09  mean_casa=2.820 deg, 0.23s 
AO iter 2 - EM: NLL=-17.2273, 0.32s 
AO iter 2 - LBFGS: NLL=-21.5040  mean_cds=4.938e-09  mean_casa=2.736 deg, 0.44s 
AO iter 3 - EM: NLL=-23.0382, 0.54s 
AO iter 3 - LBFGS: NLL=-24.1218  mean_cds=5.055e-09  mean_casa=2.698 deg, 0.67s 
mc_idx = 51/100, 耗时 61.52s 
AO iter 1 - EM: NLL=-42.4506, 0.10s 
AO iter 1 - LBFGS: NLL=-50.3243  mean_cds=4.984e-09  mean_casa=2.925 deg, 0.24s 
AO iter 2 - EM: NLL=-57.7248, 0.34s 
AO iter 2 - LBFGS: NLL=-61.1093  mean_cds=5.250e-09  mean_casa=2.929 deg, 0.48s 
AO iter 3 - EM: NLL=-62.4685, 0.57s 
AO iter 3 - LBFGS: NLL=-64.7548  mean_cds=5.758e-09  mean_casa=2.976 deg, 0.68s 
mc_idx = 52/100, 耗时 62.72s 
AO iter 1 - EM: NLL=37.9331, 0.10s 
AO iter 1 - LBFGS: NLL=24.6286  mean_cds=4.890e-09  mean_casa=3.036 deg, 0.23s 
AO iter 2 - EM: NLL=17.6433, 0.31s 
AO iter 2 - LBFGS: NLL=14.4999  mean_cds=5.205e-09  mean_casa=3.109 deg, 0.44s 
AO iter 3 - EM: NLL=13.7424, 0.52s 
AO iter 3 - LBFGS: NLL=9.9081  mean_cds=6.593e-09  mean_casa=3.354 deg, 0.64s 
mc_idx = 53/100, 耗时 63.86s 
AO iter 1 - EM: NLL=36.1392, 0.09s 
AO iter 1 - LBFGS: NLL=26.2116  mean_cds=5.449e-09  mean_casa=2.921 deg, 0.23s 
AO iter 2 - EM: NLL=22.5706, 0.32s 
AO iter 2 - LBFGS: NLL=19.2222  mean_cds=5.577e-09  mean_casa=2.925 deg, 0.45s 
AO iter 3 - EM: NLL=18.6835, 0.55s 
AO iter 3 - LBFGS: NLL=17.7909  mean_cds=5.659e-09  mean_casa=2.940 deg, 0.69s 
mc_idx = 54/100, 耗时 65.09s 
AO iter 1 - EM: NLL=-51.1048, 0.10s 
AO iter 1 - LBFGS: NLL=-56.9292  mean_cds=4.661e-09  mean_casa=2.879 deg, 0.25s 
AO iter 2 - EM: NLL=-66.7887, 0.34s 
AO iter 2 - LBFGS: NLL=-70.0416  mean_cds=4.733e-09  mean_casa=2.839 deg, 0.49s 
AO iter 3 - EM: NLL=-71.5552, 0.59s 
AO iter 3 - LBFGS: NLL=-73.9151  mean_cds=4.816e-09  mean_casa=2.777 deg, 0.74s 
mc_idx = 55/100, 耗时 66.38s 
AO iter 1 - EM: NLL=33.1539, 0.10s 
AO iter 1 - LBFGS: NLL=18.2867  mean_cds=4.524e-09  mean_casa=2.978 deg, 0.26s 
AO iter 2 - EM: NLL=2.2283, 0.35s 
AO iter 2 - LBFGS: NLL=-4.6025  mean_cds=4.315e-09  mean_casa=2.958 deg, 0.48s 
AO iter 3 - EM: NLL=-5.4390, 0.56s 
AO iter 3 - LBFGS: NLL=-6.2728  mean_cds=4.343e-09  mean_casa=2.915 deg, 0.69s 
mc_idx = 56/100, 耗时 67.62s 
AO iter 1 - EM: NLL=13.9107, 0.10s 
AO iter 1 - LBFGS: NLL=-9.2371  mean_cds=4.519e-09  mean_casa=3.284 deg, 0.23s 
AO iter 2 - EM: NLL=-13.4928, 0.32s 
AO iter 2 - LBFGS: NLL=-15.8539  mean_cds=4.728e-09  mean_casa=3.444 deg, 0.45s 
AO iter 3 - EM: NLL=-15.8925, 0.55s 
AO iter 3 - LBFGS: NLL=-16.0792  mean_cds=4.617e-09  mean_casa=3.374 deg, 0.68s 
mc_idx = 57/100, 耗时 68.84s 
AO iter 1 - EM: NLL=92.1085, 0.11s 
AO iter 1 - LBFGS: NLL=74.7444  mean_cds=5.736e-09  mean_casa=3.108 deg, 0.26s 
AO iter 2 - EM: NLL=57.8589, 0.37s 
AO iter 2 - LBFGS: NLL=54.7481  mean_cds=5.609e-09  mean_casa=3.284 deg, 0.50s 
AO iter 3 - EM: NLL=52.6885, 0.59s 
AO iter 3 - LBFGS: NLL=48.0701  mean_cds=5.608e-09  mean_casa=3.810 deg, 0.73s 
mc_idx = 58/100, 耗时 70.10s 
AO iter 1 - EM: NLL=32.6346, 0.09s 
AO iter 1 - LBFGS: NLL=4.0770  mean_cds=4.632e-09  mean_casa=2.964 deg, 0.24s 
AO iter 2 - EM: NLL=-11.2039, 0.34s 
AO iter 2 - LBFGS: NLL=-21.2199  mean_cds=5.089e-09  mean_casa=3.135 deg, 0.47s 
AO iter 3 - EM: NLL=-24.3975, 0.56s 
AO iter 3 - LBFGS: NLL=-27.8754  mean_cds=6.186e-09  mean_casa=3.766 deg, 0.68s 
mc_idx = 59/100, 耗时 71.32s 
AO iter 1 - EM: NLL=66.7628, 0.10s 
AO iter 1 - LBFGS: NLL=52.0104  mean_cds=5.867e-09  mean_casa=3.330 deg, 0.25s 
AO iter 2 - EM: NLL=47.6027, 0.35s 
AO iter 2 - LBFGS: NLL=45.8079  mean_cds=6.126e-09  mean_casa=3.475 deg, 0.49s 
AO iter 3 - EM: NLL=44.7637, 0.58s 
AO iter 3 - LBFGS: NLL=43.5185  mean_cds=6.337e-09  mean_casa=3.712 deg, 0.71s 
mc_idx = 60/100, 耗时 72.56s 
AO iter 1 - EM: NLL=81.3563, 0.10s 
AO iter 1 - LBFGS: NLL=69.5775  mean_cds=4.786e-09  mean_casa=2.973 deg, 0.25s 
AO iter 2 - EM: NLL=65.0014, 0.34s 
AO iter 2 - LBFGS: NLL=60.7978  mean_cds=4.875e-09  mean_casa=3.000 deg, 0.49s 
AO iter 3 - EM: NLL=59.2825, 0.58s 
AO iter 3 - LBFGS: NLL=56.9049  mean_cds=4.932e-09  mean_casa=3.111 deg, 0.74s 
mc_idx = 61/100, 耗时 73.87s 
AO iter 1 - EM: NLL=95.3742, 0.10s 
AO iter 1 - LBFGS: NLL=85.9732  mean_cds=5.223e-09  mean_casa=3.113 deg, 0.24s 
AO iter 2 - EM: NLL=77.5816, 0.33s 
AO iter 2 - LBFGS: NLL=74.2051  mean_cds=5.326e-09  mean_casa=3.325 deg, 0.48s 
AO iter 3 - EM: NLL=72.8016, 0.58s 
AO iter 3 - LBFGS: NLL=68.9736  mean_cds=5.287e-09  mean_casa=3.955 deg, 0.72s 
mc_idx = 62/100, 耗时 75.15s 
AO iter 1 - EM: NLL=61.6267, 0.10s 
AO iter 1 - LBFGS: NLL=41.4212  mean_cds=4.433e-09  mean_casa=3.191 deg, 0.25s 
AO iter 2 - EM: NLL=35.0045, 0.35s 
AO iter 2 - LBFGS: NLL=30.6798  mean_cds=4.469e-09  mean_casa=3.373 deg, 0.49s 
AO iter 3 - EM: NLL=29.5787, 0.58s 
AO iter 3 - LBFGS: NLL=27.5569  mean_cds=4.631e-09  mean_casa=3.622 deg, 0.72s 
mc_idx = 63/100, 耗时 76.42s 
AO iter 1 - EM: NLL=51.8316, 0.09s 
AO iter 1 - LBFGS: NLL=39.9481  mean_cds=4.797e-09  mean_casa=2.949 deg, 0.23s 
AO iter 2 - EM: NLL=35.1187, 0.33s 
AO iter 2 - LBFGS: NLL=32.5953  mean_cds=4.963e-09  mean_casa=2.958 deg, 0.46s 
AO iter 3 - EM: NLL=32.0494, 0.56s 
AO iter 3 - LBFGS: NLL=29.1340  mean_cds=5.720e-09  mean_casa=3.251 deg, 0.70s 
mc_idx = 64/100, 耗时 77.67s 
AO iter 1 - EM: NLL=31.3579, 0.10s 
AO iter 1 - LBFGS: NLL=-6.0789  mean_cds=4.474e-09  mean_casa=3.552 deg, 0.25s 
AO iter 2 - EM: NLL=-13.6399, 0.35s 
AO iter 2 - LBFGS: NLL=-20.1030  mean_cds=4.772e-09  mean_casa=3.724 deg, 0.49s 
AO iter 3 - EM: NLL=-23.3101, 0.59s 
AO iter 3 - LBFGS: NLL=-25.4101  mean_cds=4.917e-09  mean_casa=3.813 deg, 0.75s 
mc_idx = 65/100, 耗时 78.96s 
AO iter 1 - EM: NLL=43.5031, 0.09s 
AO iter 1 - LBFGS: NLL=33.0260  mean_cds=4.984e-09  mean_casa=2.996 deg, 0.24s 
AO iter 2 - EM: NLL=25.8438, 0.34s 
AO iter 2 - LBFGS: NLL=19.6194  mean_cds=5.323e-09  mean_casa=3.193 deg, 0.49s 
AO iter 3 - EM: NLL=16.4692, 0.58s 
AO iter 3 - LBFGS: NLL=10.6957  mean_cds=6.131e-09  mean_casa=4.852 deg, 0.72s 
mc_idx = 66/100, 耗时 80.23s 
AO iter 1 - EM: NLL=-9.5848, 0.09s 
AO iter 1 - LBFGS: NLL=-21.7802  mean_cds=5.221e-09  mean_casa=2.964 deg, 0.23s 
AO iter 2 - EM: NLL=-26.2325, 0.32s 
AO iter 2 - LBFGS: NLL=-30.0798  mean_cds=5.394e-09  mean_casa=3.007 deg, 0.46s 
AO iter 3 - EM: NLL=-31.0440, 0.57s 
AO iter 3 - LBFGS: NLL=-36.7997  mean_cds=5.962e-09  mean_casa=3.822 deg, 0.71s 
mc_idx = 67/100, 耗时 81.48s 
AO iter 1 - EM: NLL=26.5618, 0.10s 
AO iter 1 - LBFGS: NLL=10.6632  mean_cds=4.591e-09  mean_casa=3.184 deg, 0.25s 
AO iter 2 - EM: NLL=2.2291, 0.35s 
AO iter 2 - LBFGS: NLL=-0.0836  mean_cds=4.557e-09  mean_casa=3.342 deg, 0.51s 
AO iter 3 - EM: NLL=-1.1117, 0.61s 
AO iter 3 - LBFGS: NLL=-2.2004  mean_cds=4.544e-09  mean_casa=3.406 deg, 0.74s 
mc_idx = 68/100, 耗时 82.77s 
AO iter 1 - EM: NLL=60.1291, 0.09s 
AO iter 1 - LBFGS: NLL=44.3438  mean_cds=4.735e-09  mean_casa=3.045 deg, 0.24s 
AO iter 2 - EM: NLL=36.5036, 0.34s 
AO iter 2 - LBFGS: NLL=33.7568  mean_cds=4.933e-09  mean_casa=3.078 deg, 0.48s 
AO iter 3 - EM: NLL=33.0729, 0.57s 
AO iter 3 - LBFGS: NLL=29.0907  mean_cds=5.353e-09  mean_casa=3.779 deg, 0.72s 
mc_idx = 69/100, 耗时 84.03s 
AO iter 1 - EM: NLL=3.5825, 0.10s 
AO iter 1 - LBFGS: NLL=-13.0245  mean_cds=4.202e-09  mean_casa=3.000 deg, 0.25s 
AO iter 2 - EM: NLL=-21.3669, 0.35s 
AO iter 2 - LBFGS: NLL=-22.8126  mean_cds=4.303e-09  mean_casa=3.004 deg, 0.48s 
AO iter 3 - EM: NLL=-23.6170, 0.57s 
AO iter 3 - LBFGS: NLL=-26.3252  mean_cds=5.111e-09  mean_casa=3.159 deg, 0.69s 
mc_idx = 70/100, 耗时 85.26s 
AO iter 1 - EM: NLL=-48.8913, 0.09s 
AO iter 1 - LBFGS: NLL=-56.4714  mean_cds=5.261e-09  mean_casa=2.905 deg, 0.22s 
AO iter 2 - EM: NLL=-61.9131, 0.31s 
AO iter 2 - LBFGS: NLL=-65.9790  mean_cds=5.546e-09  mean_casa=2.894 deg, 0.46s 
AO iter 3 - EM: NLL=-67.1202, 0.56s 
AO iter 3 - LBFGS: NLL=-68.0871  mean_cds=5.827e-09  mean_casa=2.885 deg, 0.69s 
mc_idx = 71/100, 耗时 86.47s 
AO iter 1 - EM: NLL=-2.3328, 0.09s 
AO iter 1 - LBFGS: NLL=-19.0558  mean_cds=5.669e-09  mean_casa=2.959 deg, 0.24s 
AO iter 2 - EM: NLL=-26.2254, 0.34s 
AO iter 2 - LBFGS: NLL=-29.2327  mean_cds=6.229e-09  mean_casa=2.944 deg, 0.48s 
AO iter 3 - EM: NLL=-30.8316, 0.57s 
AO iter 3 - LBFGS: NLL=-32.4007  mean_cds=6.651e-09  mean_casa=2.938 deg, 0.71s 
mc_idx = 72/100, 耗时 87.72s 
AO iter 1 - EM: NLL=51.5514, 0.10s 
AO iter 1 - LBFGS: NLL=30.8279  mean_cds=5.143e-09  mean_casa=4.075 deg, 0.23s 
AO iter 2 - EM: NLL=27.1998, 0.33s 
AO iter 2 - LBFGS: NLL=21.5709  mean_cds=5.491e-09  mean_casa=4.840 deg, 0.47s 
AO iter 3 - EM: NLL=21.1182, 0.56s 
AO iter 3 - LBFGS: NLL=19.9709  mean_cds=6.121e-09  mean_casa=5.083 deg, 0.70s 
mc_idx = 73/100, 耗时 88.95s 
AO iter 1 - EM: NLL=39.2578, 0.08s 
AO iter 1 - LBFGS: NLL=30.6773  mean_cds=4.693e-09  mean_casa=3.110 deg, 0.23s 
AO iter 2 - EM: NLL=24.6491, 0.32s 
AO iter 2 - LBFGS: NLL=16.6866  mean_cds=4.923e-09  mean_casa=3.075 deg, 0.46s 
AO iter 3 - EM: NLL=12.2197, 0.56s 
AO iter 3 - LBFGS: NLL=11.1276  mean_cds=5.015e-09  mean_casa=3.073 deg, 0.71s 
mc_idx = 74/100, 耗时 90.18s 
AO iter 1 - EM: NLL=16.6654, 0.10s 
AO iter 1 - LBFGS: NLL=-13.0199  mean_cds=5.756e-09  mean_casa=2.888 deg, 0.24s 
AO iter 2 - EM: NLL=-20.2431, 0.33s 
AO iter 2 - LBFGS: NLL=-22.9508  mean_cds=6.598e-09  mean_casa=3.188 deg, 0.45s 
AO iter 3 - EM: NLL=-23.4823, 0.55s 
AO iter 3 - LBFGS: NLL=-24.0882  mean_cds=6.368e-09  mean_casa=3.148 deg, 0.67s 
mc_idx = 75/100, 耗时 91.38s 
AO iter 1 - EM: NLL=8.8467, 0.10s 
AO iter 1 - LBFGS: NLL=-18.3584  mean_cds=4.869e-09  mean_casa=2.822 deg, 0.26s 
AO iter 2 - EM: NLL=-25.6720, 0.35s 
AO iter 2 - LBFGS: NLL=-31.3712  mean_cds=5.373e-09  mean_casa=2.797 deg, 0.48s 
AO iter 3 - EM: NLL=-32.3909, 0.56s 
AO iter 3 - LBFGS: NLL=-33.3112  mean_cds=5.408e-09  mean_casa=2.824 deg, 0.68s 
mc_idx = 76/100, 耗时 92.58s 
AO iter 1 - EM: NLL=-47.6086, 0.08s 
AO iter 1 - LBFGS: NLL=-68.3588  mean_cds=4.819e-09  mean_casa=3.123 deg, 0.21s 
AO iter 2 - EM: NLL=-75.8471, 0.30s 
AO iter 2 - LBFGS: NLL=-82.8730  mean_cds=5.096e-09  mean_casa=3.387 deg, 0.44s 
AO iter 3 - EM: NLL=-84.1707, 0.53s 
AO iter 3 - LBFGS: NLL=-87.7784  mean_cds=5.483e-09  mean_casa=3.990 deg, 0.64s 
mc_idx = 77/100, 耗时 93.74s 
AO iter 1 - EM: NLL=28.1974, 0.09s 
AO iter 1 - LBFGS: NLL=9.8387  mean_cds=5.592e-09  mean_casa=2.848 deg, 0.23s 
AO iter 2 - EM: NLL=1.8088, 0.32s 
AO iter 2 - LBFGS: NLL=-2.0728  mean_cds=5.865e-09  mean_casa=2.861 deg, 0.45s 
AO iter 3 - EM: NLL=-3.2912, 0.55s 
AO iter 3 - LBFGS: NLL=-6.9624  mean_cds=6.408e-09  mean_casa=3.042 deg, 0.69s 
mc_idx = 78/100, 耗时 94.95s 
AO iter 1 - EM: NLL=-18.9330, 0.09s 
AO iter 1 - LBFGS: NLL=-31.6845  mean_cds=4.648e-09  mean_casa=2.897 deg, 0.22s 
AO iter 2 - EM: NLL=-37.1681, 0.31s 
AO iter 2 - LBFGS: NLL=-39.5857  mean_cds=4.763e-09  mean_casa=2.911 deg, 0.44s 
AO iter 3 - EM: NLL=-40.7882, 0.52s 
AO iter 3 - LBFGS: NLL=-42.1709  mean_cds=4.947e-09  mean_casa=2.968 deg, 0.64s 
mc_idx = 79/100, 耗时 96.12s 
AO iter 1 - EM: NLL=-29.6338, 0.09s 
AO iter 1 - LBFGS: NLL=-46.9684  mean_cds=3.729e-09  mean_casa=3.187 deg, 0.23s 
AO iter 2 - EM: NLL=-49.6555, 0.32s 
AO iter 2 - LBFGS: NLL=-50.6206  mean_cds=3.770e-09  mean_casa=3.157 deg, 0.44s 
AO iter 3 - EM: NLL=-51.0918, 0.54s 
AO iter 3 - LBFGS: NLL=-52.0108  mean_cds=3.751e-09  mean_casa=3.313 deg, 0.66s 
mc_idx = 80/100, 耗时 97.29s 
AO iter 1 - EM: NLL=-34.1546, 0.09s 
AO iter 1 - LBFGS: NLL=-45.6015  mean_cds=4.978e-09  mean_casa=2.989 deg, 0.23s 
AO iter 2 - EM: NLL=-59.5063, 0.32s 
AO iter 2 - LBFGS: NLL=-61.4959  mean_cds=5.139e-09  mean_casa=3.027 deg, 0.45s 
AO iter 3 - EM: NLL=-62.6421, 0.54s 
AO iter 3 - LBFGS: NLL=-63.7794  mean_cds=5.321e-09  mean_casa=3.112 deg, 0.69s 
mc_idx = 81/100, 耗时 98.48s 
AO iter 1 - EM: NLL=-4.1704, 0.10s 
AO iter 1 - LBFGS: NLL=-24.4471  mean_cds=4.933e-09  mean_casa=3.045 deg, 0.24s 
AO iter 2 - EM: NLL=-29.8719, 0.34s 
AO iter 2 - LBFGS: NLL=-36.9018  mean_cds=5.627e-09  mean_casa=3.797 deg, 0.47s 
AO iter 3 - EM: NLL=-38.9255, 0.57s 
AO iter 3 - LBFGS: NLL=-40.5580  mean_cds=5.852e-09  mean_casa=4.150 deg, 0.69s 
mc_idx = 82/100, 耗时 99.67s 
AO iter 1 - EM: NLL=-36.3393, 0.09s 
AO iter 1 - LBFGS: NLL=-52.3830  mean_cds=4.436e-09  mean_casa=2.807 deg, 0.24s 
AO iter 2 - EM: NLL=-63.1412, 0.34s 
AO iter 2 - LBFGS: NLL=-65.5512  mean_cds=4.378e-09  mean_casa=2.787 deg, 0.46s 
AO iter 3 - EM: NLL=-66.9340, 0.55s 
AO iter 3 - LBFGS: NLL=-68.3705  mean_cds=4.308e-09  mean_casa=2.803 deg, 0.68s 
mc_idx = 83/100, 耗时 100.86s 
AO iter 1 - EM: NLL=29.9016, 0.09s 
AO iter 1 - LBFGS: NLL=16.0606  mean_cds=5.010e-09  mean_casa=2.988 deg, 0.22s 
AO iter 2 - EM: NLL=4.7156, 0.32s 
AO iter 2 - LBFGS: NLL=1.0914  mean_cds=5.432e-09  mean_casa=3.122 deg, 0.46s 
AO iter 3 - EM: NLL=-0.0252, 0.55s 
AO iter 3 - LBFGS: NLL=-6.0410  mean_cds=6.429e-09  mean_casa=4.064 deg, 0.69s 
mc_idx = 84/100, 耗时 102.06s 
AO iter 1 - EM: NLL=-73.9525, 0.09s 
AO iter 1 - LBFGS: NLL=-90.9891  mean_cds=4.567e-09  mean_casa=2.908 deg, 0.24s 
AO iter 2 - EM: NLL=-95.4799, 0.32s 
AO iter 2 - LBFGS: NLL=-98.0132  mean_cds=4.743e-09  mean_casa=2.872 deg, 0.46s 
AO iter 3 - EM: NLL=-98.9964, 0.54s 
AO iter 3 - LBFGS: NLL=-100.1826  mean_cds=5.008e-09  mean_casa=2.840 deg, 0.66s 
mc_idx = 85/100, 耗时 103.24s 
AO iter 1 - EM: NLL=65.3890, 0.09s 
AO iter 1 - LBFGS: NLL=55.2410  mean_cds=5.087e-09  mean_casa=3.240 deg, 0.23s 
AO iter 2 - EM: NLL=53.6069, 0.33s 
AO iter 2 - LBFGS: NLL=51.7136  mean_cds=4.987e-09  mean_casa=3.086 deg, 0.46s 
AO iter 3 - EM: NLL=51.6295, 0.56s 
AO iter 3 - LBFGS: NLL=51.1527  mean_cds=4.960e-09  mean_casa=3.134 deg, 0.69s 
mc_idx = 86/100, 耗时 104.46s 
AO iter 1 - EM: NLL=-10.6366, 0.09s 
AO iter 1 - LBFGS: NLL=-16.5971  mean_cds=5.939e-09  mean_casa=2.824 deg, 0.22s 
AO iter 2 - EM: NLL=-25.6889, 0.32s 
AO iter 2 - LBFGS: NLL=-28.2911  mean_cds=5.498e-09  mean_casa=2.847 deg, 0.44s 
AO iter 3 - EM: NLL=-29.5916, 0.52s 
AO iter 3 - LBFGS: NLL=-30.6683  mean_cds=5.588e-09  mean_casa=2.861 deg, 0.66s 
mc_idx = 87/100, 耗时 105.64s 
AO iter 1 - EM: NLL=-52.6978, 0.10s 
AO iter 1 - LBFGS: NLL=-59.1837  mean_cds=4.976e-09  mean_casa=3.149 deg, 0.23s 
AO iter 2 - EM: NLL=-65.9913, 0.33s 
AO iter 2 - LBFGS: NLL=-68.7157  mean_cds=5.376e-09  mean_casa=3.444 deg, 0.46s 
AO iter 3 - EM: NLL=-69.1270, 0.55s 
AO iter 3 - LBFGS: NLL=-70.1408  mean_cds=6.352e-09  mean_casa=4.236 deg, 0.68s 
mc_idx = 88/100, 耗时 106.84s 
AO iter 1 - EM: NLL=-52.9641, 0.09s 
AO iter 1 - LBFGS: NLL=-61.1504  mean_cds=4.778e-09  mean_casa=2.917 deg, 0.24s 
AO iter 2 - EM: NLL=-71.5036, 0.32s 
AO iter 2 - LBFGS: NLL=-76.1690  mean_cds=5.030e-09  mean_casa=2.940 deg, 0.45s 
AO iter 3 - EM: NLL=-77.8706, 0.54s 
AO iter 3 - LBFGS: NLL=-79.7470  mean_cds=5.327e-09  mean_casa=2.990 deg, 0.67s 
mc_idx = 89/100, 耗时 108.04s 
AO iter 1 - EM: NLL=-32.4895, 0.10s 
AO iter 1 - LBFGS: NLL=-44.1695  mean_cds=4.878e-09  mean_casa=2.931 deg, 0.24s 
AO iter 2 - EM: NLL=-54.3528, 0.33s 
AO iter 2 - LBFGS: NLL=-57.0463  mean_cds=5.046e-09  mean_casa=2.918 deg, 0.48s 
AO iter 3 - EM: NLL=-58.1948, 0.56s 
AO iter 3 - LBFGS: NLL=-59.7695  mean_cds=5.306e-09  mean_casa=2.937 deg, 0.71s 
mc_idx = 90/100, 耗时 109.27s 
AO iter 1 - EM: NLL=89.1230, 0.11s 
AO iter 1 - LBFGS: NLL=79.4587  mean_cds=5.184e-09  mean_casa=2.867 deg, 0.25s 
AO iter 2 - EM: NLL=68.5839, 0.34s 
AO iter 2 - LBFGS: NLL=65.2864  mean_cds=5.342e-09  mean_casa=2.842 deg, 0.50s 
AO iter 3 - EM: NLL=63.4334, 0.59s 
AO iter 3 - LBFGS: NLL=60.0860  mean_cds=5.636e-09  mean_casa=2.848 deg, 0.72s 
mc_idx = 91/100, 耗时 110.51s 
AO iter 1 - EM: NLL=31.9625, 0.10s 
AO iter 1 - LBFGS: NLL=23.2234  mean_cds=4.570e-09  mean_casa=3.071 deg, 0.23s 
AO iter 2 - EM: NLL=19.8985, 0.31s 
AO iter 2 - LBFGS: NLL=16.1633  mean_cds=4.483e-09  mean_casa=3.142 deg, 0.45s 
AO iter 3 - EM: NLL=15.1741, 0.53s 
AO iter 3 - LBFGS: NLL=11.3944  mean_cds=4.423e-09  mean_casa=3.473 deg, 0.66s 
mc_idx = 92/100, 耗时 111.73s 
AO iter 1 - EM: NLL=51.1624, 0.10s 
AO iter 1 - LBFGS: NLL=29.8166  mean_cds=4.822e-09  mean_casa=3.370 deg, 0.24s 
AO iter 2 - EM: NLL=25.7450, 0.34s 
AO iter 2 - LBFGS: NLL=23.9024  mean_cds=4.850e-09  mean_casa=3.528 deg, 0.47s 
AO iter 3 - EM: NLL=23.0680, 0.56s 
AO iter 3 - LBFGS: NLL=21.4506  mean_cds=4.959e-09  mean_casa=3.624 deg, 0.69s 
mc_idx = 93/100, 耗时 112.94s 
AO iter 1 - EM: NLL=12.7059, 0.09s 
AO iter 1 - LBFGS: NLL=-6.1626  mean_cds=5.329e-09  mean_casa=3.066 deg, 0.24s 
AO iter 2 - EM: NLL=-19.1144, 0.32s 
AO iter 2 - LBFGS: NLL=-23.1609  mean_cds=6.004e-09  mean_casa=3.176 deg, 0.45s 
AO iter 3 - EM: NLL=-24.7041, 0.53s 
AO iter 3 - LBFGS: NLL=-27.7298  mean_cds=7.644e-09  mean_casa=3.611 deg, 0.66s 
mc_idx = 94/100, 耗时 114.11s 
AO iter 1 - EM: NLL=-36.2775, 0.09s 
AO iter 1 - LBFGS: NLL=-47.9973  mean_cds=4.898e-09  mean_casa=2.942 deg, 0.22s 
AO iter 2 - EM: NLL=-56.4527, 0.31s 
AO iter 2 - LBFGS: NLL=-59.5643  mean_cds=5.027e-09  mean_casa=2.927 deg, 0.46s 
AO iter 3 - EM: NLL=-61.1507, 0.54s 
AO iter 3 - LBFGS: NLL=-63.2393  mean_cds=5.188e-09  mean_casa=2.931 deg, 0.67s 
mc_idx = 95/100, 耗时 115.32s 
AO iter 1 - EM: NLL=9.3939, 0.10s 
AO iter 1 - LBFGS: NLL=-1.6972  mean_cds=4.934e-09  mean_casa=2.997 deg, 0.24s 
AO iter 2 - EM: NLL=-7.7009, 0.32s 
AO iter 2 - LBFGS: NLL=-12.0141  mean_cds=5.521e-09  mean_casa=3.033 deg, 0.45s 
AO iter 3 - EM: NLL=-12.8807, 0.54s 
AO iter 3 - LBFGS: NLL=-15.3398  mean_cds=6.499e-09  mean_casa=3.209 deg, 0.66s 
mc_idx = 96/100, 耗时 116.49s 
AO iter 1 - EM: NLL=89.2223, 0.10s 
AO iter 1 - LBFGS: NLL=63.6645  mean_cds=5.079e-09  mean_casa=2.983 deg, 0.24s 
AO iter 2 - EM: NLL=51.2787, 0.34s 
AO iter 2 - LBFGS: NLL=46.3369  mean_cds=6.841e-09  mean_casa=3.347 deg, 0.48s 
AO iter 3 - EM: NLL=40.1655, 0.57s 
AO iter 3 - LBFGS: NLL=39.0352  mean_cds=6.672e-09  mean_casa=3.373 deg, 0.70s 
mc_idx = 97/100, 耗时 117.72s 
AO iter 1 - EM: NLL=12.8696, 0.10s 
AO iter 1 - LBFGS: NLL=1.0867  mean_cds=4.817e-09  mean_casa=2.805 deg, 0.23s 
AO iter 2 - EM: NLL=-3.5613, 0.32s 
AO iter 2 - LBFGS: NLL=-6.6750  mean_cds=5.223e-09  mean_casa=2.753 deg, 0.45s 
AO iter 3 - EM: NLL=-13.2782, 0.54s 
AO iter 3 - LBFGS: NLL=-14.4778  mean_cds=5.121e-09  mean_casa=2.780 deg, 0.67s 
mc_idx = 98/100, 耗时 118.93s 
AO iter 1 - EM: NLL=-63.4637, 0.09s 
AO iter 1 - LBFGS: NLL=-90.7111  mean_cds=4.270e-09  mean_casa=2.891 deg, 0.24s 
AO iter 2 - EM: NLL=-94.8865, 0.33s 
AO iter 2 - LBFGS: NLL=-100.8309  mean_cds=4.952e-09  mean_casa=2.937 deg, 0.45s 
AO iter 3 - EM: NLL=-102.7571, 0.55s 
AO iter 3 - LBFGS: NLL=-104.4445  mean_cds=4.949e-09  mean_casa=3.022 deg, 0.69s 
mc_idx = 99/100, 耗时 120.13s 
AO iter 1 - EM: NLL=20.8426, 0.09s 
AO iter 1 - LBFGS: NLL=3.6231  mean_cds=6.479e-09  mean_casa=2.871 deg, 0.22s 
AO iter 2 - EM: NLL=0.1232, 0.31s 
AO iter 2 - LBFGS: NLL=-5.7202  mean_cds=6.292e-09  mean_casa=2.897 deg, 0.44s 
AO iter 3 - EM: NLL=-8.1655, 0.52s 
AO iter 3 - LBFGS: NLL=-11.5123  mean_cds=6.406e-09  mean_casa=3.111 deg, 0.66s 
mc_idx = 100/100, 耗时 121.29s 

====== Kp = 64 (2/2) finished, consumed 121.3s ======

时延分辨率:4.1 ns, 角度分辨率:3.6 deg 
平均每簇参数自由度: 时延-5.4, 角度-11.2, 总-60.4 
RMS时延扩展:100.22 ns, 相干带宽(50%):2.00 MHz, 相干带宽(90%):0.20 MHz
Prior mismatch: axis 1, actual/assumed SD 0.5
开始MonteCarlo仿真...... 
AO iter 1 - EM: NLL=692.6981, 0.15s 
AO iter 1 - LBFGS: NLL=675.1921  mean_cds=1.031e-08  mean_casa=9.367 deg, 0.40s 
AO iter 2 - EM: NLL=662.7247, 0.56s 
AO iter 2 - LBFGS: NLL=653.3197  mean_cds=1.019e-08  mean_casa=9.581 deg, 0.78s 
AO iter 3 - EM: NLL=650.3799, 0.92s 
AO iter 3 - LBFGS: NLL=645.5703  mean_cds=1.030e-08  mean_casa=9.716 deg, 1.13s 
mc_idx = 1/100, 耗时 2.02s 
AO iter 1 - EM: NLL=604.3499, 0.15s 
AO iter 1 - LBFGS: NLL=587.6996  mean_cds=1.031e-08  mean_casa=9.675 deg, 0.37s 
AO iter 2 - EM: NLL=575.0065, 0.52s 
AO iter 2 - LBFGS: NLL=566.6885  mean_cds=9.462e-09  mean_casa=10.340 deg, 0.72s 
AO iter 3 - EM: NLL=564.8776, 0.88s 
AO iter 3 - LBFGS: NLL=563.6362  mean_cds=9.497e-09  mean_casa=10.252 deg, 1.10s 
mc_idx = 2/100, 耗时 3.94s 
AO iter 1 - EM: NLL=710.7879, 0.14s 
AO iter 1 - LBFGS: NLL=702.1924  mean_cds=9.484e-09  mean_casa=9.496 deg, 0.35s 
AO iter 2 - EM: NLL=675.0153, 0.48s 
AO iter 2 - LBFGS: NLL=663.3656  mean_cds=9.092e-09  mean_casa=9.123 deg, 0.71s 
AO iter 3 - EM: NLL=659.6471, 0.86s 
AO iter 3 - LBFGS: NLL=657.4207  mean_cds=8.876e-09  mean_casa=9.232 deg, 1.07s 
mc_idx = 3/100, 耗时 5.80s 
AO iter 1 - EM: NLL=691.3619, 0.15s 
AO iter 1 - LBFGS: NLL=675.0700  mean_cds=1.022e-08  mean_casa=9.932 deg, 0.36s 
AO iter 2 - EM: NLL=665.6947, 0.50s 
AO iter 2 - LBFGS: NLL=658.7355  mean_cds=9.514e-09  mean_casa=10.038 deg, 0.70s 
AO iter 3 - EM: NLL=654.3306, 0.84s 
AO iter 3 - LBFGS: NLL=652.6852  mean_cds=9.446e-09  mean_casa=9.927 deg, 1.06s 
mc_idx = 4/100, 耗时 7.63s 
AO iter 1 - EM: NLL=740.8485, 0.14s 
AO iter 1 - LBFGS: NLL=704.2814  mean_cds=1.107e-08  mean_casa=9.959 deg, 0.35s 
AO iter 2 - EM: NLL=687.3933, 0.50s 
AO iter 2 - LBFGS: NLL=680.9315  mean_cds=1.126e-08  mean_casa=10.366 deg, 0.71s 
AO iter 3 - EM: NLL=677.9826, 0.85s 
AO iter 3 - LBFGS: NLL=675.2914  mean_cds=1.196e-08  mean_casa=10.661 deg, 1.05s 
mc_idx = 5/100, 耗时 9.44s 
AO iter 1 - EM: NLL=706.4607, 0.16s 
AO iter 1 - LBFGS: NLL=682.6343  mean_cds=1.033e-08  mean_casa=9.499 deg, 0.39s 
AO iter 2 - EM: NLL=670.9292, 0.53s 
AO iter 2 - LBFGS: NLL=663.1396  mean_cds=1.022e-08  mean_casa=10.137 deg, 0.72s 
AO iter 3 - EM: NLL=660.9485, 0.85s 
AO iter 3 - LBFGS: NLL=656.7196  mean_cds=1.128e-08  mean_casa=10.970 deg, 1.06s 
mc_idx = 6/100, 耗时 11.29s 
AO iter 1 - EM: NLL=646.4572, 0.15s 
AO iter 1 - LBFGS: NLL=627.1978  mean_cds=1.021e-08  mean_casa=9.569 deg, 0.39s 
AO iter 2 - EM: NLL=612.7790, 0.56s 
AO iter 2 - LBFGS: NLL=605.1685  mean_cds=9.700e-09  mean_casa=9.521 deg, 0.77s 
AO iter 3 - EM: NLL=603.4396, 0.92s 
AO iter 3 - LBFGS: NLL=601.1391  mean_cds=9.616e-09  mean_casa=9.679 deg, 1.13s 
mc_idx = 7/100, 耗时 13.25s 
AO iter 1 - EM: NLL=617.9374, 0.15s 
AO iter 1 - LBFGS: NLL=597.7415  mean_cds=1.024e-08  mean_casa=9.183 deg, 0.38s 
AO iter 2 - EM: NLL=584.6421, 0.52s 
AO iter 2 - LBFGS: NLL=580.1010  mean_cds=9.863e-09  mean_casa=9.041 deg, 0.73s 
AO iter 3 - EM: NLL=578.0397, 0.87s 
AO iter 3 - LBFGS: NLL=575.4809  mean_cds=9.699e-09  mean_casa=8.830 deg, 1.09s 
mc_idx = 8/100, 耗时 15.12s 
AO iter 1 - EM: NLL=711.6796, 0.15s 
AO iter 1 - LBFGS: NLL=690.9117  mean_cds=1.026e-08  mean_casa=9.889 deg, 0.39s 
AO iter 2 - EM: NLL=678.5359, 0.52s 
AO iter 2 - LBFGS: NLL=674.2717  mean_cds=9.940e-09  mean_casa=9.986 deg, 0.73s 
AO iter 3 - EM: NLL=671.8291, 0.86s 
AO iter 3 - LBFGS: NLL=670.2435  mean_cds=9.800e-09  mean_casa=9.918 deg, 1.07s 
mc_idx = 9/100, 耗时 16.99s 
AO iter 1 - EM: NLL=634.8372, 0.14s 
AO iter 1 - LBFGS: NLL=621.1574  mean_cds=1.042e-08  mean_casa=9.727 deg, 0.38s 
AO iter 2 - EM: NLL=615.6972, 0.53s 
AO iter 2 - LBFGS: NLL=608.6956  mean_cds=9.954e-09  mean_casa=9.835 deg, 0.75s 
AO iter 3 - EM: NLL=605.8887, 0.88s 
AO iter 3 - LBFGS: NLL=603.1247  mean_cds=9.643e-09  mean_casa=9.731 deg, 1.08s 
mc_idx = 10/100, 耗时 18.88s 
AO iter 1 - EM: NLL=632.0960, 0.16s 
AO iter 1 - LBFGS: NLL=614.3754  mean_cds=1.002e-08  mean_casa=9.510 deg, 0.40s 
AO iter 2 - EM: NLL=604.4359, 0.54s 
AO iter 2 - LBFGS: NLL=595.9963  mean_cds=9.313e-09  mean_casa=9.491 deg, 0.77s 
AO iter 3 - EM: NLL=593.7127, 0.92s 
AO iter 3 - LBFGS: NLL=590.9422  mean_cds=9.023e-09  mean_casa=9.605 deg, 1.12s 
mc_idx = 11/100, 耗时 20.81s 
AO iter 1 - EM: NLL=660.2016, 0.13s 
AO iter 1 - LBFGS: NLL=647.1963  mean_cds=1.059e-08  mean_casa=9.572 deg, 0.36s 
AO iter 2 - EM: NLL=642.2608, 0.50s 
AO iter 2 - LBFGS: NLL=639.1246  mean_cds=1.038e-08  mean_casa=9.536 deg, 0.71s 
AO iter 3 - EM: NLL=633.8873, 0.84s 
AO iter 3 - LBFGS: NLL=630.1955  mean_cds=1.017e-08  mean_casa=9.425 deg, 1.06s 
mc_idx = 12/100, 耗时 22.66s 
AO iter 1 - EM: NLL=688.7510, 0.16s 
AO iter 1 - LBFGS: NLL=676.0972  mean_cds=9.966e-09  mean_casa=9.511 deg, 0.39s 
AO iter 2 - EM: NLL=662.7820, 0.54s 
AO iter 2 - LBFGS: NLL=658.7106  mean_cds=9.401e-09  mean_casa=9.412 deg, 0.75s 
AO iter 3 - EM: NLL=656.6812, 0.90s 
AO iter 3 - LBFGS: NLL=654.3177  mean_cds=8.877e-09  mean_casa=9.099 deg, 1.11s 
mc_idx = 13/100, 耗时 24.58s 
AO iter 1 - EM: NLL=663.3292, 0.15s 
AO iter 1 - LBFGS: NLL=642.6824  mean_cds=9.428e-09  mean_casa=9.075 deg, 0.38s 
AO iter 2 - EM: NLL=620.7626, 0.52s 
AO iter 2 - LBFGS: NLL=614.9424  mean_cds=8.991e-09  mean_casa=9.175 deg, 0.73s 
AO iter 3 - EM: NLL=612.5050, 0.87s 
AO iter 3 - LBFGS: NLL=608.4068  mean_cds=8.450e-09  mean_casa=9.164 deg, 1.05s 
mc_idx = 14/100, 耗时 26.40s 
AO iter 1 - EM: NLL=647.6573, 0.13s 
AO iter 1 - LBFGS: NLL=639.3799  mean_cds=1.016e-08  mean_casa=9.481 deg, 0.35s 
AO iter 2 - EM: NLL=630.6057, 0.51s 
AO iter 2 - LBFGS: NLL=625.2249  mean_cds=9.427e-09  mean_casa=9.331 deg, 0.71s 
AO iter 3 - EM: NLL=623.0828, 0.85s 
AO iter 3 - LBFGS: NLL=617.9411  mean_cds=9.000e-09  mean_casa=9.055 deg, 1.04s 
mc_idx = 15/100, 耗时 28.24s 
AO iter 1 - EM: NLL=662.3950, 0.13s 
AO iter 1 - LBFGS: NLL=646.6476  mean_cds=9.777e-09  mean_casa=9.687 deg, 0.37s 
AO iter 2 - EM: NLL=637.4677, 0.52s 
AO iter 2 - LBFGS: NLL=629.1835  mean_cds=8.833e-09  mean_casa=9.878 deg, 0.74s 
AO iter 3 - EM: NLL=626.6877, 0.90s 
AO iter 3 - LBFGS: NLL=620.7497  mean_cds=8.139e-09  mean_casa=10.753 deg, 1.10s 
mc_idx = 16/100, 耗时 30.10s 
AO iter 1 - EM: NLL=671.1893, 0.14s 
AO iter 1 - LBFGS: NLL=649.8484  mean_cds=1.027e-08  mean_casa=9.496 deg, 0.37s 
AO iter 2 - EM: NLL=641.2670, 0.52s 
AO iter 2 - LBFGS: NLL=632.6027  mean_cds=1.012e-08  mean_casa=9.729 deg, 0.73s 
AO iter 3 - EM: NLL=625.5190, 0.87s 
AO iter 3 - LBFGS: NLL=623.1549  mean_cds=1.006e-08  mean_casa=9.721 deg, 1.08s 
mc_idx = 17/100, 耗时 31.96s 
AO iter 1 - EM: NLL=707.3180, 0.14s 
AO iter 1 - LBFGS: NLL=697.5515  mean_cds=1.039e-08  mean_casa=9.677 deg, 0.37s 
AO iter 2 - EM: NLL=690.8890, 0.51s 
AO iter 2 - LBFGS: NLL=687.3652  mean_cds=1.004e-08  mean_casa=9.691 deg, 0.71s 
AO iter 3 - EM: NLL=684.2521, 0.85s 
AO iter 3 - LBFGS: NLL=681.7404  mean_cds=9.708e-09  mean_casa=9.481 deg, 1.08s 
mc_idx = 18/100, 耗时 33.84s 
AO iter 1 - EM: NLL=663.9395, 0.14s 
AO iter 1 - LBFGS: NLL=659.5028  mean_cds=9.060e-09  mean_casa=9.877 deg, 0.35s 
AO iter 2 - EM: NLL=639.0225, 0.49s 
AO iter 2 - LBFGS: NLL=627.3046  mean_cds=9.345e-09  mean_casa=10.249 deg, 0.70s 
AO iter 3 - EM: NLL=625.1725, 0.85s 
AO iter 3 - LBFGS: NLL=619.3460  mean_cds=9.491e-09  mean_casa=11.290 deg, 1.06s 
mc_idx = 19/100, 耗时 35.75s 
AO iter 1 - EM: NLL=628.7831, 0.15s 
AO iter 1 - LBFGS: NLL=614.3861  mean_cds=9.926e-09  mean_casa=9.488 deg, 0.39s 
AO iter 2 - EM: NLL=601.6628, 0.54s 
AO iter 2 - LBFGS: NLL=595.1892  mean_cds=9.181e-09  mean_casa=9.762 deg, 0.75s 
AO iter 3 - EM: NLL=593.7651, 0.90s 
AO iter 3 - LBFGS: NLL=592.1493  mean_cds=9.027e-09  mean_casa=9.878 deg, 1.12s 
mc_idx = 20/100, 耗时 37.68s 
AO iter 1 - EM: NLL=669.2266, 0.15s 
AO iter 1 - LBFGS: NLL=643.2682  mean_cds=9.799e-09  mean_casa=9.637 deg, 0.41s 
AO iter 2 - EM: NLL=631.4306, 0.55s 
AO iter 2 - LBFGS: NLL=623.2187  mean_cds=8.867e-09  mean_casa=9.614 deg, 0.77s 
AO iter 3 - EM: NLL=620.3654, 0.92s 
AO iter 3 - LBFGS: NLL=618.5960  mean_cds=8.688e-09  mean_casa=9.704 deg, 1.14s 
mc_idx = 21/100, 耗时 39.67s 
AO iter 1 - EM: NLL=645.9846, 0.15s 
AO iter 1 - LBFGS: NLL=628.1734  mean_cds=1.031e-08  mean_casa=9.834 deg, 0.40s 
AO iter 2 - EM: NLL=610.0778, 0.56s 
AO iter 2 - LBFGS: NLL=602.7081  mean_cds=9.696e-09  mean_casa=10.935 deg, 0.78s 
AO iter 3 - EM: NLL=601.9188, 0.94s 
AO iter 3 - LBFGS: NLL=594.9112  mean_cds=9.934e-09  mean_casa=11.251 deg, 1.17s 
mc_idx = 22/100, 耗时 41.65s 
AO iter 1 - EM: NLL=573.3858, 0.14s 
AO iter 1 - LBFGS: NLL=553.4609  mean_cds=1.013e-08  mean_casa=9.577 deg, 0.37s 
AO iter 2 - EM: NLL=548.1069, 0.51s 
AO iter 2 - LBFGS: NLL=539.9134  mean_cds=9.007e-09  mean_casa=9.867 deg, 0.71s 
AO iter 3 - EM: NLL=538.4962, 0.85s 
AO iter 3 - LBFGS: NLL=536.5837  mean_cds=8.676e-09  mean_casa=9.900 deg, 1.06s 
mc_idx = 23/100, 耗时 43.53s 
AO iter 1 - EM: NLL=609.1664, 0.14s 
AO iter 1 - LBFGS: NLL=593.3047  mean_cds=1.007e-08  mean_casa=9.253 deg, 0.35s 
AO iter 2 - EM: NLL=582.6573, 0.49s 
AO iter 2 - LBFGS: NLL=574.2893  mean_cds=9.010e-09  mean_casa=9.036 deg, 0.70s 
AO iter 3 - EM: NLL=572.2489, 0.84s 
AO iter 3 - LBFGS: NLL=569.2210  mean_cds=9.021e-09  mean_casa=8.790 deg, 1.03s 
mc_idx = 24/100, 耗时 45.36s 
AO iter 1 - EM: NLL=595.3558, 0.14s 
AO iter 1 - LBFGS: NLL=582.8795  mean_cds=1.043e-08  mean_casa=9.556 deg, 0.39s 
AO iter 2 - EM: NLL=574.9860, 0.54s 
AO iter 2 - LBFGS: NLL=568.3247  mean_cds=9.448e-09  mean_casa=9.418 deg, 0.76s 
AO iter 3 - EM: NLL=566.4125, 0.91s 
AO iter 3 - LBFGS: NLL=564.7232  mean_cds=9.326e-09  mean_casa=9.414 deg, 1.12s 
mc_idx = 25/100, 耗时 47.27s 
AO iter 1 - EM: NLL=639.5209, 0.15s 
AO iter 1 - LBFGS: NLL=618.6907  mean_cds=9.668e-09  mean_casa=9.287 deg, 0.37s 
AO iter 2 - EM: NLL=603.4603, 0.51s 
AO iter 2 - LBFGS: NLL=595.5682  mean_cds=9.322e-09  mean_casa=9.622 deg, 0.71s 
AO iter 3 - EM: NLL=593.2340, 0.85s 
AO iter 3 - LBFGS: NLL=588.5801  mean_cds=9.131e-09  mean_casa=9.807 deg, 1.05s 
mc_idx = 26/100, 耗时 49.10s 
AO iter 1 - EM: NLL=674.4456, 0.15s 
AO iter 1 - LBFGS: NLL=652.0235  mean_cds=1.034e-08  mean_casa=9.786 deg, 0.39s 
AO iter 2 - EM: NLL=642.4630, 0.54s 
AO iter 2 - LBFGS: NLL=635.0363  mean_cds=9.967e-09  mean_casa=9.746 deg, 0.77s 
AO iter 3 - EM: NLL=632.2273, 0.92s 
AO iter 3 - LBFGS: NLL=630.2296  mean_cds=9.876e-09  mean_casa=9.791 deg, 1.13s 
mc_idx = 27/100, 耗时 51.03s 
AO iter 1 - EM: NLL=662.0404, 0.14s 
AO iter 1 - LBFGS: NLL=652.5810  mean_cds=1.061e-08  mean_casa=9.791 deg, 0.38s 
AO iter 2 - EM: NLL=647.0380, 0.52s 
AO iter 2 - LBFGS: NLL=642.7000  mean_cds=1.037e-08  mean_casa=9.953 deg, 0.74s 
AO iter 3 - EM: NLL=639.8912, 0.88s 
AO iter 3 - LBFGS: NLL=634.5736  mean_cds=1.064e-08  mean_casa=10.788 deg, 1.08s 
mc_idx = 28/100, 耗时 52.88s 
AO iter 1 - EM: NLL=631.1086, 0.15s 
AO iter 1 - LBFGS: NLL=615.1196  mean_cds=1.054e-08  mean_casa=9.628 deg, 0.37s 
AO iter 2 - EM: NLL=599.3980, 0.51s 
AO iter 2 - LBFGS: NLL=595.2617  mean_cds=1.014e-08  mean_casa=9.443 deg, 0.70s 
AO iter 3 - EM: NLL=593.0509, 0.85s 
AO iter 3 - LBFGS: NLL=591.0902  mean_cds=9.966e-09  mean_casa=9.412 deg, 1.06s 
mc_idx = 29/100, 耗时 54.77s 
AO iter 1 - EM: NLL=660.5107, 0.15s 
AO iter 1 - LBFGS: NLL=645.0400  mean_cds=1.042e-08  mean_casa=9.782 deg, 0.38s 
AO iter 2 - EM: NLL=632.2617, 0.53s 
AO iter 2 - LBFGS: NLL=625.3978  mean_cds=9.743e-09  mean_casa=10.181 deg, 0.73s 
AO iter 3 - EM: NLL=623.0079, 0.87s 
AO iter 3 - LBFGS: NLL=622.0214  mean_cds=9.659e-09  mean_casa=10.213 deg, 1.06s 
mc_idx = 30/100, 耗时 56.63s 
AO iter 1 - EM: NLL=643.6057, 0.13s 
AO iter 1 - LBFGS: NLL=631.4141  mean_cds=1.033e-08  mean_casa=9.455 deg, 0.36s 
AO iter 2 - EM: NLL=624.4943, 0.50s 
AO iter 2 - LBFGS: NLL=618.0693  mean_cds=8.599e-09  mean_casa=8.902 deg, 0.70s 
AO iter 3 - EM: NLL=615.1717, 0.85s 
AO iter 3 - LBFGS: NLL=613.4093  mean_cds=8.672e-09  mean_casa=8.986 deg, 1.05s 
mc_idx = 31/100, 耗时 58.48s 
AO iter 1 - EM: NLL=593.7530, 0.15s 
AO iter 1 - LBFGS: NLL=588.0294  mean_cds=1.002e-08  mean_casa=8.790 deg, 0.38s 
AO iter 2 - EM: NLL=577.8306, 0.54s 
AO iter 2 - LBFGS: NLL=568.9331  mean_cds=1.018e-08  mean_casa=8.788 deg, 0.77s 
AO iter 3 - EM: NLL=563.9957, 0.91s 
AO iter 3 - LBFGS: NLL=562.0033  mean_cds=1.012e-08  mean_casa=8.758 deg, 1.13s 
mc_idx = 32/100, 耗时 60.38s 
AO iter 1 - EM: NLL=673.5749, 0.16s 
AO iter 1 - LBFGS: NLL=660.7618  mean_cds=1.051e-08  mean_casa=9.722 deg, 0.39s 
AO iter 2 - EM: NLL=649.3103, 0.54s 
AO iter 2 - LBFGS: NLL=645.3106  mean_cds=1.020e-08  mean_casa=10.058 deg, 0.75s 
AO iter 3 - EM: NLL=644.2158, 0.90s 
AO iter 3 - LBFGS: NLL=642.8208  mean_cds=1.017e-08  mean_casa=10.227 deg, 1.10s 
mc_idx = 33/100, 耗时 62.29s 
AO iter 1 - EM: NLL=694.2265, 0.14s 
AO iter 1 - LBFGS: NLL=685.7765  mean_cds=1.066e-08  mean_casa=9.819 deg, 0.38s 
AO iter 2 - EM: NLL=677.6968, 0.53s 
AO iter 2 - LBFGS: NLL=674.8180  mean_cds=1.045e-08  mean_casa=9.993 deg, 0.74s 
AO iter 3 - EM: NLL=670.8704, 0.88s 
AO iter 3 - LBFGS: NLL=665.9724  mean_cds=9.889e-09  mean_casa=10.528 deg, 1.09s 
mc_idx = 34/100, 耗时 64.18s 
AO iter 1 - EM: NLL=715.8315, 0.14s 
AO iter 1 - LBFGS: NLL=690.9900  mean_cds=9.485e-09  mean_casa=9.092 deg, 0.35s 
AO iter 2 - EM: NLL=677.2987, 0.49s 
AO iter 2 - LBFGS: NLL=668.3330  mean_cds=9.330e-09  mean_casa=9.138 deg, 0.69s 
AO iter 3 - EM: NLL=666.0353, 0.84s 
AO iter 3 - LBFGS: NLL=661.4935  mean_cds=9.102e-09  mean_casa=9.061 deg, 1.05s 
mc_idx = 35/100, 耗时 66.02s 
AO iter 1 - EM: NLL=607.0437, 0.15s 
AO iter 1 - LBFGS: NLL=580.7380  mean_cds=9.066e-09  mean_casa=9.369 deg, 0.37s 
AO iter 2 - EM: NLL=563.7474, 0.51s 
AO iter 2 - LBFGS: NLL=555.3306  mean_cds=8.306e-09  mean_casa=10.548 deg, 0.73s 
AO iter 3 - EM: NLL=553.1950, 0.86s 
AO iter 3 - LBFGS: NLL=551.1973  mean_cds=8.049e-09  mean_casa=10.728 deg, 1.09s 
mc_idx = 36/100, 耗时 67.89s 
AO iter 1 - EM: NLL=711.8107, 0.14s 
AO iter 1 - LBFGS: NLL=701.4407  mean_cds=1.001e-08  mean_casa=9.988 deg, 0.36s 
AO iter 2 - EM: NLL=692.2379, 0.51s 
AO iter 2 - LBFGS: NLL=687.4246  mean_cds=9.186e-09  mean_casa=10.217 deg, 0.73s 
AO iter 3 - EM: NLL=685.8680, 0.87s 
AO iter 3 - LBFGS: NLL=682.6503  mean_cds=8.859e-09  mean_casa=10.508 deg, 1.07s 
mc_idx = 37/100, 耗时 69.76s 
AO iter 1 - EM: NLL=652.1805, 0.14s 
AO iter 1 - LBFGS: NLL=639.3070  mean_cds=1.048e-08  mean_casa=9.712 deg, 0.38s 
AO iter 2 - EM: NLL=628.8982, 0.53s 
AO iter 2 - LBFGS: NLL=625.0665  mean_cds=9.974e-09  mean_casa=9.582 deg, 0.74s 
AO iter 3 - EM: NLL=623.7354, 0.89s 
AO iter 3 - LBFGS: NLL=622.2144  mean_cds=9.721e-09  mean_casa=9.529 deg, 1.11s 
mc_idx = 38/100, 耗时 71.63s 
AO iter 1 - EM: NLL=652.8932, 0.14s 
AO iter 1 - LBFGS: NLL=637.0248  mean_cds=1.014e-08  mean_casa=9.697 deg, 0.36s 
AO iter 2 - EM: NLL=626.6998, 0.51s 
AO iter 2 - LBFGS: NLL=618.6674  mean_cds=9.317e-09  mean_casa=9.756 deg, 0.72s 
AO iter 3 - EM: NLL=616.5434, 0.86s 
AO iter 3 - LBFGS: NLL=614.6202  mean_cds=9.057e-09  mean_casa=9.896 deg, 1.07s 
mc_idx = 39/100, 耗时 73.50s 
AO iter 1 - EM: NLL=686.1378, 0.14s 
AO iter 1 - LBFGS: NLL=668.2203  mean_cds=9.905e-09  mean_casa=9.858 deg, 0.36s 
AO iter 2 - EM: NLL=650.5628, 0.51s 
AO iter 2 - LBFGS: NLL=639.1045  mean_cds=8.788e-09  mean_casa=10.500 deg, 0.73s 
AO iter 3 - EM: NLL=636.0720, 0.88s 
AO iter 3 - LBFGS: NLL=634.2558  mean_cds=8.706e-09  mean_casa=10.687 deg, 1.09s 
mc_idx = 40/100, 耗时 75.35s 
AO iter 1 - EM: NLL=646.5029, 0.14s 
AO iter 1 - LBFGS: NLL=629.8145  mean_cds=1.024e-08  mean_casa=9.522 deg, 0.36s 
AO iter 2 - EM: NLL=620.5430, 0.50s 
AO iter 2 - LBFGS: NLL=613.8706  mean_cds=9.877e-09  mean_casa=9.583 deg, 0.71s 
AO iter 3 - EM: NLL=611.3357, 0.85s 
AO iter 3 - LBFGS: NLL=609.0421  mean_cds=9.564e-09  mean_casa=9.693 deg, 1.04s 
mc_idx = 41/100, 耗时 77.18s 
AO iter 1 - EM: NLL=649.0974, 0.16s 
AO iter 1 - LBFGS: NLL=631.0675  mean_cds=1.001e-08  mean_casa=9.538 deg, 0.37s 
AO iter 2 - EM: NLL=620.5293, 0.52s 
AO iter 2 - LBFGS: NLL=613.7972  mean_cds=9.410e-09  mean_casa=9.431 deg, 0.74s 
AO iter 3 - EM: NLL=610.1482, 0.87s 
AO iter 3 - LBFGS: NLL=605.1945  mean_cds=9.087e-09  mean_casa=9.481 deg, 1.08s 
mc_idx = 42/100, 耗时 79.04s 
AO iter 1 - EM: NLL=661.5507, 0.15s 
AO iter 1 - LBFGS: NLL=644.3688  mean_cds=1.000e-08  mean_casa=9.682 deg, 0.38s 
AO iter 2 - EM: NLL=631.3579, 0.52s 
AO iter 2 - LBFGS: NLL=626.7505  mean_cds=9.377e-09  mean_casa=9.847 deg, 0.72s 
AO iter 3 - EM: NLL=624.7047, 0.87s 
AO iter 3 - LBFGS: NLL=622.0964  mean_cds=9.010e-09  mean_casa=9.888 deg, 1.08s 
mc_idx = 43/100, 耗时 80.92s 
AO iter 1 - EM: NLL=661.7245, 0.15s 
AO iter 1 - LBFGS: NLL=644.9288  mean_cds=9.878e-09  mean_casa=9.740 deg, 0.36s 
AO iter 2 - EM: NLL=632.1568, 0.49s 
AO iter 2 - LBFGS: NLL=628.5420  mean_cds=9.467e-09  mean_casa=9.973 deg, 0.70s 
AO iter 3 - EM: NLL=626.1623, 0.85s 
AO iter 3 - LBFGS: NLL=623.0859  mean_cds=9.354e-09  mean_casa=10.560 deg, 1.05s 
mc_idx = 44/100, 耗时 82.78s 
AO iter 1 - EM: NLL=655.5958, 0.14s 
AO iter 1 - LBFGS: NLL=635.0846  mean_cds=1.000e-08  mean_casa=9.440 deg, 0.37s 
AO iter 2 - EM: NLL=619.7532, 0.50s 
AO iter 2 - LBFGS: NLL=609.6434  mean_cds=9.049e-09  mean_casa=9.368 deg, 0.68s 
AO iter 3 - EM: NLL=607.9796, 0.82s 
AO iter 3 - LBFGS: NLL=604.6689  mean_cds=8.702e-09  mean_casa=9.466 deg, 1.04s 
mc_idx = 45/100, 耗时 84.58s 
AO iter 1 - EM: NLL=730.6550, 0.14s 
AO iter 1 - LBFGS: NLL=718.7333  mean_cds=1.031e-08  mean_casa=9.584 deg, 0.37s 
AO iter 2 - EM: NLL=707.9267, 0.53s 
AO iter 2 - LBFGS: NLL=699.2870  mean_cds=9.902e-09  mean_casa=9.496 deg, 0.72s 
AO iter 3 - EM: NLL=696.3783, 0.87s 
AO iter 3 - LBFGS: NLL=692.4569  mean_cds=9.681e-09  mean_casa=9.289 deg, 1.07s 
mc_idx = 46/100, 耗时 86.41s 
AO iter 1 - EM: NLL=686.1820, 0.15s 
AO iter 1 - LBFGS: NLL=666.0170  mean_cds=9.969e-09  mean_casa=9.327 deg, 0.39s 
AO iter 2 - EM: NLL=649.7031, 0.54s 
AO iter 2 - LBFGS: NLL=641.5970  mean_cds=9.327e-09  mean_casa=9.037 deg, 0.74s 
AO iter 3 - EM: NLL=639.2738, 0.87s 
AO iter 3 - LBFGS: NLL=631.9259  mean_cds=8.784e-09  mean_casa=8.875 deg, 1.06s 
mc_idx = 47/100, 耗时 88.23s 
AO iter 1 - EM: NLL=590.9122, 0.14s 
AO iter 1 - LBFGS: NLL=578.3487  mean_cds=9.169e-09  mean_casa=9.399 deg, 0.37s 
AO iter 2 - EM: NLL=561.1637, 0.51s 
AO iter 2 - LBFGS: NLL=556.0258  mean_cds=8.565e-09  mean_casa=9.349 deg, 0.72s 
AO iter 3 - EM: NLL=552.5705, 0.86s 
AO iter 3 - LBFGS: NLL=547.4871  mean_cds=7.608e-09  mean_casa=8.592 deg, 1.04s 
mc_idx = 48/100, 耗时 90.04s 
AO iter 1 - EM: NLL=629.4651, 0.14s 
AO iter 1 - LBFGS: NLL=612.2201  mean_cds=1.025e-08  mean_casa=9.259 deg, 0.35s 
AO iter 2 - EM: NLL=599.7113, 0.49s 
AO iter 2 - LBFGS: NLL=595.3637  mean_cds=9.950e-09  mean_casa=9.196 deg, 0.70s 
AO iter 3 - EM: NLL=593.5569, 0.85s 
AO iter 3 - LBFGS: NLL=590.0888  mean_cds=9.568e-09  mean_casa=8.868 deg, 1.06s 
mc_idx = 49/100, 耗时 91.90s 
AO iter 1 - EM: NLL=660.8889, 0.16s 
AO iter 1 - LBFGS: NLL=644.8364  mean_cds=9.979e-09  mean_casa=9.642 deg, 0.37s 
AO iter 2 - EM: NLL=630.7267, 0.52s 
AO iter 2 - LBFGS: NLL=627.4840  mean_cds=9.583e-09  mean_casa=9.961 deg, 0.73s 
AO iter 3 - EM: NLL=626.0869, 0.88s 
AO iter 3 - LBFGS: NLL=621.2287  mean_cds=8.147e-09  mean_casa=11.979 deg, 1.08s 
mc_idx = 50/100, 耗时 93.82s 
AO iter 1 - EM: NLL=660.4195, 0.13s 
AO iter 1 - LBFGS: NLL=645.1705  mean_cds=9.523e-09  mean_casa=9.422 deg, 0.35s 
AO iter 2 - EM: NLL=633.1694, 0.51s 
AO iter 2 - LBFGS: NLL=623.2671  mean_cds=9.195e-09  mean_casa=9.593 deg, 0.73s 
AO iter 3 - EM: NLL=620.1138, 0.89s 
AO iter 3 - LBFGS: NLL=616.4868  mean_cds=8.988e-09  mean_casa=9.779 deg, 1.09s 
mc_idx = 51/100, 耗时 95.70s 
AO iter 1 - EM: NLL=740.9606, 0.14s 
AO iter 1 - LBFGS: NLL=714.9921  mean_cds=9.946e-09  mean_casa=9.445 deg, 0.35s 
AO iter 2 - EM: NLL=688.6586, 0.50s 
AO iter 2 - LBFGS: NLL=684.5589  mean_cds=9.612e-09  mean_casa=9.510 deg, 0.70s 
AO iter 3 - EM: NLL=682.8717, 0.85s 
AO iter 3 - LBFGS: NLL=678.7701  mean_cds=9.230e-09  mean_casa=9.514 deg, 1.04s 
mc_idx = 52/100, 耗时 97.53s 
AO iter 1 - EM: NLL=608.2753, 0.13s 
AO iter 1 - LBFGS: NLL=588.0752  mean_cds=1.007e-08  mean_casa=9.475 deg, 0.34s 
AO iter 2 - EM: NLL=578.6152, 0.49s 
AO iter 2 - LBFGS: NLL=572.2160  mean_cds=9.484e-09  mean_casa=9.306 deg, 0.73s 
AO iter 3 - EM: NLL=569.4398, 0.87s 
AO iter 3 - LBFGS: NLL=564.7607  mean_cds=8.889e-09  mean_casa=8.921 deg, 1.06s 
mc_idx = 53/100, 耗时 99.37s 
AO iter 1 - EM: NLL=625.9173, 0.14s 
AO iter 1 - LBFGS: NLL=606.6481  mean_cds=9.386e-09  mean_casa=9.717 deg, 0.38s 
AO iter 2 - EM: NLL=597.2884, 0.53s 
AO iter 2 - LBFGS: NLL=591.8298  mean_cds=8.512e-09  mean_casa=9.900 deg, 0.76s 
AO iter 3 - EM: NLL=589.8702, 0.90s 
AO iter 3 - LBFGS: NLL=587.5718  mean_cds=7.913e-09  mean_casa=9.877 deg, 1.10s 
mc_idx = 54/100, 耗时 101.26s 
AO iter 1 - EM: NLL=674.4639, 0.14s 
AO iter 1 - LBFGS: NLL=654.9213  mean_cds=1.038e-08  mean_casa=9.305 deg, 0.36s 
AO iter 2 - EM: NLL=646.0086, 0.52s 
AO iter 2 - LBFGS: NLL=636.4610  mean_cds=1.032e-08  mean_casa=9.291 deg, 0.72s 
AO iter 3 - EM: NLL=633.5504, 0.86s 
AO iter 3 - LBFGS: NLL=630.8082  mean_cds=1.041e-08  mean_casa=9.353 deg, 1.05s 
mc_idx = 55/100, 耗时 103.09s 
AO iter 1 - EM: NLL=690.0154, 0.15s 
AO iter 1 - LBFGS: NLL=672.5321  mean_cds=1.043e-08  mean_casa=9.519 deg, 0.38s 
AO iter 2 - EM: NLL=662.2699, 0.53s 
AO iter 2 - LBFGS: NLL=654.7920  mean_cds=1.001e-08  mean_casa=9.608 deg, 0.75s 
AO iter 3 - EM: NLL=653.1217, 0.90s 
AO iter 3 - LBFGS: NLL=651.0707  mean_cds=9.947e-09  mean_casa=9.586 deg, 1.12s 
mc_idx = 56/100, 耗时 105.00s 
AO iter 1 - EM: NLL=670.0388, 0.15s 
AO iter 1 - LBFGS: NLL=661.5753  mean_cds=1.065e-08  mean_casa=9.657 deg, 0.38s 
AO iter 2 - EM: NLL=655.4188, 0.52s 
AO iter 2 - LBFGS: NLL=651.7282  mean_cds=1.016e-08  mean_casa=9.370 deg, 0.73s 
AO iter 3 - EM: NLL=650.1778, 0.87s 
AO iter 3 - LBFGS: NLL=649.1969  mean_cds=1.005e-08  mean_casa=9.232 deg, 1.08s 
mc_idx = 57/100, 耗时 106.87s 
AO iter 1 - EM: NLL=689.0407, 0.15s 
AO iter 1 - LBFGS: NLL=673.9706  mean_cds=1.038e-08  mean_casa=9.573 deg, 0.39s 
AO iter 2 - EM: NLL=662.2796, 0.55s 
AO iter 2 - LBFGS: NLL=658.2257  mean_cds=1.016e-08  mean_casa=9.600 deg, 0.76s 
AO iter 3 - EM: NLL=656.8775, 0.90s 
AO iter 3 - LBFGS: NLL=654.3630  mean_cds=9.591e-09  mean_casa=10.176 deg, 1.09s 
mc_idx = 58/100, 耗时 108.77s 
AO iter 1 - EM: NLL=613.4883, 0.16s 
AO iter 1 - LBFGS: NLL=589.3100  mean_cds=1.037e-08  mean_casa=9.149 deg, 0.39s 
AO iter 2 - EM: NLL=568.8037, 0.54s 
AO iter 2 - LBFGS: NLL=561.7258  mean_cds=1.050e-08  mean_casa=10.006 deg, 0.72s 
AO iter 3 - EM: NLL=557.7047, 0.87s 
AO iter 3 - LBFGS: NLL=555.8562  mean_cds=1.052e-08  mean_casa=9.801 deg, 1.10s 
mc_idx = 59/100, 耗时 110.63s 
AO iter 1 - EM: NLL=696.3674, 0.16s 
AO iter 1 - LBFGS: NLL=675.0835  mean_cds=1.055e-08  mean_casa=9.711 deg, 0.38s 
AO iter 2 - EM: NLL=660.7209, 0.54s 
AO iter 2 - LBFGS: NLL=647.1861  mean_cds=1.035e-08  mean_casa=9.887 deg, 0.75s 
AO iter 3 - EM: NLL=640.0239, 0.88s 
AO iter 3 - LBFGS: NLL=635.6291  mean_cds=1.035e-08  mean_casa=10.287 deg, 1.08s 
mc_idx = 60/100, 耗时 112.50s 
AO iter 1 - EM: NLL=624.6591, 0.15s 
AO iter 1 - LBFGS: NLL=613.5597  mean_cds=1.038e-08  mean_casa=9.950 deg, 0.35s 
AO iter 2 - EM: NLL=603.9055, 0.50s 
AO iter 2 - LBFGS: NLL=597.5790  mean_cds=9.968e-09  mean_casa=10.072 deg, 0.72s 
AO iter 3 - EM: NLL=594.0322, 0.86s 
AO iter 3 - LBFGS: NLL=592.0387  mean_cds=9.760e-09  mean_casa=10.183 deg, 1.05s 
mc_idx = 61/100, 耗时 114.33s 
AO iter 1 - EM: NLL=679.2205, 0.14s 
AO iter 1 - LBFGS: NLL=652.6277  mean_cds=1.042e-08  mean_casa=9.288 deg, 0.37s 
AO iter 2 - EM: NLL=643.1280, 0.51s 
AO iter 2 - LBFGS: NLL=640.5771  mean_cds=1.028e-08  mean_casa=9.227 deg, 0.72s 
AO iter 3 - EM: NLL=639.2149, 0.87s 
AO iter 3 - LBFGS: NLL=637.4476  mean_cds=1.021e-08  mean_casa=9.153 deg, 1.10s 
mc_idx = 62/100, 耗时 116.21s 
AO iter 1 - EM: NLL=636.3601, 0.16s 
AO iter 1 - LBFGS: NLL=614.9445  mean_cds=9.436e-09  mean_casa=9.176 deg, 0.38s 
AO iter 2 - EM: NLL=608.5731, 0.52s 
AO iter 2 - LBFGS: NLL=602.9281  mean_cds=8.749e-09  mean_casa=9.030 deg, 0.72s 
AO iter 3 - EM: NLL=601.0001, 0.87s 
AO iter 3 - LBFGS: NLL=595.4783  mean_cds=8.138e-09  mean_casa=8.918 deg, 1.07s 
mc_idx = 63/100, 耗时 118.09s 
AO iter 1 - EM: NLL=674.7910, 0.14s 
AO iter 1 - LBFGS: NLL=656.9133  mean_cds=1.053e-08  mean_casa=9.587 deg, 0.37s 
AO iter 2 - EM: NLL=649.5310, 0.51s 
AO iter 2 - LBFGS: NLL=641.7258  mean_cds=1.022e-08  mean_casa=9.759 deg, 0.72s 
AO iter 3 - EM: NLL=639.3225, 0.85s 
AO iter 3 - LBFGS: NLL=637.4008  mean_cds=1.014e-08  mean_casa=9.656 deg, 1.07s 
mc_idx = 64/100, 耗时 119.91s 
AO iter 1 - EM: NLL=614.3289, 0.15s 
AO iter 1 - LBFGS: NLL=600.2531  mean_cds=1.056e-08  mean_casa=9.321 deg, 0.37s 
AO iter 2 - EM: NLL=590.5654, 0.51s 
AO iter 2 - LBFGS: NLL=585.2308  mean_cds=1.063e-08  mean_casa=9.241 deg, 0.70s 
AO iter 3 - EM: NLL=584.2472, 0.85s 
AO iter 3 - LBFGS: NLL=581.6178  mean_cds=1.102e-08  mean_casa=8.801 deg, 1.06s 
mc_idx = 65/100, 耗时 121.77s 
AO iter 1 - EM: NLL=591.3937, 0.15s 
AO iter 1 - LBFGS: NLL=575.8130  mean_cds=9.897e-09  mean_casa=9.582 deg, 0.38s 
AO iter 2 - EM: NLL=569.6649, 0.53s 
AO iter 2 - LBFGS: NLL=565.6605  mean_cds=9.673e-09  mean_casa=9.749 deg, 0.75s 
AO iter 3 - EM: NLL=564.3150, 0.90s 
AO iter 3 - LBFGS: NLL=562.0512  mean_cds=9.432e-09  mean_casa=9.844 deg, 1.11s 
mc_idx = 66/100, 耗时 123.69s 
AO iter 1 - EM: NLL=644.3926, 0.15s 
AO iter 1 - LBFGS: NLL=627.9779  mean_cds=1.036e-08  mean_casa=9.350 deg, 0.38s 
AO iter 2 - EM: NLL=612.8186, 0.52s 
AO iter 2 - LBFGS: NLL=605.4440  mean_cds=9.975e-09  mean_casa=9.580 deg, 0.73s 
AO iter 3 - EM: NLL=603.6815, 0.88s 
AO iter 3 - LBFGS: NLL=601.0254  mean_cds=1.005e-08  mean_casa=9.742 deg, 1.08s 
mc_idx = 67/100, 耗时 125.57s 
AO iter 1 - EM: NLL=656.2807, 0.15s 
AO iter 1 - LBFGS: NLL=646.7949  mean_cds=1.008e-08  mean_casa=9.781 deg, 0.36s 
AO iter 2 - EM: NLL=645.7642, 0.50s 
AO iter 2 - LBFGS: NLL=640.4736  mean_cds=9.964e-09  mean_casa=10.008 deg, 0.71s 
AO iter 3 - EM: NLL=633.6920, 0.85s 
AO iter 3 - LBFGS: NLL=630.0924  mean_cds=9.647e-09  mean_casa=10.200 deg, 1.04s 
mc_idx = 68/100, 耗时 127.40s 
AO iter 1 - EM: NLL=677.8079, 0.15s 
AO iter 1 - LBFGS: NLL=660.2766  mean_cds=9.864e-09  mean_casa=9.167 deg, 0.37s 
AO iter 2 - EM: NLL=650.3862, 0.52s 
AO iter 2 - LBFGS: NLL=647.0329  mean_cds=9.313e-09  mean_casa=9.097 deg, 0.74s 
AO iter 3 - EM: NLL=645.6539, 0.89s 
AO iter 3 - LBFGS: NLL=643.3400  mean_cds=8.679e-09  mean_casa=9.023 deg, 1.10s 
mc_idx = 69/100, 耗时 129.30s 
AO iter 1 - EM: NLL=665.9910, 0.13s 
AO iter 1 - LBFGS: NLL=646.4459  mean_cds=9.991e-09  mean_casa=9.476 deg, 0.34s 
AO iter 2 - EM: NLL=630.1589, 0.48s 
AO iter 2 - LBFGS: NLL=616.2186  mean_cds=8.135e-09  mean_casa=8.873 deg, 0.67s 
AO iter 3 - EM: NLL=614.4895, 0.83s 
AO iter 3 - LBFGS: NLL=613.1142  mean_cds=8.143e-09  mean_casa=8.814 deg, 1.04s 
mc_idx = 70/100, 耗时 131.10s 
AO iter 1 - EM: NLL=586.4020, 0.15s 
AO iter 1 - LBFGS: NLL=575.9351  mean_cds=1.048e-08  mean_casa=9.259 deg, 0.36s 
AO iter 2 - EM: NLL=559.3113, 0.50s 
AO iter 2 - LBFGS: NLL=556.6608  mean_cds=1.031e-08  mean_casa=8.929 deg, 0.71s 
AO iter 3 - EM: NLL=555.6924, 0.86s 
AO iter 3 - LBFGS: NLL=554.0564  mean_cds=1.017e-08  mean_casa=8.636 deg, 1.07s 
mc_idx = 71/100, 耗时 132.94s 
AO iter 1 - EM: NLL=636.0464, 0.14s 
AO iter 1 - LBFGS: NLL=619.6768  mean_cds=1.039e-08  mean_casa=9.453 deg, 0.36s 
AO iter 2 - EM: NLL=608.8575, 0.49s 
AO iter 2 - LBFGS: NLL=601.7365  mean_cds=9.984e-09  mean_casa=8.883 deg, 0.69s 
AO iter 3 - EM: NLL=601.4115, 0.83s 
AO iter 3 - LBFGS: NLL=600.5062  mean_cds=9.902e-09  mean_casa=8.736 deg, 1.03s 
mc_idx = 72/100, 耗时 134.75s 
AO iter 1 - EM: NLL=651.1765, 0.13s 
AO iter 1 - LBFGS: NLL=637.5992  mean_cds=1.016e-08  mean_casa=9.504 deg, 0.36s 
AO iter 2 - EM: NLL=628.9486, 0.49s 
AO iter 2 - LBFGS: NLL=621.5268  mean_cds=9.721e-09  mean_casa=9.675 deg, 0.69s 
AO iter 3 - EM: NLL=619.1353, 0.83s 
AO iter 3 - LBFGS: NLL=616.0593  mean_cds=9.450e-09  mean_casa=9.614 deg, 1.03s 
mc_idx = 73/100, 耗时 136.57s 
AO iter 1 - EM: NLL=626.6166, 0.15s 
AO iter 1 - LBFGS: NLL=612.8971  mean_cds=9.657e-09  mean_casa=9.050 deg, 0.38s 
AO iter 2 - EM: NLL=603.6590, 0.52s 
AO iter 2 - LBFGS: NLL=598.1106  mean_cds=9.252e-09  mean_casa=8.960 deg, 0.72s 
AO iter 3 - EM: NLL=594.6757, 0.85s 
AO iter 3 - LBFGS: NLL=587.7593  mean_cds=9.054e-09  mean_casa=8.735 deg, 1.05s 
mc_idx = 74/100, 耗时 138.38s 
AO iter 1 - EM: NLL=654.7528, 0.15s 
AO iter 1 - LBFGS: NLL=632.5404  mean_cds=1.008e-08  mean_casa=9.301 deg, 0.40s 
AO iter 2 - EM: NLL=621.3014, 0.54s 
AO iter 2 - LBFGS: NLL=617.7944  mean_cds=9.719e-09  mean_casa=9.305 deg, 0.75s 
AO iter 3 - EM: NLL=616.7138, 0.88s 
AO iter 3 - LBFGS: NLL=611.7910  mean_cds=8.816e-09  mean_casa=9.035 deg, 1.08s 
mc_idx = 75/100, 耗时 140.24s 
AO iter 1 - EM: NLL=676.6259, 0.13s 
AO iter 1 - LBFGS: NLL=668.2722  mean_cds=1.033e-08  mean_casa=9.898 deg, 0.36s 
AO iter 2 - EM: NLL=660.9008, 0.51s 
AO iter 2 - LBFGS: NLL=656.7977  mean_cds=9.828e-09  mean_casa=10.231 deg, 0.72s 
AO iter 3 - EM: NLL=654.0771, 0.87s 
AO iter 3 - LBFGS: NLL=650.3076  mean_cds=9.221e-09  mean_casa=11.062 deg, 1.07s 
mc_idx = 76/100, 耗时 142.09s 
AO iter 1 - EM: NLL=653.6779, 0.14s 
AO iter 1 - LBFGS: NLL=644.3529  mean_cds=1.025e-08  mean_casa=9.637 deg, 0.35s 
AO iter 2 - EM: NLL=627.4224, 0.49s 
AO iter 2 - LBFGS: NLL=622.6100  mean_cds=9.545e-09  mean_casa=9.514 deg, 0.70s 
AO iter 3 - EM: NLL=620.6287, 0.83s 
AO iter 3 - LBFGS: NLL=619.3478  mean_cds=9.375e-09  mean_casa=9.359 deg, 1.03s 
mc_idx = 77/100, 耗时 143.89s 
AO iter 1 - EM: NLL=690.1987, 0.15s 
AO iter 1 - LBFGS: NLL=667.2777  mean_cds=9.426e-09  mean_casa=9.266 deg, 0.38s 
AO iter 2 - EM: NLL=660.3934, 0.54s 
AO iter 2 - LBFGS: NLL=654.5872  mean_cds=9.051e-09  mean_casa=9.386 deg, 0.74s 
AO iter 3 - EM: NLL=653.1981, 0.88s 
AO iter 3 - LBFGS: NLL=650.4070  mean_cds=8.834e-09  mean_casa=9.393 deg, 1.08s 
mc_idx = 78/100, 耗时 145.76s 
AO iter 1 - EM: NLL=673.1755, 0.14s 
AO iter 1 - LBFGS: NLL=656.9515  mean_cds=1.031e-08  mean_casa=9.274 deg, 0.34s 
AO iter 2 - EM: NLL=644.1592, 0.48s 
AO iter 2 - LBFGS: NLL=635.8442  mean_cds=9.538e-09  mean_casa=9.191 deg, 0.67s 
AO iter 3 - EM: NLL=633.1352, 0.81s 
AO iter 3 - LBFGS: NLL=631.6783  mean_cds=9.433e-09  mean_casa=9.061 deg, 1.01s 
mc_idx = 79/100, 耗时 147.53s 
AO iter 1 - EM: NLL=677.8769, 0.14s 
AO iter 1 - LBFGS: NLL=662.9583  mean_cds=1.030e-08  mean_casa=9.155 deg, 0.36s 
AO iter 2 - EM: NLL=656.0664, 0.51s 
AO iter 2 - LBFGS: NLL=649.7000  mean_cds=1.003e-08  mean_casa=9.056 deg, 0.70s 
AO iter 3 - EM: NLL=648.4766, 0.85s 
AO iter 3 - LBFGS: NLL=643.4868  mean_cds=9.916e-09  mean_casa=9.535 deg, 1.05s 
mc_idx = 80/100, 耗时 149.37s 
AO iter 1 - EM: NLL=632.8443, 0.14s 
AO iter 1 - LBFGS: NLL=616.8021  mean_cds=9.756e-09  mean_casa=9.789 deg, 0.37s 
AO iter 2 - EM: NLL=608.4738, 0.51s 
AO iter 2 - LBFGS: NLL=602.8797  mean_cds=9.193e-09  mean_casa=10.211 deg, 0.72s 
AO iter 3 - EM: NLL=601.3324, 0.87s 
AO iter 3 - LBFGS: NLL=599.3001  mean_cds=9.122e-09  mean_casa=10.594 deg, 1.06s 
mc_idx = 81/100, 耗时 151.19s 
AO iter 1 - EM: NLL=646.6932, 0.14s 
AO iter 1 - LBFGS: NLL=630.4610  mean_cds=1.022e-08  mean_casa=9.521 deg, 0.37s 
AO iter 2 - EM: NLL=617.3254, 0.52s 
AO iter 2 - LBFGS: NLL=610.4396  mean_cds=9.563e-09  mean_casa=9.733 deg, 0.74s 
AO iter 3 - EM: NLL=608.9367, 0.89s 
AO iter 3 - LBFGS: NLL=605.4946  mean_cds=8.664e-09  mean_casa=10.293 deg, 1.09s 
mc_idx = 82/100, 耗时 153.07s 
AO iter 1 - EM: NLL=755.6429, 0.16s 
AO iter 1 - LBFGS: NLL=738.4161  mean_cds=1.057e-08  mean_casa=9.368 deg, 0.38s 
AO iter 2 - EM: NLL=728.0537, 0.52s 
AO iter 2 - LBFGS: NLL=721.3916  mean_cds=1.034e-08  mean_casa=9.464 deg, 0.73s 
AO iter 3 - EM: NLL=719.6144, 0.88s 
AO iter 3 - LBFGS: NLL=714.8741  mean_cds=1.075e-08  mean_casa=9.772 deg, 1.06s 
mc_idx = 83/100, 耗时 154.95s 
AO iter 1 - EM: NLL=714.7777, 0.15s 
AO iter 1 - LBFGS: NLL=688.9984  mean_cds=8.783e-09  mean_casa=9.654 deg, 0.36s 
AO iter 2 - EM: NLL=662.0773, 0.51s 
AO iter 2 - LBFGS: NLL=655.7436  mean_cds=8.430e-09  mean_casa=9.496 deg, 0.72s 
AO iter 3 - EM: NLL=650.8556, 0.86s 
AO iter 3 - LBFGS: NLL=648.3967  mean_cds=8.080e-09  mean_casa=9.432 deg, 1.06s 
mc_idx = 84/100, 耗时 156.79s 
AO iter 1 - EM: NLL=704.6915, 0.15s 
AO iter 1 - LBFGS: NLL=687.3403  mean_cds=1.044e-08  mean_casa=9.362 deg, 0.36s 
AO iter 2 - EM: NLL=676.0557, 0.52s 
AO iter 2 - LBFGS: NLL=669.3098  mean_cds=9.928e-09  mean_casa=9.205 deg, 0.72s 
AO iter 3 - EM: NLL=668.1157, 0.86s 
AO iter 3 - LBFGS: NLL=665.9452  mean_cds=9.723e-09  mean_casa=9.341 deg, 1.06s 
mc_idx = 85/100, 耗时 158.61s 
AO iter 1 - EM: NLL=590.1432, 0.15s 
AO iter 1 - LBFGS: NLL=561.9487  mean_cds=9.526e-09  mean_casa=9.169 deg, 0.38s 
AO iter 2 - EM: NLL=538.3445, 0.53s 
AO iter 2 - LBFGS: NLL=529.8871  mean_cds=9.362e-09  mean_casa=9.060 deg, 0.74s 
AO iter 3 - EM: NLL=527.1294, 0.89s 
AO iter 3 - LBFGS: NLL=524.6392  mean_cds=9.179e-09  mean_casa=9.412 deg, 1.09s 
mc_idx = 86/100, 耗时 160.50s 
AO iter 1 - EM: NLL=718.9769, 0.15s 
AO iter 1 - LBFGS: NLL=700.8714  mean_cds=9.208e-09  mean_casa=9.472 deg, 0.35s 
AO iter 2 - EM: NLL=690.9868, 0.49s 
AO iter 2 - LBFGS: NLL=685.0607  mean_cds=9.081e-09  mean_casa=9.602 deg, 0.70s 
AO iter 3 - EM: NLL=682.3874, 0.83s 
AO iter 3 - LBFGS: NLL=672.2570  mean_cds=9.078e-09  mean_casa=9.921 deg, 1.07s 
mc_idx = 87/100, 耗时 162.39s 
AO iter 1 - EM: NLL=696.1123, 0.15s 
AO iter 1 - LBFGS: NLL=659.5911  mean_cds=9.939e-09  mean_casa=8.950 deg, 0.39s 
AO iter 2 - EM: NLL=630.2169, 0.55s 
AO iter 2 - LBFGS: NLL=616.6516  mean_cds=9.584e-09  mean_casa=9.067 deg, 0.75s 
AO iter 3 - EM: NLL=614.2618, 0.90s 
AO iter 3 - LBFGS: NLL=612.3005  mean_cds=9.575e-09  mean_casa=8.922 deg, 1.11s 
mc_idx = 88/100, 耗时 164.31s 
AO iter 1 - EM: NLL=639.4665, 0.14s 
AO iter 1 - LBFGS: NLL=614.4846  mean_cds=9.145e-09  mean_casa=8.634 deg, 0.36s 
AO iter 2 - EM: NLL=583.6978, 0.51s 
AO iter 2 - LBFGS: NLL=578.9516  mean_cds=8.801e-09  mean_casa=8.731 deg, 0.71s 
AO iter 3 - EM: NLL=577.0762, 0.87s 
AO iter 3 - LBFGS: NLL=572.6984  mean_cds=8.718e-09  mean_casa=9.278 deg, 1.07s 
mc_idx = 89/100, 耗时 166.17s 
AO iter 1 - EM: NLL=656.5722, 0.15s 
AO iter 1 - LBFGS: NLL=632.4326  mean_cds=9.960e-09  mean_casa=9.777 deg, 0.40s 
AO iter 2 - EM: NLL=618.4627, 0.53s 
AO iter 2 - LBFGS: NLL=610.3627  mean_cds=9.466e-09  mean_casa=10.450 deg, 0.73s 
AO iter 3 - EM: NLL=608.7370, 0.87s 
AO iter 3 - LBFGS: NLL=604.2831  mean_cds=9.397e-09  mean_casa=11.246 deg, 1.06s 
mc_idx = 90/100, 耗时 168.05s 
AO iter 1 - EM: NLL=659.7137, 0.15s 
AO iter 1 - LBFGS: NLL=647.9651  mean_cds=1.050e-08  mean_casa=9.241 deg, 0.37s 
AO iter 2 - EM: NLL=641.5654, 0.52s 
AO iter 2 - LBFGS: NLL=637.4257  mean_cds=1.014e-08  mean_casa=8.986 deg, 0.73s 
AO iter 3 - EM: NLL=636.3316, 0.88s 
AO iter 3 - LBFGS: NLL=634.4639  mean_cds=9.961e-09  mean_casa=8.734 deg, 1.08s 
mc_idx = 91/100, 耗时 169.89s 
AO iter 1 - EM: NLL=702.4945, 0.14s 
AO iter 1 - LBFGS: NLL=693.0633  mean_cds=1.032e-08  mean_casa=9.898 deg, 0.34s 
AO iter 2 - EM: NLL=686.5685, 0.48s 
AO iter 2 - LBFGS: NLL=681.9193  mean_cds=9.985e-09  mean_casa=10.149 deg, 0.69s 
AO iter 3 - EM: NLL=679.4826, 0.84s 
AO iter 3 - LBFGS: NLL=676.6804  mean_cds=9.703e-09  mean_casa=10.305 deg, 1.03s 
mc_idx = 92/100, 耗时 171.73s 
AO iter 1 - EM: NLL=656.4841, 0.15s 
AO iter 1 - LBFGS: NLL=641.7684  mean_cds=1.024e-08  mean_casa=8.898 deg, 0.37s 
AO iter 2 - EM: NLL=629.4851, 0.50s 
AO iter 2 - LBFGS: NLL=622.2524  mean_cds=1.009e-08  mean_casa=9.020 deg, 0.71s 
AO iter 3 - EM: NLL=619.6481, 0.85s 
AO iter 3 - LBFGS: NLL=615.5595  mean_cds=1.006e-08  mean_casa=8.985 deg, 1.04s 
mc_idx = 93/100, 耗时 173.58s 
AO iter 1 - EM: NLL=598.9165, 0.14s 
AO iter 1 - LBFGS: NLL=584.2771  mean_cds=1.039e-08  mean_casa=9.268 deg, 0.36s 
AO iter 2 - EM: NLL=575.5959, 0.50s 
AO iter 2 - LBFGS: NLL=569.2823  mean_cds=9.556e-09  mean_casa=8.356 deg, 0.70s 
AO iter 3 - EM: NLL=568.1980, 0.85s 
AO iter 3 - LBFGS: NLL=567.1180  mean_cds=9.376e-09  mean_casa=8.366 deg, 1.06s 
mc_idx = 94/100, 耗时 175.44s 
AO iter 1 - EM: NLL=658.4615, 0.13s 
AO iter 1 - LBFGS: NLL=646.1174  mean_cds=1.012e-08  mean_casa=9.936 deg, 0.36s 
AO iter 2 - EM: NLL=631.1689, 0.52s 
AO iter 2 - LBFGS: NLL=622.6583  mean_cds=9.403e-09  mean_casa=10.829 deg, 0.72s 
AO iter 3 - EM: NLL=617.7374, 0.85s 
AO iter 3 - LBFGS: NLL=616.3386  mean_cds=9.327e-09  mean_casa=11.086 deg, 1.04s 
mc_idx = 95/100, 耗时 177.27s 
AO iter 1 - EM: NLL=648.5179, 0.16s 
AO iter 1 - LBFGS: NLL=631.0030  mean_cds=1.028e-08  mean_casa=9.599 deg, 0.38s 
AO iter 2 - EM: NLL=622.1773, 0.54s 
AO iter 2 - LBFGS: NLL=613.4665  mean_cds=9.541e-09  mean_casa=9.525 deg, 0.75s 
AO iter 3 - EM: NLL=610.3551, 0.91s 
AO iter 3 - LBFGS: NLL=607.5451  mean_cds=9.162e-09  mean_casa=9.514 deg, 1.12s 
mc_idx = 96/100, 耗时 179.21s 
AO iter 1 - EM: NLL=674.3741, 0.16s 
AO iter 1 - LBFGS: NLL=634.3218  mean_cds=9.796e-09  mean_casa=9.677 deg, 0.38s 
AO iter 2 - EM: NLL=620.1142, 0.53s 
AO iter 2 - LBFGS: NLL=612.9498  mean_cds=9.641e-09  mean_casa=9.536 deg, 0.76s 
AO iter 3 - EM: NLL=609.1983, 0.90s 
AO iter 3 - LBFGS: NLL=605.2591  mean_cds=9.617e-09  mean_casa=9.586 deg, 1.11s 
mc_idx = 97/100, 耗时 181.10s 
AO iter 1 - EM: NLL=621.4470, 0.17s 
AO iter 1 - LBFGS: NLL=611.1641  mean_cds=1.057e-08  mean_casa=9.717 deg, 0.40s 
AO iter 2 - EM: NLL=597.7582, 0.55s 
AO iter 2 - LBFGS: NLL=590.7259  mean_cds=1.041e-08  mean_casa=9.871 deg, 0.78s 
AO iter 3 - EM: NLL=588.5442, 0.94s 
AO iter 3 - LBFGS: NLL=585.4608  mean_cds=1.049e-08  mean_casa=9.788 deg, 1.14s 
mc_idx = 98/100, 耗时 183.07s 
AO iter 1 - EM: NLL=696.9539, 0.15s 
AO iter 1 - LBFGS: NLL=680.8851  mean_cds=1.049e-08  mean_casa=9.434 deg, 0.39s 
AO iter 2 - EM: NLL=669.7431, 0.54s 
AO iter 2 - LBFGS: NLL=659.5641  mean_cds=1.030e-08  mean_casa=9.150 deg, 0.71s 
AO iter 3 - EM: NLL=654.3891, 0.87s 
AO iter 3 - LBFGS: NLL=652.8308  mean_cds=1.027e-08  mean_casa=9.119 deg, 1.09s 
mc_idx = 99/100, 耗时 184.95s 
AO iter 1 - EM: NLL=686.5821, 0.15s 
AO iter 1 - LBFGS: NLL=663.5929  mean_cds=1.026e-08  mean_casa=9.561 deg, 0.37s 
AO iter 2 - EM: NLL=647.1323, 0.52s 
AO iter 2 - LBFGS: NLL=637.4723  mean_cds=9.696e-09  mean_casa=9.609 deg, 0.74s 
AO iter 3 - EM: NLL=636.7086, 0.88s 
AO iter 3 - LBFGS: NLL=634.2496  mean_cds=9.764e-09  mean_casa=9.584 deg, 1.10s 
mc_idx = 100/100, 耗时 186.89s 
Prior mismatch: axis 1, actual/assumed SD 1.0
开始MonteCarlo仿真...... 
AO iter 1 - EM: NLL=707.0579, 0.14s 
AO iter 1 - LBFGS: NLL=686.7006  mean_cds=1.144e-08  mean_casa=9.477 deg, 0.38s 
AO iter 2 - EM: NLL=679.0638, 0.53s 
AO iter 2 - LBFGS: NLL=661.5928  mean_cds=1.048e-08  mean_casa=9.400 deg, 0.78s 
AO iter 3 - EM: NLL=658.3197, 0.93s 
AO iter 3 - LBFGS: NLL=657.3329  mean_cds=1.037e-08  mean_casa=9.566 deg, 1.15s 
mc_idx = 1/100, 耗时 1.99s 
AO iter 1 - EM: NLL=609.4821, 0.16s 
AO iter 1 - LBFGS: NLL=593.7677  mean_cds=1.036e-08  mean_casa=9.771 deg, 0.40s 
AO iter 2 - EM: NLL=584.5965, 0.55s 
AO iter 2 - LBFGS: NLL=576.4845  mean_cds=9.892e-09  mean_casa=10.166 deg, 0.77s 
AO iter 3 - EM: NLL=573.6018, 0.92s 
AO iter 3 - LBFGS: NLL=569.7410  mean_cds=9.703e-09  mean_casa=10.272 deg, 1.12s 
mc_idx = 2/100, 耗时 3.92s 
AO iter 1 - EM: NLL=717.8517, 0.16s 
AO iter 1 - LBFGS: NLL=706.1650  mean_cds=1.002e-08  mean_casa=9.420 deg, 0.39s 
AO iter 2 - EM: NLL=684.9029, 0.54s 
AO iter 2 - LBFGS: NLL=674.3499  mean_cds=9.550e-09  mean_casa=9.098 deg, 0.74s 
AO iter 3 - EM: NLL=669.5371, 0.88s 
AO iter 3 - LBFGS: NLL=663.7212  mean_cds=9.222e-09  mean_casa=9.184 deg, 1.08s 
mc_idx = 3/100, 耗时 5.81s 
AO iter 1 - EM: NLL=704.2845, 0.14s 
AO iter 1 - LBFGS: NLL=687.8323  mean_cds=1.009e-08  mean_casa=9.976 deg, 0.38s 
AO iter 2 - EM: NLL=666.0087, 0.52s 
AO iter 2 - LBFGS: NLL=662.0153  mean_cds=9.760e-09  mean_casa=10.041 deg, 0.75s 
AO iter 3 - EM: NLL=659.0297, 0.88s 
AO iter 3 - LBFGS: NLL=654.9604  mean_cds=9.404e-09  mean_casa=10.476 deg, 1.08s 
mc_idx = 4/100, 耗时 7.66s 
AO iter 1 - EM: NLL=747.5694, 0.14s 
AO iter 1 - LBFGS: NLL=726.4098  mean_cds=1.710e-08  mean_casa=12.737 deg, 0.34s 
AO iter 2 - EM: NLL=724.9346, 0.48s 
AO iter 2 - LBFGS: NLL=703.7374  mean_cds=1.745e-08  mean_casa=14.653 deg, 0.69s 
AO iter 3 - EM: NLL=701.9947, 0.83s 
AO iter 3 - LBFGS: NLL=699.3209  mean_cds=1.768e-08  mean_casa=15.489 deg, 1.04s 
mc_idx = 5/100, 耗时 9.47s 
AO iter 1 - EM: NLL=706.3346, 0.14s 
AO iter 1 - LBFGS: NLL=684.7732  mean_cds=1.047e-08  mean_casa=9.531 deg, 0.37s 
AO iter 2 - EM: NLL=675.2325, 0.53s 
AO iter 2 - LBFGS: NLL=667.9828  mean_cds=1.050e-08  mean_casa=10.176 deg, 0.72s 
AO iter 3 - EM: NLL=665.6498, 0.87s 
AO iter 3 - LBFGS: NLL=662.7836  mean_cds=1.135e-08  mean_casa=10.628 deg, 1.07s 
mc_idx = 6/100, 耗时 11.37s 
AO iter 1 - EM: NLL=654.3811, 0.14s 
AO iter 1 - LBFGS: NLL=634.3587  mean_cds=1.026e-08  mean_casa=9.585 deg, 0.37s 
AO iter 2 - EM: NLL=620.0057, 0.50s 
AO iter 2 - LBFGS: NLL=612.9528  mean_cds=1.002e-08  mean_casa=9.611 deg, 0.71s 
AO iter 3 - EM: NLL=609.1168, 0.86s 
AO iter 3 - LBFGS: NLL=605.9935  mean_cds=9.883e-09  mean_casa=9.724 deg, 1.06s 
mc_idx = 7/100, 耗时 13.26s 
AO iter 1 - EM: NLL=626.2056, 0.13s 
AO iter 1 - LBFGS: NLL=604.8179  mean_cds=1.033e-08  mean_casa=9.198 deg, 0.36s 
AO iter 2 - EM: NLL=591.7141, 0.51s 
AO iter 2 - LBFGS: NLL=585.5680  mean_cds=9.903e-09  mean_casa=9.001 deg, 0.72s 
AO iter 3 - EM: NLL=584.0147, 0.86s 
AO iter 3 - LBFGS: NLL=581.7331  mean_cds=9.822e-09  mean_casa=8.823 deg, 1.07s 
mc_idx = 8/100, 耗时 15.08s 
AO iter 1 - EM: NLL=748.2014, 0.15s 
AO iter 1 - LBFGS: NLL=733.8481  mean_cds=9.684e-09  mean_casa=9.502 deg, 0.37s 
AO iter 2 - EM: NLL=690.7313, 0.51s 
AO iter 2 - LBFGS: NLL=681.8682  mean_cds=9.663e-09  mean_casa=10.035 deg, 0.71s 
AO iter 3 - EM: NLL=676.7296, 0.86s 
AO iter 3 - LBFGS: NLL=670.1531  mean_cds=9.690e-09  mean_casa=10.332 deg, 1.07s 
mc_idx = 9/100, 耗时 16.95s 
AO iter 1 - EM: NLL=642.9054, 0.15s 
AO iter 1 - LBFGS: NLL=629.2882  mean_cds=1.062e-08  mean_casa=9.785 deg, 0.39s 
AO iter 2 - EM: NLL=620.9482, 0.53s 
AO iter 2 - LBFGS: NLL=616.8959  mean_cds=1.037e-08  mean_casa=9.860 deg, 0.73s 
AO iter 3 - EM: NLL=614.9173, 0.88s 
AO iter 3 - LBFGS: NLL=611.6089  mean_cds=1.010e-08  mean_casa=9.844 deg, 1.09s 
mc_idx = 10/100, 耗时 18.83s 
AO iter 1 - EM: NLL=640.3270, 0.15s 
AO iter 1 - LBFGS: NLL=620.8183  mean_cds=1.015e-08  mean_casa=9.596 deg, 0.37s 
AO iter 2 - EM: NLL=612.0366, 0.51s 
AO iter 2 - LBFGS: NLL=604.1999  mean_cds=9.469e-09  mean_casa=9.615 deg, 0.71s 
AO iter 3 - EM: NLL=602.0758, 0.85s 
AO iter 3 - LBFGS: NLL=597.5240  mean_cds=9.157e-09  mean_casa=9.602 deg, 1.05s 
mc_idx = 11/100, 耗时 20.68s 
AO iter 1 - EM: NLL=660.8880, 0.16s 
AO iter 1 - LBFGS: NLL=648.3552  mean_cds=1.063e-08  mean_casa=9.617 deg, 0.39s 
AO iter 2 - EM: NLL=641.0779, 0.55s 
AO iter 2 - LBFGS: NLL=638.4827  mean_cds=1.042e-08  mean_casa=9.581 deg, 0.75s 
AO iter 3 - EM: NLL=635.5560, 0.90s 
AO iter 3 - LBFGS: NLL=632.7695  mean_cds=1.026e-08  mean_casa=9.537 deg, 1.12s 
mc_idx = 12/100, 耗时 22.61s 
AO iter 1 - EM: NLL=690.6456, 0.16s 
AO iter 1 - LBFGS: NLL=678.1224  mean_cds=9.975e-09  mean_casa=9.508 deg, 0.38s 
AO iter 2 - EM: NLL=664.9185, 0.52s 
AO iter 2 - LBFGS: NLL=660.8878  mean_cds=9.399e-09  mean_casa=9.415 deg, 0.72s 
AO iter 3 - EM: NLL=658.3807, 0.85s 
AO iter 3 - LBFGS: NLL=656.3132  mean_cds=8.937e-09  mean_casa=9.137 deg, 1.03s 
mc_idx = 13/100, 耗时 24.42s 
AO iter 1 - EM: NLL=667.1573, 0.14s 
AO iter 1 - LBFGS: NLL=640.4644  mean_cds=9.805e-09  mean_casa=9.294 deg, 0.37s 
AO iter 2 - EM: NLL=623.5121, 0.51s 
AO iter 2 - LBFGS: NLL=616.5166  mean_cds=8.857e-09  mean_casa=9.244 deg, 0.72s 
AO iter 3 - EM: NLL=613.4703, 0.86s 
AO iter 3 - LBFGS: NLL=608.4839  mean_cds=8.428e-09  mean_casa=9.135 deg, 1.04s 
mc_idx = 14/100, 耗时 26.27s 
AO iter 1 - EM: NLL=648.7900, 0.14s 
AO iter 1 - LBFGS: NLL=641.6310  mean_cds=1.020e-08  mean_casa=9.561 deg, 0.35s 
AO iter 2 - EM: NLL=629.9295, 0.50s 
AO iter 2 - LBFGS: NLL=627.6158  mean_cds=9.782e-09  mean_casa=9.440 deg, 0.70s 
AO iter 3 - EM: NLL=626.0031, 0.86s 
AO iter 3 - LBFGS: NLL=624.9439  mean_cds=9.474e-09  mean_casa=9.393 deg, 1.08s 
mc_idx = 15/100, 耗时 28.13s 
AO iter 1 - EM: NLL=671.1812, 0.15s 
AO iter 1 - LBFGS: NLL=656.9631  mean_cds=9.932e-09  mean_casa=9.723 deg, 0.39s 
AO iter 2 - EM: NLL=656.3517, 0.55s 
AO iter 2 - LBFGS: NLL=644.6957  mean_cds=9.629e-09  mean_casa=9.947 deg, 0.78s 
AO iter 3 - EM: NLL=638.7568, 0.93s 
AO iter 3 - LBFGS: NLL=636.0060  mean_cds=9.307e-09  mean_casa=10.083 deg, 1.14s 
mc_idx = 16/100, 耗时 30.05s 
AO iter 1 - EM: NLL=692.5037, 0.14s 
AO iter 1 - LBFGS: NLL=668.0547  mean_cds=1.002e-08  mean_casa=9.327 deg, 0.37s 
AO iter 2 - EM: NLL=653.3053, 0.51s 
AO iter 2 - LBFGS: NLL=634.9388  mean_cds=1.036e-08  mean_casa=9.392 deg, 0.71s 
AO iter 3 - EM: NLL=628.8129, 0.86s 
AO iter 3 - LBFGS: NLL=624.4437  mean_cds=1.027e-08  mean_casa=9.637 deg, 1.08s 
mc_idx = 17/100, 耗时 31.89s 
AO iter 1 - EM: NLL=711.0507, 0.16s 
AO iter 1 - LBFGS: NLL=702.1668  mean_cds=1.047e-08  mean_casa=9.651 deg, 0.40s 
AO iter 2 - EM: NLL=694.2801, 0.53s 
AO iter 2 - LBFGS: NLL=692.0259  mean_cds=1.028e-08  mean_casa=9.631 deg, 0.74s 
AO iter 3 - EM: NLL=690.6570, 0.89s 
AO iter 3 - LBFGS: NLL=688.6561  mean_cds=1.008e-08  mean_casa=9.441 deg, 1.09s 
mc_idx = 18/100, 耗时 33.76s 
AO iter 1 - EM: NLL=677.0874, 0.15s 
AO iter 1 - LBFGS: NLL=660.8665  mean_cds=9.696e-09  mean_casa=9.351 deg, 0.36s 
AO iter 2 - EM: NLL=640.4776, 0.50s 
AO iter 2 - LBFGS: NLL=630.2704  mean_cds=9.791e-09  mean_casa=9.605 deg, 0.70s 
AO iter 3 - EM: NLL=628.4798, 0.84s 
AO iter 3 - LBFGS: NLL=621.7679  mean_cds=9.717e-09  mean_casa=10.210 deg, 1.05s 
mc_idx = 19/100, 耗时 35.62s 
AO iter 1 - EM: NLL=639.4785, 0.14s 
AO iter 1 - LBFGS: NLL=623.1007  mean_cds=1.005e-08  mean_casa=9.662 deg, 0.37s 
AO iter 2 - EM: NLL=610.8498, 0.51s 
AO iter 2 - LBFGS: NLL=605.9637  mean_cds=9.616e-09  mean_casa=9.728 deg, 0.72s 
AO iter 3 - EM: NLL=604.4238, 0.85s 
AO iter 3 - LBFGS: NLL=597.4794  mean_cds=8.980e-09  mean_casa=10.852 deg, 1.03s 
mc_idx = 20/100, 耗时 37.41s 
AO iter 1 - EM: NLL=676.9647, 0.15s 
AO iter 1 - LBFGS: NLL=655.3356  mean_cds=1.023e-08  mean_casa=9.724 deg, 0.39s 
AO iter 2 - EM: NLL=647.3856, 0.55s 
AO iter 2 - LBFGS: NLL=635.4879  mean_cds=8.426e-09  mean_casa=10.957 deg, 0.75s 
AO iter 3 - EM: NLL=628.3661, 0.90s 
AO iter 3 - LBFGS: NLL=625.8623  mean_cds=8.270e-09  mean_casa=10.762 deg, 1.13s 
mc_idx = 21/100, 耗时 39.33s 
AO iter 1 - EM: NLL=643.1207, 0.15s 
AO iter 1 - LBFGS: NLL=628.4929  mean_cds=1.042e-08  mean_casa=9.870 deg, 0.38s 
AO iter 2 - EM: NLL=618.1923, 0.54s 
AO iter 2 - LBFGS: NLL=611.6872  mean_cds=1.002e-08  mean_casa=10.404 deg, 0.75s 
AO iter 3 - EM: NLL=610.1558, 0.91s 
AO iter 3 - LBFGS: NLL=605.4119  mean_cds=9.710e-09  mean_casa=12.003 deg, 1.11s 
mc_idx = 22/100, 耗时 41.23s 
AO iter 1 - EM: NLL=577.8711, 0.15s 
AO iter 1 - LBFGS: NLL=557.7485  mean_cds=1.014e-08  mean_casa=9.586 deg, 0.38s 
AO iter 2 - EM: NLL=552.4134, 0.52s 
AO iter 2 - LBFGS: NLL=543.0900  mean_cds=9.084e-09  mean_casa=9.938 deg, 0.73s 
AO iter 3 - EM: NLL=541.8690, 0.88s 
AO iter 3 - LBFGS: NLL=540.5773  mean_cds=8.889e-09  mean_casa=9.970 deg, 1.08s 
mc_idx = 23/100, 耗时 43.13s 
AO iter 1 - EM: NLL=610.4405, 0.16s 
AO iter 1 - LBFGS: NLL=594.6398  mean_cds=1.016e-08  mean_casa=9.282 deg, 0.37s 
AO iter 2 - EM: NLL=583.8605, 0.52s 
AO iter 2 - LBFGS: NLL=574.3973  mean_cds=8.953e-09  mean_casa=9.182 deg, 0.71s 
AO iter 3 - EM: NLL=572.2610, 0.86s 
AO iter 3 - LBFGS: NLL=570.4466  mean_cds=8.899e-09  mean_casa=9.047 deg, 1.07s 
mc_idx = 24/100, 耗时 45.02s 
AO iter 1 - EM: NLL=611.7640, 0.15s 
AO iter 1 - LBFGS: NLL=591.6592  mean_cds=1.014e-08  mean_casa=9.519 deg, 0.38s 
AO iter 2 - EM: NLL=576.2488, 0.52s 
AO iter 2 - LBFGS: NLL=571.0044  mean_cds=9.532e-09  mean_casa=9.435 deg, 0.73s 
AO iter 3 - EM: NLL=569.2781, 0.87s 
AO iter 3 - LBFGS: NLL=567.1333  mean_cds=9.429e-09  mean_casa=9.244 deg, 1.06s 
mc_idx = 25/100, 耗时 46.85s 
AO iter 1 - EM: NLL=645.6276, 0.14s 
AO iter 1 - LBFGS: NLL=620.0139  mean_cds=9.869e-09  mean_casa=9.294 deg, 0.35s 
AO iter 2 - EM: NLL=607.7837, 0.48s 
AO iter 2 - LBFGS: NLL=599.0814  mean_cds=9.566e-09  mean_casa=9.561 deg, 0.69s 
AO iter 3 - EM: NLL=595.6090, 0.83s 
AO iter 3 - LBFGS: NLL=590.9742  mean_cds=9.454e-09  mean_casa=9.758 deg, 1.04s 
mc_idx = 26/100, 耗时 48.64s 
AO iter 1 - EM: NLL=685.5686, 0.15s 
AO iter 1 - LBFGS: NLL=665.0811  mean_cds=1.025e-08  mean_casa=9.932 deg, 0.37s 
AO iter 2 - EM: NLL=655.2477, 0.51s 
AO iter 2 - LBFGS: NLL=645.3118  mean_cds=9.849e-09  mean_casa=10.035 deg, 0.73s 
AO iter 3 - EM: NLL=640.5716, 0.88s 
AO iter 3 - LBFGS: NLL=637.9448  mean_cds=9.848e-09  mean_casa=10.100 deg, 1.10s 
mc_idx = 27/100, 耗时 50.49s 
AO iter 1 - EM: NLL=673.8371, 0.14s 
AO iter 1 - LBFGS: NLL=664.9652  mean_cds=1.073e-08  mean_casa=9.866 deg, 0.36s 
AO iter 2 - EM: NLL=657.0902, 0.50s 
AO iter 2 - LBFGS: NLL=650.3551  mean_cds=1.071e-08  mean_casa=10.219 deg, 0.70s 
AO iter 3 - EM: NLL=646.5179, 0.83s 
AO iter 3 - LBFGS: NLL=644.9712  mean_cds=1.072e-08  mean_casa=10.390 deg, 1.02s 
mc_idx = 28/100, 耗时 52.25s 
AO iter 1 - EM: NLL=639.9063, 0.13s 
AO iter 1 - LBFGS: NLL=621.8697  mean_cds=1.064e-08  mean_casa=9.691 deg, 0.35s 
AO iter 2 - EM: NLL=606.3306, 0.49s 
AO iter 2 - LBFGS: NLL=603.2608  mean_cds=1.041e-08  mean_casa=9.540 deg, 0.69s 
AO iter 3 - EM: NLL=599.5244, 0.84s 
AO iter 3 - LBFGS: NLL=597.4972  mean_cds=1.025e-08  mean_casa=9.504 deg, 1.06s 
mc_idx = 29/100, 耗时 54.09s 
AO iter 1 - EM: NLL=665.5952, 0.14s 
AO iter 1 - LBFGS: NLL=650.5097  mean_cds=1.048e-08  mean_casa=9.823 deg, 0.37s 
AO iter 2 - EM: NLL=638.6966, 0.51s 
AO iter 2 - LBFGS: NLL=634.3732  mean_cds=1.028e-08  mean_casa=9.940 deg, 0.73s 
AO iter 3 - EM: NLL=631.6904, 0.87s 
AO iter 3 - LBFGS: NLL=628.6209  mean_cds=1.002e-08  mean_casa=10.153 deg, 1.09s 
mc_idx = 30/100, 耗时 55.95s 
AO iter 1 - EM: NLL=648.9464, 0.14s 
AO iter 1 - LBFGS: NLL=637.4819  mean_cds=1.046e-08  mean_casa=9.451 deg, 0.36s 
AO iter 2 - EM: NLL=630.8533, 0.52s 
AO iter 2 - LBFGS: NLL=623.3513  mean_cds=9.343e-09  mean_casa=8.982 deg, 0.73s 
AO iter 3 - EM: NLL=620.6894, 0.86s 
AO iter 3 - LBFGS: NLL=619.0898  mean_cds=9.474e-09  mean_casa=9.146 deg, 1.06s 
mc_idx = 31/100, 耗时 57.79s 
AO iter 1 - EM: NLL=597.4720, 0.16s 
AO iter 1 - LBFGS: NLL=583.2669  mean_cds=1.044e-08  mean_casa=9.171 deg, 0.39s 
AO iter 2 - EM: NLL=577.1995, 0.54s 
AO iter 2 - LBFGS: NLL=572.4249  mean_cds=1.028e-08  mean_casa=8.963 deg, 0.75s 
AO iter 3 - EM: NLL=570.4008, 0.91s 
AO iter 3 - LBFGS: NLL=566.6637  mean_cds=9.988e-09  mean_casa=8.577 deg, 1.10s 
mc_idx = 32/100, 耗时 59.66s 
AO iter 1 - EM: NLL=675.2964, 0.14s 
AO iter 1 - LBFGS: NLL=662.6615  mean_cds=1.061e-08  mean_casa=9.703 deg, 0.37s 
AO iter 2 - EM: NLL=650.8731, 0.53s 
AO iter 2 - LBFGS: NLL=647.0002  mean_cds=1.041e-08  mean_casa=10.005 deg, 0.75s 
AO iter 3 - EM: NLL=645.9563, 0.90s 
AO iter 3 - LBFGS: NLL=645.0332  mean_cds=1.036e-08  mean_casa=10.047 deg, 1.12s 
mc_idx = 33/100, 耗时 61.61s 
AO iter 1 - EM: NLL=722.7434, 0.15s 
AO iter 1 - LBFGS: NLL=713.3627  mean_cds=1.080e-08  mean_casa=9.793 deg, 0.37s 
AO iter 2 - EM: NLL=704.7097, 0.51s 
AO iter 2 - LBFGS: NLL=701.9714  mean_cds=1.064e-08  mean_casa=9.978 deg, 0.71s 
AO iter 3 - EM: NLL=699.4670, 0.85s 
AO iter 3 - LBFGS: NLL=695.0947  mean_cds=1.037e-08  mean_casa=10.301 deg, 1.05s 
mc_idx = 34/100, 耗时 63.42s 
AO iter 1 - EM: NLL=720.1853, 0.14s 
AO iter 1 - LBFGS: NLL=704.0426  mean_cds=9.850e-09  mean_casa=9.169 deg, 0.38s 
AO iter 2 - EM: NLL=686.1851, 0.53s 
AO iter 2 - LBFGS: NLL=679.7392  mean_cds=9.532e-09  mean_casa=9.232 deg, 0.75s 
AO iter 3 - EM: NLL=678.0123, 0.91s 
AO iter 3 - LBFGS: NLL=671.3795  mean_cds=9.375e-09  mean_casa=9.853 deg, 1.09s 
mc_idx = 35/100, 耗时 65.28s 
AO iter 1 - EM: NLL=610.8764, 0.16s 
AO iter 1 - LBFGS: NLL=584.2162  mean_cds=9.164e-09  mean_casa=9.348 deg, 0.38s 
AO iter 2 - EM: NLL=568.1378, 0.52s 
AO iter 2 - LBFGS: NLL=560.8947  mean_cds=8.519e-09  mean_casa=10.223 deg, 0.74s 
AO iter 3 - EM: NLL=559.2522, 0.88s 
AO iter 3 - LBFGS: NLL=555.9064  mean_cds=8.318e-09  mean_casa=10.442 deg, 1.11s 
mc_idx = 36/100, 耗时 67.17s 
AO iter 1 - EM: NLL=716.8204, 0.16s 
AO iter 1 - LBFGS: NLL=708.9525  mean_cds=1.015e-08  mean_casa=9.981 deg, 0.38s 
AO iter 2 - EM: NLL=700.3180, 0.53s 
AO iter 2 - LBFGS: NLL=695.5974  mean_cds=9.006e-09  mean_casa=10.497 deg, 0.73s 
AO iter 3 - EM: NLL=693.8840, 0.86s 
AO iter 3 - LBFGS: NLL=692.6131  mean_cds=9.005e-09  mean_casa=10.556 deg, 1.06s 
mc_idx = 37/100, 耗时 69.01s 
AO iter 1 - EM: NLL=650.9141, 0.14s 
AO iter 1 - LBFGS: NLL=636.3903  mean_cds=1.041e-08  mean_casa=9.697 deg, 0.38s 
AO iter 2 - EM: NLL=625.5196, 0.52s 
AO iter 2 - LBFGS: NLL=621.5244  mean_cds=9.981e-09  mean_casa=9.562 deg, 0.74s 
AO iter 3 - EM: NLL=620.2119, 0.87s 
AO iter 3 - LBFGS: NLL=618.6500  mean_cds=9.687e-09  mean_casa=9.501 deg, 1.08s 
mc_idx = 38/100, 耗时 70.91s 
AO iter 1 - EM: NLL=671.4422, 0.16s 
AO iter 1 - LBFGS: NLL=647.8232  mean_cds=9.820e-09  mean_casa=9.688 deg, 0.39s 
AO iter 2 - EM: NLL=633.0259, 0.54s 
AO iter 2 - LBFGS: NLL=623.1854  mean_cds=9.147e-09  mean_casa=9.777 deg, 0.74s 
AO iter 3 - EM: NLL=620.0403, 0.89s 
AO iter 3 - LBFGS: NLL=616.3938  mean_cds=8.423e-09  mean_casa=10.438 deg, 1.07s 
mc_idx = 39/100, 耗时 72.78s 
AO iter 1 - EM: NLL=690.1804, 0.15s 
AO iter 1 - LBFGS: NLL=672.9403  mean_cds=9.902e-09  mean_casa=9.846 deg, 0.38s 
AO iter 2 - EM: NLL=657.3852, 0.52s 
AO iter 2 - LBFGS: NLL=652.8218  mean_cds=9.498e-09  mean_casa=10.026 deg, 0.72s 
AO iter 3 - EM: NLL=650.0563, 0.87s 
AO iter 3 - LBFGS: NLL=644.0561  mean_cds=8.779e-09  mean_casa=10.578 deg, 1.09s 
mc_idx = 40/100, 耗时 74.68s 
AO iter 1 - EM: NLL=660.2287, 0.15s 
AO iter 1 - LBFGS: NLL=638.3144  mean_cds=1.020e-08  mean_casa=9.587 deg, 0.40s 
AO iter 2 - EM: NLL=626.8957, 0.55s 
AO iter 2 - LBFGS: NLL=625.0225  mean_cds=1.004e-08  mean_casa=9.632 deg, 0.78s 
AO iter 3 - EM: NLL=624.0436, 0.93s 
AO iter 3 - LBFGS: NLL=622.7561  mean_cds=9.901e-09  mean_casa=9.678 deg, 1.15s 
mc_idx = 41/100, 耗时 76.62s 
AO iter 1 - EM: NLL=660.4640, 0.14s 
AO iter 1 - LBFGS: NLL=638.5087  mean_cds=1.023e-08  mean_casa=9.659 deg, 0.39s 
AO iter 2 - EM: NLL=626.7657, 0.54s 
AO iter 2 - LBFGS: NLL=617.9255  mean_cds=9.336e-09  mean_casa=9.309 deg, 0.74s 
AO iter 3 - EM: NLL=613.9440, 0.88s 
AO iter 3 - LBFGS: NLL=610.6928  mean_cds=9.269e-09  mean_casa=9.311 deg, 1.09s 
mc_idx = 42/100, 耗时 78.48s 
AO iter 1 - EM: NLL=669.2521, 0.15s 
AO iter 1 - LBFGS: NLL=649.4265  mean_cds=9.666e-09  mean_casa=9.843 deg, 0.37s 
AO iter 2 - EM: NLL=632.8258, 0.53s 
AO iter 2 - LBFGS: NLL=628.0355  mean_cds=9.299e-09  mean_casa=9.960 deg, 0.75s 
AO iter 3 - EM: NLL=625.4937, 0.90s 
AO iter 3 - LBFGS: NLL=623.1198  mean_cds=8.918e-09  mean_casa=10.081 deg, 1.09s 
mc_idx = 43/100, 耗时 80.35s 
AO iter 1 - EM: NLL=665.3460, 0.13s 
AO iter 1 - LBFGS: NLL=648.5115  mean_cds=9.923e-09  mean_casa=9.795 deg, 0.35s 
AO iter 2 - EM: NLL=635.0450, 0.50s 
AO iter 2 - LBFGS: NLL=630.6543  mean_cds=9.555e-09  mean_casa=10.129 deg, 0.72s 
AO iter 3 - EM: NLL=627.3492, 0.85s 
AO iter 3 - LBFGS: NLL=623.6999  mean_cds=9.515e-09  mean_casa=10.883 deg, 1.05s 
mc_idx = 44/100, 耗时 82.21s 
AO iter 1 - EM: NLL=657.6948, 0.15s 
AO iter 1 - LBFGS: NLL=638.1398  mean_cds=1.003e-08  mean_casa=9.451 deg, 0.38s 
AO iter 2 - EM: NLL=623.9411, 0.53s 
AO iter 2 - LBFGS: NLL=613.9016  mean_cds=9.230e-09  mean_casa=9.357 deg, 0.72s 
AO iter 3 - EM: NLL=611.7241, 0.88s 
AO iter 3 - LBFGS: NLL=606.8298  mean_cds=8.657e-09  mean_casa=9.516 deg, 1.09s 
mc_idx = 45/100, 耗时 84.10s 
AO iter 1 - EM: NLL=742.2292, 0.14s 
AO iter 1 - LBFGS: NLL=731.3917  mean_cds=1.047e-08  mean_casa=9.764 deg, 0.37s 
AO iter 2 - EM: NLL=718.0195, 0.51s 
AO iter 2 - LBFGS: NLL=707.2697  mean_cds=9.813e-09  mean_casa=9.665 deg, 0.73s 
AO iter 3 - EM: NLL=701.2119, 0.87s 
AO iter 3 - LBFGS: NLL=695.9650  mean_cds=9.652e-09  mean_casa=9.519 deg, 1.06s 
mc_idx = 46/100, 耗时 85.94s 
AO iter 1 - EM: NLL=690.2537, 0.15s 
AO iter 1 - LBFGS: NLL=671.9209  mean_cds=9.895e-09  mean_casa=9.368 deg, 0.37s 
AO iter 2 - EM: NLL=655.4224, 0.51s 
AO iter 2 - LBFGS: NLL=645.0515  mean_cds=9.178e-09  mean_casa=8.907 deg, 0.72s 
AO iter 3 - EM: NLL=641.3000, 0.85s 
AO iter 3 - LBFGS: NLL=635.6207  mean_cds=8.985e-09  mean_casa=9.010 deg, 1.06s 
mc_idx = 47/100, 耗时 87.77s 
AO iter 1 - EM: NLL=593.1740, 0.13s 
AO iter 1 - LBFGS: NLL=579.9977  mean_cds=9.029e-09  mean_casa=9.403 deg, 0.34s 
AO iter 2 - EM: NLL=560.1680, 0.49s 
AO iter 2 - LBFGS: NLL=556.4698  mean_cds=8.671e-09  mean_casa=9.424 deg, 0.68s 
AO iter 3 - EM: NLL=554.3679, 0.82s 
AO iter 3 - LBFGS: NLL=549.6490  mean_cds=7.617e-09  mean_casa=8.379 deg, 1.02s 
mc_idx = 48/100, 耗时 89.53s 
AO iter 1 - EM: NLL=634.4897, 0.14s 
AO iter 1 - LBFGS: NLL=616.8243  mean_cds=1.050e-08  mean_casa=9.440 deg, 0.36s 
AO iter 2 - EM: NLL=604.4079, 0.51s 
AO iter 2 - LBFGS: NLL=597.8389  mean_cds=1.016e-08  mean_casa=9.166 deg, 0.72s 
AO iter 3 - EM: NLL=596.4173, 0.88s 
AO iter 3 - LBFGS: NLL=594.7994  mean_cds=9.981e-09  mean_casa=9.026 deg, 1.09s 
mc_idx = 49/100, 耗时 91.38s 
AO iter 1 - EM: NLL=671.2449, 0.14s 
AO iter 1 - LBFGS: NLL=654.6896  mean_cds=1.039e-08  mean_casa=9.690 deg, 0.36s 
AO iter 2 - EM: NLL=643.5554, 0.52s 
AO iter 2 - LBFGS: NLL=635.9480  mean_cds=9.685e-09  mean_casa=10.530 deg, 0.72s 
AO iter 3 - EM: NLL=633.5817, 0.86s 
AO iter 3 - LBFGS: NLL=631.5174  mean_cds=9.442e-09  mean_casa=10.843 deg, 1.06s 
mc_idx = 50/100, 耗时 93.24s 
AO iter 1 - EM: NLL=672.6319, 0.13s 
AO iter 1 - LBFGS: NLL=648.7159  mean_cds=9.692e-09  mean_casa=9.331 deg, 0.34s 
AO iter 2 - EM: NLL=636.3508, 0.49s 
AO iter 2 - LBFGS: NLL=628.2707  mean_cds=9.232e-09  mean_casa=9.619 deg, 0.70s 
AO iter 3 - EM: NLL=624.4777, 0.84s 
AO iter 3 - LBFGS: NLL=621.6258  mean_cds=9.055e-09  mean_casa=9.622 deg, 1.06s 
mc_idx = 51/100, 耗时 95.10s 
AO iter 1 - EM: NLL=757.8853, 0.15s 
AO iter 1 - LBFGS: NLL=737.0323  mean_cds=9.915e-09  mean_casa=9.723 deg, 0.36s 
AO iter 2 - EM: NLL=715.9452, 0.50s 
AO iter 2 - LBFGS: NLL=708.1714  mean_cds=1.075e-08  mean_casa=10.228 deg, 0.71s 
AO iter 3 - EM: NLL=697.2523, 0.87s 
AO iter 3 - LBFGS: NLL=691.2073  mean_cds=1.033e-08  mean_casa=10.531 deg, 1.09s 
mc_idx = 52/100, 耗时 96.96s 
AO iter 1 - EM: NLL=614.7602, 0.15s 
AO iter 1 - LBFGS: NLL=598.2643  mean_cds=1.021e-08  mean_casa=9.528 deg, 0.40s 
AO iter 2 - EM: NLL=589.3382, 0.55s 
AO iter 2 - LBFGS: NLL=580.4093  mean_cds=9.554e-09  mean_casa=9.446 deg, 0.77s 
AO iter 3 - EM: NLL=577.8972, 0.92s 
AO iter 3 - LBFGS: NLL=573.1637  mean_cds=9.170e-09  mean_casa=8.952 deg, 1.13s 
mc_idx = 53/100, 耗时 98.90s 
AO iter 1 - EM: NLL=632.9535, 0.14s 
AO iter 1 - LBFGS: NLL=613.9322  mean_cds=9.501e-09  mean_casa=9.790 deg, 0.35s 
AO iter 2 - EM: NLL=604.3145, 0.50s 
AO iter 2 - LBFGS: NLL=596.8314  mean_cds=8.536e-09  mean_casa=9.969 deg, 0.70s 
AO iter 3 - EM: NLL=594.7417, 0.84s 
AO iter 3 - LBFGS: NLL=592.0661  mean_cds=8.043e-09  mean_casa=9.971 deg, 1.03s 
mc_idx = 54/100, 耗时 100.72s 
AO iter 1 - EM: NLL=676.5423, 0.15s 
AO iter 1 - LBFGS: NLL=655.2073  mean_cds=1.048e-08  mean_casa=9.232 deg, 0.37s 
AO iter 2 - EM: NLL=645.8346, 0.51s 
AO iter 2 - LBFGS: NLL=637.7968  mean_cds=1.050e-08  mean_casa=9.294 deg, 0.73s 
AO iter 3 - EM: NLL=635.6952, 0.88s 
AO iter 3 - LBFGS: NLL=632.5362  mean_cds=1.057e-08  mean_casa=9.347 deg, 1.08s 
mc_idx = 55/100, 耗时 102.58s 
AO iter 1 - EM: NLL=698.6544, 0.14s 
AO iter 1 - LBFGS: NLL=680.4819  mean_cds=1.045e-08  mean_casa=9.550 deg, 0.37s 
AO iter 2 - EM: NLL=671.1037, 0.51s 
AO iter 2 - LBFGS: NLL=664.3518  mean_cds=1.022e-08  mean_casa=9.674 deg, 0.72s 
AO iter 3 - EM: NLL=662.3290, 0.86s 
AO iter 3 - LBFGS: NLL=658.8596  mean_cds=1.016e-08  mean_casa=9.654 deg, 1.07s 
mc_idx = 56/100, 耗时 104.45s 
AO iter 1 - EM: NLL=674.2998, 0.14s 
AO iter 1 - LBFGS: NLL=666.7981  mean_cds=1.074e-08  mean_casa=9.711 deg, 0.38s 
AO iter 2 - EM: NLL=658.0887, 0.54s 
AO iter 2 - LBFGS: NLL=653.8079  mean_cds=1.025e-08  mean_casa=9.345 deg, 0.75s 
AO iter 3 - EM: NLL=652.2715, 0.90s 
AO iter 3 - LBFGS: NLL=650.9410  mean_cds=1.022e-08  mean_casa=9.115 deg, 1.13s 
mc_idx = 57/100, 耗时 106.36s 
AO iter 1 - EM: NLL=700.4974, 0.14s 
AO iter 1 - LBFGS: NLL=685.8416  mean_cds=1.041e-08  mean_casa=9.575 deg, 0.37s 
AO iter 2 - EM: NLL=671.0652, 0.53s 
AO iter 2 - LBFGS: NLL=665.8568  mean_cds=1.016e-08  mean_casa=9.660 deg, 0.73s 
AO iter 3 - EM: NLL=662.2878, 0.87s 
AO iter 3 - LBFGS: NLL=656.1659  mean_cds=9.928e-09  mean_casa=9.900 deg, 1.06s 
mc_idx = 58/100, 耗时 108.19s 
AO iter 1 - EM: NLL=616.4473, 0.14s 
AO iter 1 - LBFGS: NLL=597.0471  mean_cds=1.032e-08  mean_casa=8.850 deg, 0.37s 
AO iter 2 - EM: NLL=576.1639, 0.50s 
AO iter 2 - LBFGS: NLL=566.4962  mean_cds=1.102e-08  mean_casa=9.035 deg, 0.71s 
AO iter 3 - EM: NLL=559.9879, 0.86s 
AO iter 3 - LBFGS: NLL=558.8572  mean_cds=1.114e-08  mean_casa=8.954 deg, 1.09s 
mc_idx = 59/100, 耗时 110.05s 
AO iter 1 - EM: NLL=714.2251, 0.15s 
AO iter 1 - LBFGS: NLL=691.8841  mean_cds=1.054e-08  mean_casa=9.724 deg, 0.37s 
AO iter 2 - EM: NLL=677.6678, 0.51s 
AO iter 2 - LBFGS: NLL=672.8171  mean_cds=1.050e-08  mean_casa=9.941 deg, 0.70s 
AO iter 3 - EM: NLL=670.2306, 0.84s 
AO iter 3 - LBFGS: NLL=664.9048  mean_cds=1.086e-08  mean_casa=10.496 deg, 1.05s 
mc_idx = 60/100, 耗时 111.88s 
AO iter 1 - EM: NLL=631.8114, 0.15s 
AO iter 1 - LBFGS: NLL=618.0677  mean_cds=1.030e-08  mean_casa=10.023 deg, 0.36s 
AO iter 2 - EM: NLL=608.3641, 0.51s 
AO iter 2 - LBFGS: NLL=605.6553  mean_cds=1.008e-08  mean_casa=10.094 deg, 0.74s 
AO iter 3 - EM: NLL=602.4235, 0.89s 
AO iter 3 - LBFGS: NLL=600.8709  mean_cds=9.973e-09  mean_casa=10.181 deg, 1.12s 
mc_idx = 61/100, 耗时 113.82s 
AO iter 1 - EM: NLL=689.2030, 0.15s 
AO iter 1 - LBFGS: NLL=665.4822  mean_cds=1.041e-08  mean_casa=9.384 deg, 0.38s 
AO iter 2 - EM: NLL=656.5366, 0.52s 
AO iter 2 - LBFGS: NLL=653.4010  mean_cds=1.027e-08  mean_casa=9.330 deg, 0.76s 
AO iter 3 - EM: NLL=650.8520, 0.92s 
AO iter 3 - LBFGS: NLL=647.8254  mean_cds=1.004e-08  mean_casa=9.225 deg, 1.12s 
mc_idx = 62/100, 耗时 115.73s 
AO iter 1 - EM: NLL=640.1396, 0.15s 
AO iter 1 - LBFGS: NLL=618.4492  mean_cds=9.412e-09  mean_casa=9.178 deg, 0.34s 
AO iter 2 - EM: NLL=611.7501, 0.48s 
AO iter 2 - LBFGS: NLL=606.8182  mean_cds=8.830e-09  mean_casa=9.080 deg, 0.68s 
AO iter 3 - EM: NLL=605.2917, 0.82s 
AO iter 3 - LBFGS: NLL=598.0229  mean_cds=8.675e-09  mean_casa=9.214 deg, 1.03s 
mc_idx = 63/100, 耗时 117.54s 
AO iter 1 - EM: NLL=680.0196, 0.15s 
AO iter 1 - LBFGS: NLL=661.9826  mean_cds=1.062e-08  mean_casa=9.613 deg, 0.36s 
AO iter 2 - EM: NLL=654.0640, 0.51s 
AO iter 2 - LBFGS: NLL=645.6273  mean_cds=1.042e-08  mean_casa=9.835 deg, 0.70s 
AO iter 3 - EM: NLL=643.2644, 0.83s 
AO iter 3 - LBFGS: NLL=641.5646  mean_cds=1.039e-08  mean_casa=9.738 deg, 1.04s 
mc_idx = 64/100, 耗时 119.38s 
AO iter 1 - EM: NLL=615.9967, 0.14s 
AO iter 1 - LBFGS: NLL=600.7490  mean_cds=1.057e-08  mean_casa=9.271 deg, 0.36s 
AO iter 2 - EM: NLL=590.3821, 0.50s 
AO iter 2 - LBFGS: NLL=584.1652  mean_cds=1.068e-08  mean_casa=9.231 deg, 0.69s 
AO iter 3 - EM: NLL=583.1227, 0.82s 
AO iter 3 - LBFGS: NLL=580.9344  mean_cds=1.110e-08  mean_casa=8.803 deg, 1.02s 
mc_idx = 65/100, 耗时 121.19s 
AO iter 1 - EM: NLL=601.4905, 0.15s 
AO iter 1 - LBFGS: NLL=585.7137  mean_cds=1.009e-08  mean_casa=9.593 deg, 0.38s 
AO iter 2 - EM: NLL=578.8596, 0.51s 
AO iter 2 - LBFGS: NLL=574.1507  mean_cds=9.723e-09  mean_casa=9.764 deg, 0.72s 
AO iter 3 - EM: NLL=572.6796, 0.86s 
AO iter 3 - LBFGS: NLL=570.6181  mean_cds=9.441e-09  mean_casa=9.839 deg, 1.06s 
mc_idx = 66/100, 耗时 123.05s 
AO iter 1 - EM: NLL=648.2865, 0.14s 
AO iter 1 - LBFGS: NLL=633.6326  mean_cds=1.069e-08  mean_casa=9.467 deg, 0.38s 
AO iter 2 - EM: NLL=620.6244, 0.53s 
AO iter 2 - LBFGS: NLL=612.3442  mean_cds=1.068e-08  mean_casa=10.643 deg, 0.72s 
AO iter 3 - EM: NLL=608.5415, 0.87s 
AO iter 3 - LBFGS: NLL=605.7914  mean_cds=1.053e-08  mean_casa=10.529 deg, 1.08s 
mc_idx = 67/100, 耗时 124.91s 
AO iter 1 - EM: NLL=659.9911, 0.15s 
AO iter 1 - LBFGS: NLL=649.6377  mean_cds=1.020e-08  mean_casa=9.724 deg, 0.37s 
AO iter 2 - EM: NLL=640.3344, 0.50s 
AO iter 2 - LBFGS: NLL=637.3551  mean_cds=9.945e-09  mean_casa=9.805 deg, 0.71s 
AO iter 3 - EM: NLL=635.3079, 0.86s 
AO iter 3 - LBFGS: NLL=629.8496  mean_cds=9.484e-09  mean_casa=10.364 deg, 1.05s 
mc_idx = 68/100, 耗时 126.73s 
AO iter 1 - EM: NLL=683.2791, 0.13s 
AO iter 1 - LBFGS: NLL=664.9812  mean_cds=9.913e-09  mean_casa=9.155 deg, 0.35s 
AO iter 2 - EM: NLL=655.6877, 0.51s 
AO iter 2 - LBFGS: NLL=651.9333  mean_cds=9.402e-09  mean_casa=9.049 deg, 0.72s 
AO iter 3 - EM: NLL=650.5974, 0.86s 
AO iter 3 - LBFGS: NLL=648.3005  mean_cds=8.842e-09  mean_casa=8.905 deg, 1.06s 
mc_idx = 69/100, 耗时 128.57s 
AO iter 1 - EM: NLL=676.7961, 0.15s 
AO iter 1 - LBFGS: NLL=653.8736  mean_cds=1.000e-08  mean_casa=9.504 deg, 0.38s 
AO iter 2 - EM: NLL=636.1672, 0.51s 
AO iter 2 - LBFGS: NLL=619.6210  mean_cds=8.315e-09  mean_casa=8.873 deg, 0.70s 
AO iter 3 - EM: NLL=617.5488, 0.83s 
AO iter 3 - LBFGS: NLL=613.9843  mean_cds=8.400e-09  mean_casa=8.781 deg, 1.04s 
mc_idx = 70/100, 耗时 130.41s 
AO iter 1 - EM: NLL=593.6159, 0.14s 
AO iter 1 - LBFGS: NLL=582.8278  mean_cds=1.053e-08  mean_casa=9.216 deg, 0.35s 
AO iter 2 - EM: NLL=567.6759, 0.50s 
AO iter 2 - LBFGS: NLL=565.1301  mean_cds=1.045e-08  mean_casa=9.070 deg, 0.70s 
AO iter 3 - EM: NLL=563.1984, 0.86s 
AO iter 3 - LBFGS: NLL=560.9354  mean_cds=1.031e-08  mean_casa=8.682 deg, 1.06s 
mc_idx = 71/100, 耗时 132.23s 
AO iter 1 - EM: NLL=639.9066, 0.13s 
AO iter 1 - LBFGS: NLL=622.1500  mean_cds=1.039e-08  mean_casa=9.488 deg, 0.36s 
AO iter 2 - EM: NLL=611.3430, 0.50s 
AO iter 2 - LBFGS: NLL=605.8549  mean_cds=1.012e-08  mean_casa=9.051 deg, 0.70s 
AO iter 3 - EM: NLL=603.0955, 0.83s 
AO iter 3 - LBFGS: NLL=601.9512  mean_cds=1.003e-08  mean_casa=8.951 deg, 1.04s 
mc_idx = 72/100, 耗时 134.07s 
AO iter 1 - EM: NLL=659.4702, 0.15s 
AO iter 1 - LBFGS: NLL=646.4584  mean_cds=1.026e-08  mean_casa=9.562 deg, 0.36s 
AO iter 2 - EM: NLL=639.5866, 0.50s 
AO iter 2 - LBFGS: NLL=633.4402  mean_cds=1.000e-08  mean_casa=9.810 deg, 0.72s 
AO iter 3 - EM: NLL=629.6021, 0.86s 
AO iter 3 - LBFGS: NLL=625.6456  mean_cds=9.723e-09  mean_casa=9.815 deg, 1.09s 
mc_idx = 73/100, 耗时 135.94s 
AO iter 1 - EM: NLL=633.0849, 0.14s 
AO iter 1 - LBFGS: NLL=616.6469  mean_cds=9.553e-09  mean_casa=9.068 deg, 0.36s 
AO iter 2 - EM: NLL=606.5515, 0.50s 
AO iter 2 - LBFGS: NLL=601.6955  mean_cds=9.204e-09  mean_casa=9.007 deg, 0.71s 
AO iter 3 - EM: NLL=599.1430, 0.87s 
AO iter 3 - LBFGS: NLL=592.1321  mean_cds=8.840e-09  mean_casa=8.878 deg, 1.07s 
mc_idx = 74/100, 耗时 137.78s 
AO iter 1 - EM: NLL=661.9546, 0.14s 
AO iter 1 - LBFGS: NLL=638.7048  mean_cds=1.018e-08  mean_casa=9.366 deg, 0.34s 
AO iter 2 - EM: NLL=627.5823, 0.48s 
AO iter 2 - LBFGS: NLL=623.6329  mean_cds=9.821e-09  mean_casa=9.382 deg, 0.68s 
AO iter 3 - EM: NLL=622.5185, 0.82s 
AO iter 3 - LBFGS: NLL=617.7755  mean_cds=9.228e-09  mean_casa=9.233 deg, 1.02s 
mc_idx = 75/100, 耗时 139.56s 
AO iter 1 - EM: NLL=679.6164, 0.16s 
AO iter 1 - LBFGS: NLL=672.0100  mean_cds=1.057e-08  mean_casa=9.902 deg, 0.37s 
AO iter 2 - EM: NLL=667.0265, 0.52s 
AO iter 2 - LBFGS: NLL=662.6481  mean_cds=1.019e-08  mean_casa=10.195 deg, 0.74s 
AO iter 3 - EM: NLL=660.6719, 0.88s 
AO iter 3 - LBFGS: NLL=657.9000  mean_cds=9.866e-09  mean_casa=10.504 deg, 1.09s 
mc_idx = 76/100, 耗时 141.44s 
AO iter 1 - EM: NLL=661.6479, 0.15s 
AO iter 1 - LBFGS: NLL=651.9742  mean_cds=1.025e-08  mean_casa=9.615 deg, 0.37s 
AO iter 2 - EM: NLL=634.9689, 0.53s 
AO iter 2 - LBFGS: NLL=631.5499  mean_cds=9.866e-09  mean_casa=9.564 deg, 0.74s 
AO iter 3 - EM: NLL=629.4372, 0.89s 
AO iter 3 - LBFGS: NLL=627.4654  mean_cds=9.674e-09  mean_casa=9.403 deg, 1.11s 
mc_idx = 77/100, 耗时 143.36s 
AO iter 1 - EM: NLL=707.5902, 0.15s 
AO iter 1 - LBFGS: NLL=681.1783  mean_cds=9.827e-09  mean_casa=9.366 deg, 0.37s 
AO iter 2 - EM: NLL=671.8446, 0.51s 
AO iter 2 - LBFGS: NLL=664.1199  mean_cds=9.512e-09  mean_casa=9.449 deg, 0.72s 
AO iter 3 - EM: NLL=661.9700, 0.87s 
AO iter 3 - LBFGS: NLL=657.5165  mean_cds=9.374e-09  mean_casa=9.597 deg, 1.07s 
mc_idx = 78/100, 耗时 145.24s 
AO iter 1 - EM: NLL=676.3672, 0.15s 
AO iter 1 - LBFGS: NLL=660.2323  mean_cds=1.043e-08  mean_casa=9.303 deg, 0.37s 
AO iter 2 - EM: NLL=645.5536, 0.52s 
AO iter 2 - LBFGS: NLL=638.3469  mean_cds=9.793e-09  mean_casa=9.194 deg, 0.72s 
AO iter 3 - EM: NLL=636.4237, 0.86s 
AO iter 3 - LBFGS: NLL=634.8824  mean_cds=9.697e-09  mean_casa=9.104 deg, 1.10s 
mc_idx = 79/100, 耗时 147.12s 
AO iter 1 - EM: NLL=687.6141, 0.14s 
AO iter 1 - LBFGS: NLL=671.6843  mean_cds=1.030e-08  mean_casa=9.050 deg, 0.37s 
AO iter 2 - EM: NLL=664.8720, 0.51s 
AO iter 2 - LBFGS: NLL=658.3156  mean_cds=1.022e-08  mean_casa=9.062 deg, 0.70s 
AO iter 3 - EM: NLL=656.5661, 0.84s 
AO iter 3 - LBFGS: NLL=650.8330  mean_cds=1.005e-08  mean_casa=9.154 deg, 1.03s 
mc_idx = 80/100, 耗时 148.95s 
AO iter 1 - EM: NLL=634.7182, 0.14s 
AO iter 1 - LBFGS: NLL=619.2553  mean_cds=9.800e-09  mean_casa=9.819 deg, 0.38s 
AO iter 2 - EM: NLL=612.1784, 0.52s 
AO iter 2 - LBFGS: NLL=608.3537  mean_cds=9.380e-09  mean_casa=10.110 deg, 0.72s 
AO iter 3 - EM: NLL=606.3009, 0.88s 
AO iter 3 - LBFGS: NLL=602.5903  mean_cds=9.160e-09  mean_casa=11.315 deg, 1.07s 
mc_idx = 81/100, 耗时 150.80s 
AO iter 1 - EM: NLL=652.7369, 0.14s 
AO iter 1 - LBFGS: NLL=639.2309  mean_cds=1.031e-08  mean_casa=9.709 deg, 0.38s 
AO iter 2 - EM: NLL=624.8660, 0.53s 
AO iter 2 - LBFGS: NLL=615.7421  mean_cds=9.643e-09  mean_casa=9.959 deg, 0.73s 
AO iter 3 - EM: NLL=613.1226, 0.87s 
AO iter 3 - LBFGS: NLL=609.6073  mean_cds=9.043e-09  mean_casa=10.283 deg, 1.09s 
mc_idx = 82/100, 耗时 152.68s 
AO iter 1 - EM: NLL=759.2767, 0.16s 
AO iter 1 - LBFGS: NLL=742.3327  mean_cds=1.057e-08  mean_casa=9.356 deg, 0.38s 
AO iter 2 - EM: NLL=733.0065, 0.51s 
AO iter 2 - LBFGS: NLL=727.6682  mean_cds=1.033e-08  mean_casa=9.418 deg, 0.71s 
AO iter 3 - EM: NLL=725.6749, 0.85s 
AO iter 3 - LBFGS: NLL=722.5614  mean_cds=1.050e-08  mean_casa=9.534 deg, 1.05s 
mc_idx = 83/100, 耗时 154.54s 
AO iter 1 - EM: NLL=736.1147, 0.14s 
AO iter 1 - LBFGS: NLL=698.3263  mean_cds=9.488e-09  mean_casa=9.594 deg, 0.39s 
AO iter 2 - EM: NLL=670.7585, 0.53s 
AO iter 2 - LBFGS: NLL=665.4423  mean_cds=8.795e-09  mean_casa=9.371 deg, 0.74s 
AO iter 3 - EM: NLL=660.1988, 0.90s 
AO iter 3 - LBFGS: NLL=651.3834  mean_cds=7.666e-09  mean_casa=9.353 deg, 1.11s 
mc_idx = 84/100, 耗时 156.44s 
AO iter 1 - EM: NLL=713.1709, 0.16s 
AO iter 1 - LBFGS: NLL=694.2095  mean_cds=1.062e-08  mean_casa=9.389 deg, 0.39s 
AO iter 2 - EM: NLL=682.6748, 0.55s 
AO iter 2 - LBFGS: NLL=676.8890  mean_cds=1.033e-08  mean_casa=9.387 deg, 0.76s 
AO iter 3 - EM: NLL=675.4339, 0.91s 
AO iter 3 - LBFGS: NLL=673.0502  mean_cds=1.017e-08  mean_casa=9.481 deg, 1.11s 
mc_idx = 85/100, 耗时 158.38s 
AO iter 1 - EM: NLL=601.9751, 0.15s 
AO iter 1 - LBFGS: NLL=573.0356  mean_cds=1.002e-08  mean_casa=9.361 deg, 0.36s 
AO iter 2 - EM: NLL=547.2581, 0.52s 
AO iter 2 - LBFGS: NLL=533.7911  mean_cds=1.003e-08  mean_casa=9.167 deg, 0.74s 
AO iter 3 - EM: NLL=531.9586, 0.87s 
AO iter 3 - LBFGS: NLL=528.9812  mean_cds=9.914e-09  mean_casa=9.548 deg, 1.08s 
mc_idx = 86/100, 耗时 160.24s 
AO iter 1 - EM: NLL=732.2267, 0.14s 
AO iter 1 - LBFGS: NLL=707.0429  mean_cds=9.875e-09  mean_casa=9.520 deg, 0.38s 
AO iter 2 - EM: NLL=698.6759, 0.54s 
AO iter 2 - LBFGS: NLL=689.8082  mean_cds=9.402e-09  mean_casa=9.621 deg, 0.78s 
AO iter 3 - EM: NLL=687.0801, 0.93s 
AO iter 3 - LBFGS: NLL=677.7353  mean_cds=8.510e-09  mean_casa=9.818 deg, 1.14s 
mc_idx = 87/100, 耗时 162.18s 
AO iter 1 - EM: NLL=712.4320, 0.15s 
AO iter 1 - LBFGS: NLL=680.4537  mean_cds=1.341e-08  mean_casa=9.475 deg, 0.36s 
AO iter 2 - EM: NLL=663.7184, 0.49s 
AO iter 2 - LBFGS: NLL=662.1794  mean_cds=1.322e-08  mean_casa=9.506 deg, 0.71s 
AO iter 3 - EM: NLL=659.0094, 0.86s 
AO iter 3 - LBFGS: NLL=654.7904  mean_cds=1.164e-08  mean_casa=11.157 deg, 1.07s 
mc_idx = 88/100, 耗时 164.04s 
AO iter 1 - EM: NLL=644.6169, 0.14s 
AO iter 1 - LBFGS: NLL=619.8092  mean_cds=9.482e-09  mean_casa=8.731 deg, 0.38s 
AO iter 2 - EM: NLL=591.5689, 0.53s 
AO iter 2 - LBFGS: NLL=586.0334  mean_cds=9.058e-09  mean_casa=8.859 deg, 0.72s 
AO iter 3 - EM: NLL=583.9449, 0.85s 
AO iter 3 - LBFGS: NLL=579.4667  mean_cds=8.871e-09  mean_casa=9.336 deg, 1.05s 
mc_idx = 89/100, 耗时 165.82s 
AO iter 1 - EM: NLL=671.5909, 0.13s 
AO iter 1 - LBFGS: NLL=662.4152  mean_cds=9.808e-09  mean_casa=12.185 deg, 0.36s 
AO iter 2 - EM: NLL=632.8859, 0.51s 
AO iter 2 - LBFGS: NLL=622.1531  mean_cds=9.970e-09  mean_casa=11.359 deg, 0.73s 
AO iter 3 - EM: NLL=618.7527, 0.88s 
AO iter 3 - LBFGS: NLL=617.4265  mean_cds=1.029e-08  mean_casa=11.553 deg, 1.08s 
mc_idx = 90/100, 耗时 167.69s 
AO iter 1 - EM: NLL=662.2049, 0.15s 
AO iter 1 - LBFGS: NLL=651.5333  mean_cds=1.066e-08  mean_casa=9.237 deg, 0.35s 
AO iter 2 - EM: NLL=645.8702, 0.50s 
AO iter 2 - LBFGS: NLL=641.8667  mean_cds=1.051e-08  mean_casa=9.013 deg, 0.70s 
AO iter 3 - EM: NLL=640.3947, 0.84s 
AO iter 3 - LBFGS: NLL=638.3470  mean_cds=1.042e-08  mean_casa=8.728 deg, 1.05s 
mc_idx = 91/100, 耗时 169.55s 
AO iter 1 - EM: NLL=709.2553, 0.15s 
AO iter 1 - LBFGS: NLL=700.2674  mean_cds=1.046e-08  mean_casa=9.917 deg, 0.38s 
AO iter 2 - EM: NLL=695.2427, 0.52s 
AO iter 2 - LBFGS: NLL=689.1194  mean_cds=1.010e-08  mean_casa=10.319 deg, 0.72s 
AO iter 3 - EM: NLL=685.4742, 0.85s 
AO iter 3 - LBFGS: NLL=682.9725  mean_cds=9.845e-09  mean_casa=10.404 deg, 1.08s 
mc_idx = 92/100, 耗时 171.39s 
AO iter 1 - EM: NLL=658.7881, 0.14s 
AO iter 1 - LBFGS: NLL=645.0025  mean_cds=1.008e-08  mean_casa=8.921 deg, 0.37s 
AO iter 2 - EM: NLL=635.5332, 0.53s 
AO iter 2 - LBFGS: NLL=629.6850  mean_cds=9.908e-09  mean_casa=8.909 deg, 0.77s 
AO iter 3 - EM: NLL=627.4391, 0.92s 
AO iter 3 - LBFGS: NLL=621.5215  mean_cds=9.811e-09  mean_casa=9.051 deg, 1.13s 
mc_idx = 93/100, 耗时 173.34s 
AO iter 1 - EM: NLL=601.7368, 0.16s 
AO iter 1 - LBFGS: NLL=588.0101  mean_cds=1.050e-08  mean_casa=9.327 deg, 0.39s 
AO iter 2 - EM: NLL=579.3094, 0.54s 
AO iter 2 - LBFGS: NLL=575.6201  mean_cds=9.814e-09  mean_casa=8.275 deg, 0.74s 
AO iter 3 - EM: NLL=573.8786, 0.89s 
AO iter 3 - LBFGS: NLL=571.6564  mean_cds=9.607e-09  mean_casa=8.243 deg, 1.12s 
mc_idx = 94/100, 耗时 175.30s 
AO iter 1 - EM: NLL=662.7419, 0.15s 
AO iter 1 - LBFGS: NLL=650.7019  mean_cds=1.021e-08  mean_casa=9.932 deg, 0.36s 
AO iter 2 - EM: NLL=635.7429, 0.49s 
AO iter 2 - LBFGS: NLL=627.8172  mean_cds=9.541e-09  mean_casa=11.237 deg, 0.68s 
AO iter 3 - EM: NLL=623.9173, 0.82s 
AO iter 3 - LBFGS: NLL=622.8942  mean_cds=9.518e-09  mean_casa=11.293 deg, 1.04s 
mc_idx = 95/100, 耗时 177.10s 
AO iter 1 - EM: NLL=653.9777, 0.14s 
AO iter 1 - LBFGS: NLL=636.7328  mean_cds=1.022e-08  mean_casa=9.594 deg, 0.38s 
AO iter 2 - EM: NLL=627.5676, 0.51s 
AO iter 2 - LBFGS: NLL=619.9195  mean_cds=9.577e-09  mean_casa=9.498 deg, 0.71s 
AO iter 3 - EM: NLL=617.6918, 0.86s 
AO iter 3 - LBFGS: NLL=614.4413  mean_cds=9.169e-09  mean_casa=9.480 deg, 1.04s 
mc_idx = 96/100, 耗时 178.87s 
AO iter 1 - EM: NLL=742.1092, 0.14s 
AO iter 1 - LBFGS: NLL=702.1942  mean_cds=1.783e-07  mean_casa=36.437 deg, 0.32s 
AO iter 2 - EM: NLL=697.7132, 0.46s 
AO iter 2 - LBFGS: NLL=673.5891  mean_cds=2.336e-06  mean_casa=72.556 deg, 0.65s 
AO iter 3 - EM: NLL=670.4137, 0.80s 
AO iter 3 - LBFGS: NLL=657.6171  mean_cds=2.322e-06  mean_casa=79.782 deg, 0.99s 
mc_idx = 97/100, 耗时 180.61s 
AO iter 1 - EM: NLL=624.3591, 0.14s 
AO iter 1 - LBFGS: NLL=612.2958  mean_cds=1.052e-08  mean_casa=9.724 deg, 0.35s 
AO iter 2 - EM: NLL=598.4537, 0.49s 
AO iter 2 - LBFGS: NLL=591.5378  mean_cds=1.044e-08  mean_casa=9.833 deg, 0.69s 
AO iter 3 - EM: NLL=589.4290, 0.82s 
AO iter 3 - LBFGS: NLL=587.0191  mean_cds=1.044e-08  mean_casa=9.788 deg, 1.00s 
mc_idx = 98/100, 耗时 182.38s 
AO iter 1 - EM: NLL=699.5082, 0.13s 
AO iter 1 - LBFGS: NLL=684.6380  mean_cds=1.057e-08  mean_casa=9.488 deg, 0.35s 
AO iter 2 - EM: NLL=674.6792, 0.48s 
AO iter 2 - LBFGS: NLL=663.7402  mean_cds=1.034e-08  mean_casa=9.134 deg, 0.68s 
AO iter 3 - EM: NLL=659.8116, 0.82s 
AO iter 3 - LBFGS: NLL=656.9342  mean_cds=1.053e-08  mean_casa=9.216 deg, 1.01s 
mc_idx = 99/100, 耗时 184.13s 
AO iter 1 - EM: NLL=687.2073, 0.13s 
AO iter 1 - LBFGS: NLL=666.8307  mean_cds=1.025e-08  mean_casa=9.604 deg, 0.36s 
AO iter 2 - EM: NLL=654.2415, 0.50s 
AO iter 2 - LBFGS: NLL=642.0933  mean_cds=9.870e-09  mean_casa=9.522 deg, 0.69s 
AO iter 3 - EM: NLL=638.4695, 0.84s 
AO iter 3 - LBFGS: NLL=635.4515  mean_cds=9.815e-09  mean_casa=9.622 deg, 1.02s 
mc_idx = 100/100, 耗时 185.90s 
Prior mismatch: axis 1, actual/assumed SD 2.0
开始MonteCarlo仿真...... 
AO iter 1 - EM: NLL=753.9268, 0.14s 
AO iter 1 - LBFGS: NLL=728.0391  mean_cds=1.101e-08  mean_casa=8.780 deg, 0.36s 
AO iter 2 - EM: NLL=690.6140, 0.50s 
AO iter 2 - LBFGS: NLL=678.7512  mean_cds=1.026e-08  mean_casa=8.955 deg, 0.73s 
AO iter 3 - EM: NLL=675.7348, 0.87s 
AO iter 3 - LBFGS: NLL=673.0251  mean_cds=9.921e-09  mean_casa=8.967 deg, 1.08s 
mc_idx = 1/100, 耗时 1.81s 
AO iter 1 - EM: NLL=625.4942, 0.14s 
AO iter 1 - LBFGS: NLL=609.8770  mean_cds=1.042e-08  mean_casa=9.916 deg, 0.37s 
AO iter 2 - EM: NLL=599.2403, 0.51s 
AO iter 2 - LBFGS: NLL=592.2823  mean_cds=1.030e-08  mean_casa=10.238 deg, 0.70s 
AO iter 3 - EM: NLL=589.6537, 0.85s 
AO iter 3 - LBFGS: NLL=584.4546  mean_cds=1.065e-08  mean_casa=10.977 deg, 1.04s 
mc_idx = 2/100, 耗时 3.65s 
AO iter 1 - EM: NLL=734.4661, 0.14s 
AO iter 1 - LBFGS: NLL=712.5151  mean_cds=1.135e-08  mean_casa=9.004 deg, 0.33s 
AO iter 2 - EM: NLL=702.1844, 0.48s 
AO iter 2 - LBFGS: NLL=690.4158  mean_cds=1.066e-08  mean_casa=9.077 deg, 0.69s 
AO iter 3 - EM: NLL=687.0875, 0.83s 
AO iter 3 - LBFGS: NLL=683.2295  mean_cds=1.046e-08  mean_casa=9.140 deg, 1.03s 
mc_idx = 3/100, 耗时 5.45s 
AO iter 1 - EM: NLL=729.2150, 0.15s 
AO iter 1 - LBFGS: NLL=717.7339  mean_cds=1.136e-08  mean_casa=16.329 deg, 0.34s 
AO iter 2 - EM: NLL=686.7044, 0.47s 
AO iter 2 - LBFGS: NLL=682.1638  mean_cds=1.133e-08  mean_casa=14.579 deg, 0.64s 
AO iter 3 - EM: NLL=679.1939, 0.77s 
AO iter 3 - LBFGS: NLL=678.3420  mean_cds=1.125e-08  mean_casa=14.512 deg, 0.94s 
mc_idx = 4/100, 耗时 7.10s 
AO iter 1 - EM: NLL=762.6272, 0.13s 
AO iter 1 - LBFGS: NLL=731.2579  mean_cds=1.686e-08  mean_casa=14.412 deg, 0.32s 
AO iter 2 - EM: NLL=729.9534, 0.44s 
AO iter 2 - LBFGS: NLL=707.9183  mean_cds=1.726e-08  mean_casa=15.127 deg, 0.62s 
AO iter 3 - EM: NLL=706.4264, 0.75s 
AO iter 3 - LBFGS: NLL=704.4711  mean_cds=1.796e-08  mean_casa=15.879 deg, 0.94s 
mc_idx = 5/100, 耗时 8.77s 
AO iter 1 - EM: NLL=708.1584, 0.14s 
AO iter 1 - LBFGS: NLL=689.5778  mean_cds=1.071e-08  mean_casa=9.581 deg, 0.36s 
AO iter 2 - EM: NLL=680.5007, 0.49s 
AO iter 2 - LBFGS: NLL=677.7907  mean_cds=1.069e-08  mean_casa=9.703 deg, 0.68s 
AO iter 3 - EM: NLL=676.2415, 0.83s 
AO iter 3 - LBFGS: NLL=674.9434  mean_cds=1.079e-08  mean_casa=9.790 deg, 1.01s 
mc_idx = 6/100, 耗时 10.53s 
AO iter 1 - EM: NLL=684.8956, 0.14s 
AO iter 1 - LBFGS: NLL=660.2512  mean_cds=1.048e-08  mean_casa=9.577 deg, 0.35s 
AO iter 2 - EM: NLL=633.9578, 0.49s 
AO iter 2 - LBFGS: NLL=631.2778  mean_cds=1.046e-08  mean_casa=9.560 deg, 0.69s 
AO iter 3 - EM: NLL=630.1287, 0.82s 
AO iter 3 - LBFGS: NLL=622.8168  mean_cds=1.124e-08  mean_casa=10.317 deg, 0.99s 
mc_idx = 7/100, 耗时 12.24s 
AO iter 1 - EM: NLL=658.8871, 0.15s 
AO iter 1 - LBFGS: NLL=634.5512  mean_cds=1.071e-08  mean_casa=9.214 deg, 0.37s 
AO iter 2 - EM: NLL=623.3098, 0.52s 
AO iter 2 - LBFGS: NLL=613.0630  mean_cds=1.039e-08  mean_casa=8.892 deg, 0.72s 
AO iter 3 - EM: NLL=610.3990, 0.88s 
AO iter 3 - LBFGS: NLL=606.0331  mean_cds=1.059e-08  mean_casa=8.667 deg, 1.06s 
mc_idx = 8/100, 耗时 14.07s 
AO iter 1 - EM: NLL=784.6368, 0.13s 
AO iter 1 - LBFGS: NLL=748.0119  mean_cds=2.159e-08  mean_casa=13.826 deg, 0.34s 
AO iter 2 - EM: NLL=719.6437, 0.47s 
AO iter 2 - LBFGS: NLL=700.2232  mean_cds=2.181e-08  mean_casa=14.012 deg, 0.70s 
AO iter 3 - EM: NLL=693.6055, 0.85s 
AO iter 3 - LBFGS: NLL=690.2999  mean_cds=2.139e-08  mean_casa=14.160 deg, 1.04s 
mc_idx = 9/100, 耗时 15.83s 
AO iter 1 - EM: NLL=666.8353, 0.14s 
AO iter 1 - LBFGS: NLL=652.2856  mean_cds=1.078e-08  mean_casa=9.860 deg, 0.33s 
AO iter 2 - EM: NLL=642.8864, 0.46s 
AO iter 2 - LBFGS: NLL=640.5064  mean_cds=1.071e-08  mean_casa=9.850 deg, 0.68s 
AO iter 3 - EM: NLL=637.7449, 0.83s 
AO iter 3 - LBFGS: NLL=635.0401  mean_cds=1.071e-08  mean_casa=9.889 deg, 1.02s 
mc_idx = 10/100, 耗时 17.59s 
AO iter 1 - EM: NLL=673.3126, 0.13s 
AO iter 1 - LBFGS: NLL=645.3870  mean_cds=1.029e-08  mean_casa=9.583 deg, 0.33s 
AO iter 2 - EM: NLL=632.1526, 0.47s 
AO iter 2 - LBFGS: NLL=625.1405  mean_cds=1.004e-08  mean_casa=9.496 deg, 0.69s 
AO iter 3 - EM: NLL=622.8821, 0.83s 
AO iter 3 - LBFGS: NLL=619.0903  mean_cds=1.003e-08  mean_casa=9.553 deg, 1.01s 
mc_idx = 11/100, 耗时 19.34s 
AO iter 1 - EM: NLL=670.7021, 0.13s 
AO iter 1 - LBFGS: NLL=657.8485  mean_cds=1.070e-08  mean_casa=9.624 deg, 0.33s 
AO iter 2 - EM: NLL=647.3541, 0.46s 
AO iter 2 - LBFGS: NLL=645.0632  mean_cds=1.071e-08  mean_casa=9.620 deg, 0.65s 
AO iter 3 - EM: NLL=643.3802, 0.78s 
AO iter 3 - LBFGS: NLL=640.2796  mean_cds=1.088e-08  mean_casa=9.753 deg, 0.95s 
mc_idx = 12/100, 耗时 21.01s 
AO iter 1 - EM: NLL=696.4408, 0.13s 
AO iter 1 - LBFGS: NLL=684.7081  mean_cds=1.006e-08  mean_casa=9.515 deg, 0.32s 
AO iter 2 - EM: NLL=672.8489, 0.45s 
AO iter 2 - LBFGS: NLL=668.5727  mean_cds=9.554e-09  mean_casa=9.511 deg, 0.63s 
AO iter 3 - EM: NLL=666.1117, 0.77s 
AO iter 3 - LBFGS: NLL=662.9619  mean_cds=9.016e-09  mean_casa=9.282 deg, 0.94s 
mc_idx = 13/100, 耗时 22.67s 
AO iter 1 - EM: NLL=675.9133, 0.13s 
AO iter 1 - LBFGS: NLL=644.0041  mean_cds=9.759e-09  mean_casa=9.345 deg, 0.34s 
AO iter 2 - EM: NLL=629.1971, 0.47s 
AO iter 2 - LBFGS: NLL=616.4025  mean_cds=9.025e-09  mean_casa=9.724 deg, 0.65s 
AO iter 3 - EM: NLL=611.8872, 0.78s 
AO iter 3 - LBFGS: NLL=605.5169  mean_cds=8.586e-09  mean_casa=10.049 deg, 0.97s 
mc_idx = 14/100, 耗时 24.33s 
AO iter 1 - EM: NLL=652.6660, 0.13s 
AO iter 1 - LBFGS: NLL=643.4463  mean_cds=1.029e-08  mean_casa=9.707 deg, 0.32s 
AO iter 2 - EM: NLL=631.9523, 0.46s 
AO iter 2 - LBFGS: NLL=628.8804  mean_cds=9.912e-09  mean_casa=9.664 deg, 0.65s 
AO iter 3 - EM: NLL=625.5710, 0.78s 
AO iter 3 - LBFGS: NLL=624.2073  mean_cds=9.596e-09  mean_casa=9.686 deg, 0.97s 
mc_idx = 15/100, 耗时 25.99s 
AO iter 1 - EM: NLL=684.4475, 0.13s 
AO iter 1 - LBFGS: NLL=677.0306  mean_cds=1.033e-08  mean_casa=9.931 deg, 0.34s 
AO iter 2 - EM: NLL=662.8189, 0.48s 
AO iter 2 - LBFGS: NLL=657.5867  mean_cds=9.817e-09  mean_casa=10.157 deg, 0.66s 
AO iter 3 - EM: NLL=654.5118, 0.80s 
AO iter 3 - LBFGS: NLL=648.9457  mean_cds=9.302e-09  mean_casa=10.906 deg, 0.97s 
mc_idx = 16/100, 耗时 27.70s 
AO iter 1 - EM: NLL=735.1194, 0.14s 
AO iter 1 - LBFGS: NLL=701.8838  mean_cds=9.798e-09  mean_casa=9.105 deg, 0.34s 
AO iter 2 - EM: NLL=669.4974, 0.47s 
AO iter 2 - LBFGS: NLL=647.6765  mean_cds=1.396e-08  mean_casa=10.650 deg, 0.65s 
AO iter 3 - EM: NLL=640.2690, 0.78s 
AO iter 3 - LBFGS: NLL=639.1583  mean_cds=1.238e-08  mean_casa=11.109 deg, 0.97s 
mc_idx = 17/100, 耗时 29.38s 
AO iter 1 - EM: NLL=722.9985, 0.15s 
AO iter 1 - LBFGS: NLL=713.8681  mean_cds=1.060e-08  mean_casa=9.643 deg, 0.35s 
AO iter 2 - EM: NLL=706.1101, 0.49s 
AO iter 2 - LBFGS: NLL=704.0140  mean_cds=1.058e-08  mean_casa=9.642 deg, 0.68s 
AO iter 3 - EM: NLL=702.8726, 0.81s 
AO iter 3 - LBFGS: NLL=700.1648  mean_cds=1.063e-08  mean_casa=9.342 deg, 0.99s 
mc_idx = 18/100, 耗时 31.10s 
AO iter 1 - EM: NLL=707.9421, 0.13s 
AO iter 1 - LBFGS: NLL=680.4760  mean_cds=1.086e-08  mean_casa=9.609 deg, 0.34s 
AO iter 2 - EM: NLL=669.8401, 0.48s 
AO iter 2 - LBFGS: NLL=661.3598  mean_cds=1.074e-08  mean_casa=9.945 deg, 0.66s 
AO iter 3 - EM: NLL=657.4104, 0.79s 
AO iter 3 - LBFGS: NLL=653.6338  mean_cds=1.087e-08  mean_casa=10.130 deg, 0.98s 
mc_idx = 19/100, 耗时 32.81s 
AO iter 1 - EM: NLL=709.4212, 0.14s 
AO iter 1 - LBFGS: NLL=653.0061  mean_cds=1.277e-08  mean_casa=11.345 deg, 0.34s 
AO iter 2 - EM: NLL=620.7462, 0.48s 
AO iter 2 - LBFGS: NLL=619.7443  mean_cds=1.280e-08  mean_casa=11.455 deg, 0.67s 
AO iter 3 - EM: NLL=618.5617, 0.80s 
AO iter 3 - LBFGS: NLL=615.1429  mean_cds=1.274e-08  mean_casa=12.502 deg, 1.00s 
mc_idx = 20/100, 耗时 34.55s 
AO iter 1 - EM: NLL=699.6725, 0.13s 
AO iter 1 - LBFGS: NLL=674.9856  mean_cds=1.053e-08  mean_casa=9.819 deg, 0.35s 
AO iter 2 - EM: NLL=662.0853, 0.48s 
AO iter 2 - LBFGS: NLL=657.0253  mean_cds=1.024e-08  mean_casa=9.812 deg, 0.68s 
AO iter 3 - EM: NLL=648.6931, 0.80s 
AO iter 3 - LBFGS: NLL=645.4869  mean_cds=1.021e-08  mean_casa=9.892 deg, 0.99s 
mc_idx = 21/100, 耗时 36.28s 
AO iter 1 - EM: NLL=649.3318, 0.13s 
AO iter 1 - LBFGS: NLL=634.3579  mean_cds=1.061e-08  mean_casa=9.897 deg, 0.33s 
AO iter 2 - EM: NLL=621.7102, 0.47s 
AO iter 2 - LBFGS: NLL=619.7233  mean_cds=1.056e-08  mean_casa=9.978 deg, 0.66s 
AO iter 3 - EM: NLL=618.5715, 0.79s 
AO iter 3 - LBFGS: NLL=615.8059  mean_cds=1.048e-08  mean_casa=10.408 deg, 0.98s 
mc_idx = 22/100, 耗时 37.97s 
AO iter 1 - EM: NLL=585.2978, 0.14s 
AO iter 1 - LBFGS: NLL=565.3486  mean_cds=1.034e-08  mean_casa=9.701 deg, 0.35s 
AO iter 2 - EM: NLL=559.5847, 0.50s 
AO iter 2 - LBFGS: NLL=549.6484  mean_cds=9.814e-09  mean_casa=11.002 deg, 0.68s 
AO iter 3 - EM: NLL=548.4366, 0.83s 
AO iter 3 - LBFGS: NLL=547.1689  mean_cds=9.741e-09  mean_casa=10.994 deg, 1.04s 
mc_idx = 23/100, 耗时 39.72s 
AO iter 1 - EM: NLL=617.7574, 0.13s 
AO iter 1 - LBFGS: NLL=602.8506  mean_cds=1.034e-08  mean_casa=9.314 deg, 0.33s 
AO iter 2 - EM: NLL=592.1688, 0.46s 
AO iter 2 - LBFGS: NLL=585.5013  mean_cds=1.000e-08  mean_casa=9.401 deg, 0.63s 
AO iter 3 - EM: NLL=583.5780, 0.76s 
AO iter 3 - LBFGS: NLL=579.9147  mean_cds=9.677e-09  mean_casa=9.123 deg, 0.93s 
mc_idx = 24/100, 耗时 41.34s 
AO iter 1 - EM: NLL=675.1625, 0.13s 
AO iter 1 - LBFGS: NLL=657.6962  mean_cds=2.780e-08  mean_casa=12.742 deg, 0.31s 
AO iter 2 - EM: NLL=653.3331, 0.44s 
AO iter 2 - LBFGS: NLL=642.2435  mean_cds=2.389e-08  mean_casa=12.755 deg, 0.62s 
AO iter 3 - EM: NLL=639.4327, 0.75s 
AO iter 3 - LBFGS: NLL=625.5351  mean_cds=2.048e-08  mean_casa=15.970 deg, 0.92s 
mc_idx = 25/100, 耗时 42.95s 
AO iter 1 - EM: NLL=659.9384, 0.13s 
AO iter 1 - LBFGS: NLL=634.4044  mean_cds=1.023e-08  mean_casa=9.768 deg, 0.32s 
AO iter 2 - EM: NLL=622.1966, 0.45s 
AO iter 2 - LBFGS: NLL=615.1215  mean_cds=9.580e-09  mean_casa=9.650 deg, 0.63s 
AO iter 3 - EM: NLL=613.7077, 0.76s 
AO iter 3 - LBFGS: NLL=604.4861  mean_cds=9.738e-09  mean_casa=10.411 deg, 0.95s 
mc_idx = 26/100, 耗时 44.59s 
AO iter 1 - EM: NLL=706.5281, 0.13s 
AO iter 1 - LBFGS: NLL=683.8092  mean_cds=1.036e-08  mean_casa=9.898 deg, 0.34s 
AO iter 2 - EM: NLL=668.5905, 0.47s 
AO iter 2 - LBFGS: NLL=657.7733  mean_cds=9.954e-09  mean_casa=9.829 deg, 0.64s 
AO iter 3 - EM: NLL=649.4846, 0.78s 
AO iter 3 - LBFGS: NLL=647.7115  mean_cds=9.964e-09  mean_casa=9.958 deg, 0.96s 
mc_idx = 27/100, 耗时 46.23s 
AO iter 1 - EM: NLL=715.3860, 0.13s 
AO iter 1 - LBFGS: NLL=687.8623  mean_cds=1.084e-08  mean_casa=10.107 deg, 0.34s 
AO iter 2 - EM: NLL=667.2496, 0.47s 
AO iter 2 - LBFGS: NLL=663.3025  mean_cds=1.101e-08  mean_casa=10.686 deg, 0.66s 
AO iter 3 - EM: NLL=659.5937, 0.79s 
AO iter 3 - LBFGS: NLL=656.1948  mean_cds=1.175e-08  mean_casa=11.580 deg, 0.98s 
mc_idx = 28/100, 耗时 47.92s 
AO iter 1 - EM: NLL=675.8763, 0.15s 
AO iter 1 - LBFGS: NLL=650.0983  mean_cds=1.071e-08  mean_casa=9.687 deg, 0.37s 
AO iter 2 - EM: NLL=629.7979, 0.51s 
AO iter 2 - LBFGS: NLL=624.3758  mean_cds=1.060e-08  mean_casa=9.523 deg, 0.70s 
AO iter 3 - EM: NLL=621.2373, 0.83s 
AO iter 3 - LBFGS: NLL=618.2589  mean_cds=1.050e-08  mean_casa=9.726 deg, 1.03s 
mc_idx = 29/100, 耗时 49.71s 
AO iter 1 - EM: NLL=680.1366, 0.13s 
AO iter 1 - LBFGS: NLL=663.4937  mean_cds=1.071e-08  mean_casa=9.884 deg, 0.34s 
AO iter 2 - EM: NLL=650.1421, 0.47s 
AO iter 2 - LBFGS: NLL=645.4707  mean_cds=1.053e-08  mean_casa=10.034 deg, 0.67s 
AO iter 3 - EM: NLL=643.7757, 0.80s 
AO iter 3 - LBFGS: NLL=638.4541  mean_cds=1.037e-08  mean_casa=10.583 deg, 1.00s 
mc_idx = 30/100, 耗时 51.42s 
AO iter 1 - EM: NLL=666.4417, 0.13s 
AO iter 1 - LBFGS: NLL=654.7009  mean_cds=1.076e-08  mean_casa=9.426 deg, 0.33s 
AO iter 2 - EM: NLL=647.3013, 0.46s 
AO iter 2 - LBFGS: NLL=640.2475  mean_cds=1.103e-08  mean_casa=9.149 deg, 0.63s 
AO iter 3 - EM: NLL=637.7637, 0.76s 
AO iter 3 - LBFGS: NLL=634.9359  mean_cds=1.067e-08  mean_casa=9.434 deg, 0.94s 
mc_idx = 31/100, 耗时 53.08s 
AO iter 1 - EM: NLL=608.9826, 0.14s 
AO iter 1 - LBFGS: NLL=598.5334  mean_cds=1.053e-08  mean_casa=8.926 deg, 0.34s 
AO iter 2 - EM: NLL=590.9511, 0.48s 
AO iter 2 - LBFGS: NLL=582.8830  mean_cds=1.047e-08  mean_casa=8.676 deg, 0.67s 
AO iter 3 - EM: NLL=579.7367, 0.80s 
AO iter 3 - LBFGS: NLL=578.6031  mean_cds=1.052e-08  mean_casa=8.559 deg, 0.98s 
mc_idx = 32/100, 耗时 54.76s 
AO iter 1 - EM: NLL=682.8612, 0.13s 
AO iter 1 - LBFGS: NLL=669.1118  mean_cds=1.084e-08  mean_casa=9.670 deg, 0.32s 
AO iter 2 - EM: NLL=656.4941, 0.45s 
AO iter 2 - LBFGS: NLL=652.3316  mean_cds=1.102e-08  mean_casa=9.911 deg, 0.64s 
AO iter 3 - EM: NLL=650.9899, 0.77s 
AO iter 3 - LBFGS: NLL=650.1344  mean_cds=1.112e-08  mean_casa=9.988 deg, 0.95s 
mc_idx = 33/100, 耗时 56.42s 
AO iter 1 - EM: NLL=783.1213, 0.13s 
AO iter 1 - LBFGS: NLL=762.5391  mean_cds=1.124e-08  mean_casa=9.812 deg, 0.34s 
AO iter 2 - EM: NLL=751.4590, 0.47s 
AO iter 2 - LBFGS: NLL=745.9569  mean_cds=1.107e-08  mean_casa=9.999 deg, 0.66s 
AO iter 3 - EM: NLL=740.3377, 0.79s 
AO iter 3 - LBFGS: NLL=735.4067  mean_cds=1.118e-08  mean_casa=10.321 deg, 0.97s 
mc_idx = 34/100, 耗时 58.09s 
AO iter 1 - EM: NLL=738.2915, 0.13s 
AO iter 1 - LBFGS: NLL=716.1360  mean_cds=1.069e-08  mean_casa=9.203 deg, 0.34s 
AO iter 2 - EM: NLL=704.8727, 0.47s 
AO iter 2 - LBFGS: NLL=697.7933  mean_cds=1.073e-08  mean_casa=9.342 deg, 0.65s 
AO iter 3 - EM: NLL=695.8093, 0.78s 
AO iter 3 - LBFGS: NLL=686.3653  mean_cds=1.082e-08  mean_casa=10.020 deg, 0.96s 
mc_idx = 35/100, 耗时 59.75s 
AO iter 1 - EM: NLL=623.1648, 0.13s 
AO iter 1 - LBFGS: NLL=594.1818  mean_cds=9.324e-09  mean_casa=9.245 deg, 0.31s 
AO iter 2 - EM: NLL=578.4464, 0.44s 
AO iter 2 - LBFGS: NLL=569.7190  mean_cds=8.837e-09  mean_casa=9.713 deg, 0.62s 
AO iter 3 - EM: NLL=568.8850, 0.76s 
AO iter 3 - LBFGS: NLL=565.6155  mean_cds=8.752e-09  mean_casa=10.021 deg, 0.94s 
mc_idx = 36/100, 耗时 61.38s 
AO iter 1 - EM: NLL=726.4840, 0.13s 
AO iter 1 - LBFGS: NLL=719.2961  mean_cds=1.043e-08  mean_casa=9.956 deg, 0.33s 
AO iter 2 - EM: NLL=711.0514, 0.48s 
AO iter 2 - LBFGS: NLL=707.5512  mean_cds=1.012e-08  mean_casa=10.203 deg, 0.68s 
AO iter 3 - EM: NLL=706.1421, 0.82s 
AO iter 3 - LBFGS: NLL=704.6466  mean_cds=1.009e-08  mean_casa=10.287 deg, 1.00s 
mc_idx = 37/100, 耗时 63.08s 
AO iter 1 - EM: NLL=659.4464, 0.15s 
AO iter 1 - LBFGS: NLL=638.5080  mean_cds=1.044e-08  mean_casa=9.698 deg, 0.35s 
AO iter 2 - EM: NLL=629.1213, 0.49s 
AO iter 2 - LBFGS: NLL=624.1613  mean_cds=9.898e-09  mean_casa=9.478 deg, 0.66s 
AO iter 3 - EM: NLL=620.9258, 0.79s 
AO iter 3 - LBFGS: NLL=619.3809  mean_cds=9.727e-09  mean_casa=9.408 deg, 0.99s 
mc_idx = 38/100, 耗时 64.76s 
AO iter 1 - EM: NLL=731.3652, 0.13s 
AO iter 1 - LBFGS: NLL=663.0523  mean_cds=9.954e-09  mean_casa=9.901 deg, 0.35s 
AO iter 2 - EM: NLL=648.9870, 0.48s 
AO iter 2 - LBFGS: NLL=641.0060  mean_cds=9.649e-09  mean_casa=9.883 deg, 0.68s 
AO iter 3 - EM: NLL=635.1998, 0.81s 
AO iter 3 - LBFGS: NLL=631.0140  mean_cds=9.291e-09  mean_casa=10.131 deg, 1.00s 
mc_idx = 39/100, 耗时 66.46s 
AO iter 1 - EM: NLL=707.7173, 0.14s 
AO iter 1 - LBFGS: NLL=691.6428  mean_cds=1.010e-08  mean_casa=9.851 deg, 0.33s 
AO iter 2 - EM: NLL=683.1154, 0.46s 
AO iter 2 - LBFGS: NLL=679.2566  mean_cds=9.879e-09  mean_casa=10.078 deg, 0.65s 
AO iter 3 - EM: NLL=676.4286, 0.78s 
AO iter 3 - LBFGS: NLL=670.4190  mean_cds=9.434e-09  mean_casa=10.660 deg, 0.95s 
mc_idx = 40/100, 耗时 68.13s 
AO iter 1 - EM: NLL=691.4078, 0.13s 
AO iter 1 - LBFGS: NLL=676.9547  mean_cds=1.043e-08  mean_casa=9.770 deg, 0.32s 
AO iter 2 - EM: NLL=661.9181, 0.45s 
AO iter 2 - LBFGS: NLL=650.0617  mean_cds=1.013e-08  mean_casa=9.850 deg, 0.64s 
AO iter 3 - EM: NLL=643.6161, 0.76s 
AO iter 3 - LBFGS: NLL=640.9174  mean_cds=1.012e-08  mean_casa=9.942 deg, 0.95s 
mc_idx = 41/100, 耗时 69.77s 
AO iter 1 - EM: NLL=727.3050, 0.13s 
AO iter 1 - LBFGS: NLL=706.1690  mean_cds=4.279e-08  mean_casa=13.290 deg, 0.31s 
AO iter 2 - EM: NLL=676.5942, 0.44s 
AO iter 2 - LBFGS: NLL=664.0125  mean_cds=4.023e-08  mean_casa=12.848 deg, 0.64s 
AO iter 3 - EM: NLL=654.7741, 0.77s 
AO iter 3 - LBFGS: NLL=652.1314  mean_cds=3.863e-08  mean_casa=12.603 deg, 0.95s 
mc_idx = 42/100, 耗时 71.42s 
AO iter 1 - EM: NLL=720.1644, 0.13s 
AO iter 1 - LBFGS: NLL=692.5292  mean_cds=1.583e-08  mean_casa=15.608 deg, 0.33s 
AO iter 2 - EM: NLL=668.6717, 0.46s 
AO iter 2 - LBFGS: NLL=657.5080  mean_cds=1.492e-08  mean_casa=15.195 deg, 0.66s 
AO iter 3 - EM: NLL=656.0648, 0.79s 
AO iter 3 - LBFGS: NLL=652.1643  mean_cds=1.310e-08  mean_casa=15.361 deg, 0.97s 
mc_idx = 43/100, 耗时 73.09s 
AO iter 1 - EM: NLL=675.0215, 0.13s 
AO iter 1 - LBFGS: NLL=658.0232  mean_cds=1.009e-08  mean_casa=9.988 deg, 0.33s 
AO iter 2 - EM: NLL=644.2744, 0.47s 
AO iter 2 - LBFGS: NLL=638.6845  mean_cds=1.001e-08  mean_casa=10.565 deg, 0.65s 
AO iter 3 - EM: NLL=634.9718, 0.78s 
AO iter 3 - LBFGS: NLL=632.0327  mean_cds=1.015e-08  mean_casa=11.047 deg, 0.96s 
mc_idx = 44/100, 耗时 74.75s 
AO iter 1 - EM: NLL=662.4223, 0.13s 
AO iter 1 - LBFGS: NLL=644.9646  mean_cds=1.012e-08  mean_casa=9.533 deg, 0.35s 
AO iter 2 - EM: NLL=629.7113, 0.49s 
AO iter 2 - LBFGS: NLL=621.5390  mean_cds=9.693e-09  mean_casa=9.586 deg, 0.68s 
AO iter 3 - EM: NLL=617.8225, 0.83s 
AO iter 3 - LBFGS: NLL=611.0073  mean_cds=9.054e-09  mean_casa=10.386 deg, 1.03s 
mc_idx = 45/100, 耗时 76.47s 
AO iter 1 - EM: NLL=787.7035, 0.14s 
AO iter 1 - LBFGS: NLL=749.4685  mean_cds=1.096e-08  mean_casa=11.065 deg, 0.31s 
AO iter 2 - EM: NLL=726.3089, 0.44s 
AO iter 2 - LBFGS: NLL=716.2013  mean_cds=1.024e-08  mean_casa=10.815 deg, 0.63s 
AO iter 3 - EM: NLL=712.5150, 0.77s 
AO iter 3 - LBFGS: NLL=708.2194  mean_cds=1.031e-08  mean_casa=10.850 deg, 0.93s 
mc_idx = 46/100, 耗时 78.13s 
AO iter 1 - EM: NLL=706.7909, 0.15s 
AO iter 1 - LBFGS: NLL=692.2097  mean_cds=9.701e-09  mean_casa=9.404 deg, 0.35s 
AO iter 2 - EM: NLL=672.4221, 0.47s 
AO iter 2 - LBFGS: NLL=664.2696  mean_cds=9.383e-09  mean_casa=9.363 deg, 0.66s 
AO iter 3 - EM: NLL=660.2495, 0.78s 
AO iter 3 - LBFGS: NLL=655.3189  mean_cds=9.193e-09  mean_casa=9.407 deg, 0.96s 
mc_idx = 47/100, 耗时 79.83s 
AO iter 1 - EM: NLL=604.7988, 0.13s 
AO iter 1 - LBFGS: NLL=592.6488  mean_cds=8.849e-09  mean_casa=9.511 deg, 0.33s 
AO iter 2 - EM: NLL=566.0096, 0.45s 
AO iter 2 - LBFGS: NLL=559.9760  mean_cds=8.842e-09  mean_casa=9.684 deg, 0.64s 
AO iter 3 - EM: NLL=558.1597, 0.77s 
AO iter 3 - LBFGS: NLL=555.1334  mean_cds=8.668e-09  mean_casa=9.564 deg, 0.95s 
mc_idx = 48/100, 耗时 81.46s 
AO iter 1 - EM: NLL=662.1613, 0.14s 
AO iter 1 - LBFGS: NLL=636.4439  mean_cds=1.075e-08  mean_casa=9.504 deg, 0.34s 
AO iter 2 - EM: NLL=624.2274, 0.47s 
AO iter 2 - LBFGS: NLL=614.8811  mean_cds=1.108e-08  mean_casa=9.203 deg, 0.65s 
AO iter 3 - EM: NLL=612.4310, 0.78s 
AO iter 3 - LBFGS: NLL=608.5838  mean_cds=1.076e-08  mean_casa=9.079 deg, 0.95s 
mc_idx = 49/100, 耗时 83.10s 
AO iter 1 - EM: NLL=692.7754, 0.15s 
AO iter 1 - LBFGS: NLL=679.3611  mean_cds=1.090e-08  mean_casa=9.783 deg, 0.35s 
AO iter 2 - EM: NLL=672.9431, 0.48s 
AO iter 2 - LBFGS: NLL=668.3597  mean_cds=1.091e-08  mean_casa=10.303 deg, 0.67s 
AO iter 3 - EM: NLL=666.7507, 0.80s 
AO iter 3 - LBFGS: NLL=664.1732  mean_cds=1.091e-08  mean_casa=10.547 deg, 1.00s 
mc_idx = 50/100, 耗时 84.81s 
AO iter 1 - EM: NLL=717.5209, 0.13s 
AO iter 1 - LBFGS: NLL=686.1909  mean_cds=1.089e-08  mean_casa=9.535 deg, 0.33s 
AO iter 2 - EM: NLL=676.6093, 0.46s 
AO iter 2 - LBFGS: NLL=666.1593  mean_cds=1.011e-08  mean_casa=9.582 deg, 0.65s 
AO iter 3 - EM: NLL=663.7223, 0.78s 
AO iter 3 - LBFGS: NLL=658.4691  mean_cds=9.847e-09  mean_casa=9.532 deg, 0.96s 
mc_idx = 51/100, 耗时 86.47s 
AO iter 1 - EM: NLL=794.0136, 0.13s 
AO iter 1 - LBFGS: NLL=738.7530  mean_cds=1.029e-08  mean_casa=8.884 deg, 0.32s 
AO iter 2 - EM: NLL=724.0968, 0.45s 
AO iter 2 - LBFGS: NLL=720.5963  mean_cds=9.948e-09  mean_casa=9.189 deg, 0.64s 
AO iter 3 - EM: NLL=718.3610, 0.77s 
AO iter 3 - LBFGS: NLL=716.2658  mean_cds=1.009e-08  mean_casa=9.708 deg, 0.95s 
mc_idx = 52/100, 耗时 88.13s 
AO iter 1 - EM: NLL=635.4586, 0.13s 
AO iter 1 - LBFGS: NLL=625.0228  mean_cds=1.051e-08  mean_casa=9.673 deg, 0.34s 
AO iter 2 - EM: NLL=615.5764, 0.48s 
AO iter 2 - LBFGS: NLL=609.1596  mean_cds=1.030e-08  mean_casa=9.759 deg, 0.68s 
AO iter 3 - EM: NLL=607.7052, 0.83s 
AO iter 3 - LBFGS: NLL=603.7999  mean_cds=1.015e-08  mean_casa=9.922 deg, 1.01s 
mc_idx = 53/100, 耗时 89.89s 
AO iter 1 - EM: NLL=658.4332, 0.13s 
AO iter 1 - LBFGS: NLL=640.8559  mean_cds=1.022e-08  mean_casa=9.899 deg, 0.34s 
AO iter 2 - EM: NLL=628.4400, 0.48s 
AO iter 2 - LBFGS: NLL=616.1086  mean_cds=9.402e-09  mean_casa=10.241 deg, 0.67s 
AO iter 3 - EM: NLL=614.4526, 0.83s 
AO iter 3 - LBFGS: NLL=609.0970  mean_cds=8.955e-09  mean_casa=10.364 deg, 1.01s 
mc_idx = 54/100, 耗时 91.64s 
AO iter 1 - EM: NLL=682.0849, 0.13s 
AO iter 1 - LBFGS: NLL=657.4749  mean_cds=1.071e-08  mean_casa=9.016 deg, 0.32s 
AO iter 2 - EM: NLL=645.2388, 0.47s 
AO iter 2 - LBFGS: NLL=641.8850  mean_cds=1.079e-08  mean_casa=9.141 deg, 0.66s 
AO iter 3 - EM: NLL=639.8896, 0.81s 
AO iter 3 - LBFGS: NLL=636.5536  mean_cds=1.089e-08  mean_casa=9.362 deg, 1.01s 
mc_idx = 55/100, 耗时 93.40s 
AO iter 1 - EM: NLL=725.6117, 0.16s 
AO iter 1 - LBFGS: NLL=710.4721  mean_cds=1.042e-08  mean_casa=9.541 deg, 0.36s 
AO iter 2 - EM: NLL=702.0083, 0.51s 
AO iter 2 - LBFGS: NLL=690.1052  mean_cds=1.060e-08  mean_casa=10.256 deg, 0.70s 
AO iter 3 - EM: NLL=683.8873, 0.83s 
AO iter 3 - LBFGS: NLL=678.5935  mean_cds=1.088e-08  mean_casa=10.491 deg, 1.02s 
mc_idx = 56/100, 耗时 95.15s 
AO iter 1 - EM: NLL=687.8344, 0.15s 
AO iter 1 - LBFGS: NLL=678.0538  mean_cds=1.082e-08  mean_casa=9.792 deg, 0.36s 
AO iter 2 - EM: NLL=667.4397, 0.49s 
AO iter 2 - LBFGS: NLL=662.5729  mean_cds=1.071e-08  mean_casa=9.655 deg, 0.67s 
AO iter 3 - EM: NLL=660.1866, 0.80s 
AO iter 3 - LBFGS: NLL=657.6961  mean_cds=1.080e-08  mean_casa=9.464 deg, 1.00s 
mc_idx = 57/100, 耗时 96.90s 
AO iter 1 - EM: NLL=731.5761, 0.15s 
AO iter 1 - LBFGS: NLL=709.0813  mean_cds=1.180e-08  mean_casa=9.841 deg, 0.34s 
AO iter 2 - EM: NLL=685.1145, 0.48s 
AO iter 2 - LBFGS: NLL=680.5673  mean_cds=1.165e-08  mean_casa=9.713 deg, 0.67s 
AO iter 3 - EM: NLL=678.9959, 0.80s 
AO iter 3 - LBFGS: NLL=677.1171  mean_cds=1.164e-08  mean_casa=9.930 deg, 1.00s 
mc_idx = 58/100, 耗时 98.62s 
AO iter 1 - EM: NLL=624.8919, 0.13s 
AO iter 1 - LBFGS: NLL=603.6320  mean_cds=1.069e-08  mean_casa=8.892 deg, 0.32s 
AO iter 2 - EM: NLL=584.8726, 0.45s 
AO iter 2 - LBFGS: NLL=573.6593  mean_cds=1.148e-08  mean_casa=9.031 deg, 0.61s 
AO iter 3 - EM: NLL=568.7115, 0.74s 
AO iter 3 - LBFGS: NLL=567.3230  mean_cds=1.182e-08  mean_casa=9.107 deg, 0.90s 
mc_idx = 59/100, 耗时 100.26s 
AO iter 1 - EM: NLL=722.7349, 0.14s 
AO iter 1 - LBFGS: NLL=703.7224  mean_cds=1.078e-08  mean_casa=9.950 deg, 0.33s 
AO iter 2 - EM: NLL=696.3341, 0.46s 
AO iter 2 - LBFGS: NLL=686.7902  mean_cds=1.098e-08  mean_casa=10.061 deg, 0.65s 
AO iter 3 - EM: NLL=681.2274, 0.78s 
AO iter 3 - LBFGS: NLL=679.7638  mean_cds=1.110e-08  mean_casa=10.287 deg, 0.97s 
mc_idx = 60/100, 耗时 101.92s 
AO iter 1 - EM: NLL=646.3434, 0.13s 
AO iter 1 - LBFGS: NLL=632.2356  mean_cds=1.044e-08  mean_casa=9.994 deg, 0.33s 
AO iter 2 - EM: NLL=623.7063, 0.46s 
AO iter 2 - LBFGS: NLL=621.3577  mean_cds=1.031e-08  mean_casa=10.149 deg, 0.64s 
AO iter 3 - EM: NLL=619.5000, 0.77s 
AO iter 3 - LBFGS: NLL=616.9147  mean_cds=1.016e-08  mean_casa=10.346 deg, 0.96s 
mc_idx = 61/100, 耗时 103.59s 
AO iter 1 - EM: NLL=706.0696, 0.14s 
AO iter 1 - LBFGS: NLL=687.1836  mean_cds=1.047e-08  mean_casa=9.660 deg, 0.35s 
AO iter 2 - EM: NLL=686.3640, 0.48s 
AO iter 2 - LBFGS: NLL=678.8139  mean_cds=1.054e-08  mean_casa=9.514 deg, 0.67s 
AO iter 3 - EM: NLL=669.8334, 0.80s 
AO iter 3 - LBFGS: NLL=667.2108  mean_cds=1.037e-08  mean_casa=9.480 deg, 0.97s 
mc_idx = 62/100, 耗时 105.27s 
AO iter 1 - EM: NLL=654.1835, 0.13s 
AO iter 1 - LBFGS: NLL=631.2273  mean_cds=9.466e-09  mean_casa=9.143 deg, 0.31s 
AO iter 2 - EM: NLL=624.2766, 0.46s 
AO iter 2 - LBFGS: NLL=619.1476  mean_cds=8.913e-09  mean_casa=9.052 deg, 0.65s 
AO iter 3 - EM: NLL=617.3302, 0.78s 
AO iter 3 - LBFGS: NLL=610.7870  mean_cds=8.289e-09  mean_casa=9.319 deg, 0.96s 
mc_idx = 63/100, 耗时 106.98s 
AO iter 1 - EM: NLL=692.3949, 0.15s 
AO iter 1 - LBFGS: NLL=674.2244  mean_cds=1.080e-08  mean_casa=9.674 deg, 0.36s 
AO iter 2 - EM: NLL=664.5918, 0.49s 
AO iter 2 - LBFGS: NLL=657.0583  mean_cds=1.095e-08  mean_casa=9.923 deg, 0.70s 
AO iter 3 - EM: NLL=654.9691, 0.83s 
AO iter 3 - LBFGS: NLL=653.1131  mean_cds=1.100e-08  mean_casa=9.866 deg, 1.02s 
mc_idx = 64/100, 耗时 108.76s 
AO iter 1 - EM: NLL=621.5944, 0.14s 
AO iter 1 - LBFGS: NLL=604.8409  mean_cds=1.071e-08  mean_casa=9.188 deg, 0.32s 
AO iter 2 - EM: NLL=594.2264, 0.45s 
AO iter 2 - LBFGS: NLL=587.1337  mean_cds=1.092e-08  mean_casa=9.339 deg, 0.62s 
AO iter 3 - EM: NLL=585.8515, 0.75s 
AO iter 3 - LBFGS: NLL=583.7661  mean_cds=1.112e-08  mean_casa=9.000 deg, 0.91s 
mc_idx = 65/100, 耗时 110.43s 
AO iter 1 - EM: NLL=633.3178, 0.13s 
AO iter 1 - LBFGS: NLL=610.4061  mean_cds=1.012e-08  mean_casa=9.607 deg, 0.34s 
AO iter 2 - EM: NLL=601.0257, 0.46s 
AO iter 2 - LBFGS: NLL=594.5331  mean_cds=9.527e-09  mean_casa=9.859 deg, 0.64s 
AO iter 3 - EM: NLL=592.9053, 0.77s 
AO iter 3 - LBFGS: NLL=591.9632  mean_cds=9.571e-09  mean_casa=9.910 deg, 0.96s 
mc_idx = 66/100, 耗时 112.09s 
AO iter 1 - EM: NLL=660.1642, 0.13s 
AO iter 1 - LBFGS: NLL=646.3688  mean_cds=1.113e-08  mean_casa=9.548 deg, 0.33s 
AO iter 2 - EM: NLL=634.4801, 0.46s 
AO iter 2 - LBFGS: NLL=630.7854  mean_cds=1.123e-08  mean_casa=9.803 deg, 0.65s 
AO iter 3 - EM: NLL=629.4480, 0.79s 
AO iter 3 - LBFGS: NLL=625.4347  mean_cds=1.139e-08  mean_casa=10.287 deg, 0.97s 
mc_idx = 67/100, 耗时 113.77s 
AO iter 1 - EM: NLL=657.2304, 0.13s 
AO iter 1 - LBFGS: NLL=650.1304  mean_cds=1.068e-08  mean_casa=9.728 deg, 0.35s 
AO iter 2 - EM: NLL=640.6404, 0.50s 
AO iter 2 - LBFGS: NLL=638.8255  mean_cds=1.052e-08  mean_casa=9.703 deg, 0.70s 
AO iter 3 - EM: NLL=637.1535, 0.83s 
AO iter 3 - LBFGS: NLL=636.2478  mean_cds=1.046e-08  mean_casa=9.655 deg, 1.03s 
mc_idx = 68/100, 耗时 115.53s 
AO iter 1 - EM: NLL=688.2543, 0.15s 
AO iter 1 - LBFGS: NLL=672.7022  mean_cds=1.038e-08  mean_casa=9.416 deg, 0.35s 
AO iter 2 - EM: NLL=664.1643, 0.49s 
AO iter 2 - LBFGS: NLL=659.5804  mean_cds=9.973e-09  mean_casa=9.227 deg, 0.68s 
AO iter 3 - EM: NLL=658.3578, 0.83s 
AO iter 3 - LBFGS: NLL=655.8582  mean_cds=9.665e-09  mean_casa=9.048 deg, 1.02s 
mc_idx = 69/100, 耗时 117.33s 
AO iter 1 - EM: NLL=707.1087, 0.13s 
AO iter 1 - LBFGS: NLL=676.7692  mean_cds=1.015e-08  mean_casa=9.659 deg, 0.35s 
AO iter 2 - EM: NLL=662.0519, 0.49s 
AO iter 2 - LBFGS: NLL=651.3594  mean_cds=9.717e-09  mean_casa=9.444 deg, 0.67s 
AO iter 3 - EM: NLL=648.9805, 0.83s 
AO iter 3 - LBFGS: NLL=646.2200  mean_cds=9.603e-09  mean_casa=9.405 deg, 1.03s 
mc_idx = 70/100, 耗时 119.09s 
AO iter 1 - EM: NLL=613.0737, 0.15s 
AO iter 1 - LBFGS: NLL=600.9299  mean_cds=1.075e-08  mean_casa=9.320 deg, 0.35s 
AO iter 2 - EM: NLL=587.7716, 0.49s 
AO iter 2 - LBFGS: NLL=583.4034  mean_cds=1.070e-08  mean_casa=9.223 deg, 0.68s 
AO iter 3 - EM: NLL=580.9677, 0.81s 
AO iter 3 - LBFGS: NLL=578.6658  mean_cds=1.068e-08  mean_casa=8.982 deg, 1.01s 
mc_idx = 71/100, 耗时 120.86s 
AO iter 1 - EM: NLL=653.8770, 0.14s 
AO iter 1 - LBFGS: NLL=634.5915  mean_cds=1.041e-08  mean_casa=9.568 deg, 0.34s 
AO iter 2 - EM: NLL=624.6680, 0.47s 
AO iter 2 - LBFGS: NLL=620.4157  mean_cds=1.018e-08  mean_casa=9.257 deg, 0.67s 
AO iter 3 - EM: NLL=618.6744, 0.81s 
AO iter 3 - LBFGS: NLL=611.4147  mean_cds=1.014e-08  mean_casa=8.773 deg, 0.99s 
mc_idx = 72/100, 耗时 122.63s 
AO iter 1 - EM: NLL=675.7194, 0.14s 
AO iter 1 - LBFGS: NLL=667.9046  mean_cds=1.066e-08  mean_casa=9.687 deg, 0.34s 
AO iter 2 - EM: NLL=654.1839, 0.48s 
AO iter 2 - LBFGS: NLL=646.3793  mean_cds=1.048e-08  mean_casa=9.791 deg, 0.70s 
AO iter 3 - EM: NLL=644.6734, 0.83s 
AO iter 3 - LBFGS: NLL=639.6491  mean_cds=1.064e-08  mean_casa=10.210 deg, 1.02s 
mc_idx = 73/100, 耗时 124.40s 
AO iter 1 - EM: NLL=655.6609, 0.15s 
AO iter 1 - LBFGS: NLL=630.6510  mean_cds=9.467e-09  mean_casa=9.147 deg, 0.34s 
AO iter 2 - EM: NLL=626.5660, 0.47s 
AO iter 2 - LBFGS: NLL=621.4711  mean_cds=9.197e-09  mean_casa=9.338 deg, 0.67s 
AO iter 3 - EM: NLL=613.1871, 0.80s 
AO iter 3 - LBFGS: NLL=609.0618  mean_cds=9.488e-09  mean_casa=10.208 deg, 0.98s 
mc_idx = 74/100, 耗时 126.11s 
AO iter 1 - EM: NLL=691.4135, 0.14s 
AO iter 1 - LBFGS: NLL=659.4439  mean_cds=1.037e-08  mean_casa=9.412 deg, 0.37s 
AO iter 2 - EM: NLL=649.2017, 0.49s 
AO iter 2 - LBFGS: NLL=644.2530  mean_cds=1.029e-08  mean_casa=9.577 deg, 0.69s 
AO iter 3 - EM: NLL=643.0439, 0.82s 
AO iter 3 - LBFGS: NLL=635.0860  mean_cds=1.066e-08  mean_casa=9.872 deg, 1.01s 
mc_idx = 75/100, 耗时 127.84s 
AO iter 1 - EM: NLL=688.0018, 0.13s 
AO iter 1 - LBFGS: NLL=679.9646  mean_cds=1.076e-08  mean_casa=9.926 deg, 0.35s 
AO iter 2 - EM: NLL=674.5748, 0.48s 
AO iter 2 - LBFGS: NLL=667.5377  mean_cds=1.076e-08  mean_casa=10.382 deg, 0.65s 
AO iter 3 - EM: NLL=665.0099, 0.79s 
AO iter 3 - LBFGS: NLL=663.3518  mean_cds=1.052e-08  mean_casa=10.474 deg, 0.99s 
mc_idx = 76/100, 耗时 129.53s 
AO iter 1 - EM: NLL=680.2756, 0.13s 
AO iter 1 - LBFGS: NLL=665.6110  mean_cds=1.007e-08  mean_casa=9.580 deg, 0.34s 
AO iter 2 - EM: NLL=647.7700, 0.47s 
AO iter 2 - LBFGS: NLL=645.1513  mean_cds=9.976e-09  mean_casa=9.643 deg, 0.67s 
AO iter 3 - EM: NLL=643.7428, 0.81s 
AO iter 3 - LBFGS: NLL=639.5348  mean_cds=9.836e-09  mean_casa=9.559 deg, 1.00s 
mc_idx = 77/100, 耗时 131.25s 
AO iter 1 - EM: NLL=755.8513, 0.14s 
AO iter 1 - LBFGS: NLL=724.4593  mean_cds=1.091e-08  mean_casa=10.009 deg, 0.33s 
AO iter 2 - EM: NLL=709.1871, 0.47s 
AO iter 2 - LBFGS: NLL=700.0209  mean_cds=1.062e-08  mean_casa=11.248 deg, 0.68s 
AO iter 3 - EM: NLL=697.2274, 0.81s 
AO iter 3 - LBFGS: NLL=691.7105  mean_cds=1.084e-08  mean_casa=10.873 deg, 1.01s 
mc_idx = 78/100, 耗时 133.03s 
AO iter 1 - EM: NLL=678.1610, 0.15s 
AO iter 1 - LBFGS: NLL=661.7399  mean_cds=1.068e-08  mean_casa=9.555 deg, 0.37s 
AO iter 2 - EM: NLL=651.6199, 0.50s 
AO iter 2 - LBFGS: NLL=644.7032  mean_cds=1.019e-08  mean_casa=9.355 deg, 0.68s 
AO iter 3 - EM: NLL=641.6789, 0.82s 
AO iter 3 - LBFGS: NLL=639.5277  mean_cds=1.007e-08  mean_casa=9.269 deg, 1.04s 
mc_idx = 79/100, 耗时 134.83s 
AO iter 1 - EM: NLL=708.4637, 0.13s 
AO iter 1 - LBFGS: NLL=694.5526  mean_cds=1.093e-08  mean_casa=9.453 deg, 0.33s 
AO iter 2 - EM: NLL=686.8768, 0.47s 
AO iter 2 - LBFGS: NLL=679.5253  mean_cds=1.128e-08  mean_casa=9.521 deg, 0.66s 
AO iter 3 - EM: NLL=677.8539, 0.82s 
AO iter 3 - LBFGS: NLL=675.3523  mean_cds=1.143e-08  mean_casa=9.522 deg, 1.00s 
mc_idx = 80/100, 耗时 136.56s 
AO iter 1 - EM: NLL=638.5912, 0.13s 
AO iter 1 - LBFGS: NLL=624.1941  mean_cds=9.987e-09  mean_casa=9.905 deg, 0.33s 
AO iter 2 - EM: NLL=617.0507, 0.46s 
AO iter 2 - LBFGS: NLL=613.6083  mean_cds=9.706e-09  mean_casa=10.166 deg, 0.65s 
AO iter 3 - EM: NLL=610.9170, 0.78s 
AO iter 3 - LBFGS: NLL=607.2164  mean_cds=9.701e-09  mean_casa=11.220 deg, 0.98s 
mc_idx = 81/100, 耗时 138.26s 
AO iter 1 - EM: NLL=669.9368, 0.13s 
AO iter 1 - LBFGS: NLL=650.2827  mean_cds=1.061e-08  mean_casa=9.758 deg, 0.35s 
AO iter 2 - EM: NLL=637.9995, 0.50s 
AO iter 2 - LBFGS: NLL=633.9495  mean_cds=1.060e-08  mean_casa=9.786 deg, 0.70s 
AO iter 3 - EM: NLL=632.3421, 0.84s 
AO iter 3 - LBFGS: NLL=627.7678  mean_cds=1.016e-08  mean_casa=9.967 deg, 1.03s 
mc_idx = 82/100, 耗时 139.99s 
AO iter 1 - EM: NLL=773.9588, 0.13s 
AO iter 1 - LBFGS: NLL=757.3638  mean_cds=1.071e-08  mean_casa=9.412 deg, 0.32s 
AO iter 2 - EM: NLL=750.8672, 0.45s 
AO iter 2 - LBFGS: NLL=745.5084  mean_cds=1.067e-08  mean_casa=9.615 deg, 0.63s 
AO iter 3 - EM: NLL=744.0658, 0.79s 
AO iter 3 - LBFGS: NLL=741.7691  mean_cds=1.085e-08  mean_casa=9.690 deg, 0.97s 
mc_idx = 83/100, 耗时 141.65s 
AO iter 1 - EM: NLL=916.7563, 0.16s 
AO iter 1 - LBFGS: NLL=876.0104  mean_cds=1.216e-06  mean_casa=419.807 deg, 0.33s 
AO iter 2 - EM: NLL=831.5000, 0.47s 
AO iter 2 - LBFGS: NLL=822.0323  mean_cds=1.215e-06  mean_casa=419.419 deg, 0.66s 
AO iter 3 - EM: NLL=797.8304, 0.79s 
AO iter 3 - LBFGS: NLL=789.8664  mean_cds=1.217e-06  mean_casa=419.294 deg, 0.97s 
mc_idx = 84/100, 耗时 143.35s 
AO iter 1 - EM: NLL=730.6584, 0.13s 
AO iter 1 - LBFGS: NLL=708.7166  mean_cds=1.120e-08  mean_casa=9.524 deg, 0.33s 
AO iter 2 - EM: NLL=696.1789, 0.46s 
AO iter 2 - LBFGS: NLL=688.3073  mean_cds=1.156e-08  mean_casa=9.861 deg, 0.65s 
AO iter 3 - EM: NLL=686.5701, 0.79s 
AO iter 3 - LBFGS: NLL=684.4310  mean_cds=1.150e-08  mean_casa=9.985 deg, 0.98s 
mc_idx = 85/100, 耗时 145.07s 
AO iter 1 - EM: NLL=629.9969, 0.14s 
AO iter 1 - LBFGS: NLL=623.5275  mean_cds=2.092e-08  mean_casa=10.455 deg, 0.33s 
AO iter 2 - EM: NLL=620.3476, 0.47s 
AO iter 2 - LBFGS: NLL=598.1625  mean_cds=1.784e-08  mean_casa=10.693 deg, 0.66s 
AO iter 3 - EM: NLL=561.5353, 0.79s 
AO iter 3 - LBFGS: NLL=558.5768  mean_cds=1.747e-08  mean_casa=10.630 deg, 0.98s 
mc_idx = 86/100, 耗时 146.78s 
AO iter 1 - EM: NLL=767.0624, 0.13s 
AO iter 1 - LBFGS: NLL=741.0590  mean_cds=1.037e-08  mean_casa=9.816 deg, 0.36s 
AO iter 2 - EM: NLL=732.9567, 0.50s 
AO iter 2 - LBFGS: NLL=721.7825  mean_cds=9.877e-09  mean_casa=10.090 deg, 0.70s 
AO iter 3 - EM: NLL=719.9653, 0.83s 
AO iter 3 - LBFGS: NLL=715.2683  mean_cds=9.657e-09  mean_casa=10.101 deg, 1.02s 
mc_idx = 87/100, 耗时 148.51s 
AO iter 1 - EM: NLL=786.4924, 0.13s 
AO iter 1 - LBFGS: NLL=756.7193  mean_cds=1.117e-08  mean_casa=9.308 deg, 0.35s 
AO iter 2 - EM: NLL=746.0367, 0.48s 
AO iter 2 - LBFGS: NLL=736.9711  mean_cds=1.102e-08  mean_casa=9.315 deg, 0.66s 
AO iter 3 - EM: NLL=734.7397, 0.79s 
AO iter 3 - LBFGS: NLL=724.8379  mean_cds=1.141e-08  mean_casa=9.388 deg, 1.00s 
mc_idx = 88/100, 耗时 150.27s 
AO iter 1 - EM: NLL=657.5252, 0.15s 
AO iter 1 - LBFGS: NLL=636.4615  mean_cds=1.121e-08  mean_casa=9.130 deg, 0.35s 
AO iter 2 - EM: NLL=617.6088, 0.51s 
AO iter 2 - LBFGS: NLL=604.6644  mean_cds=1.022e-08  mean_casa=9.447 deg, 0.68s 
AO iter 3 - EM: NLL=601.4611, 0.81s 
AO iter 3 - LBFGS: NLL=598.2421  mean_cds=9.984e-09  mean_casa=9.785 deg, 0.99s 
mc_idx = 89/100, 耗时 152.07s 
AO iter 1 - EM: NLL=733.3766, 0.13s 
AO iter 1 - LBFGS: NLL=695.8439  mean_cds=1.067e-08  mean_casa=9.752 deg, 0.35s 
AO iter 2 - EM: NLL=670.2970, 0.48s 
AO iter 2 - LBFGS: NLL=653.1068  mean_cds=1.220e-08  mean_casa=11.243 deg, 0.70s 
AO iter 3 - EM: NLL=645.0012, 0.85s 
AO iter 3 - LBFGS: NLL=643.8783  mean_cds=1.236e-08  mean_casa=11.304 deg, 1.03s 
mc_idx = 90/100, 耗时 153.85s 
AO iter 1 - EM: NLL=668.9812, 0.15s 
AO iter 1 - LBFGS: NLL=659.1719  mean_cds=1.092e-08  mean_casa=9.232 deg, 0.34s 
AO iter 2 - EM: NLL=653.1529, 0.50s 
AO iter 2 - LBFGS: NLL=649.0145  mean_cds=1.098e-08  mean_casa=9.059 deg, 0.70s 
AO iter 3 - EM: NLL=645.9577, 0.84s 
AO iter 3 - LBFGS: NLL=643.3274  mean_cds=1.098e-08  mean_casa=8.722 deg, 1.03s 
mc_idx = 91/100, 耗时 155.60s 
AO iter 1 - EM: NLL=729.5046, 0.13s 
AO iter 1 - LBFGS: NLL=716.3925  mean_cds=1.070e-08  mean_casa=9.968 deg, 0.35s 
AO iter 2 - EM: NLL=712.1722, 0.48s 
AO iter 2 - LBFGS: NLL=705.3581  mean_cds=1.071e-08  mean_casa=10.389 deg, 0.66s 
AO iter 3 - EM: NLL=702.7169, 0.81s 
AO iter 3 - LBFGS: NLL=698.7785  mean_cds=1.064e-08  mean_casa=10.699 deg, 1.02s 
mc_idx = 92/100, 耗时 157.35s 
AO iter 1 - EM: NLL=671.5241, 0.13s 
AO iter 1 - LBFGS: NLL=657.9850  mean_cds=1.038e-08  mean_casa=9.279 deg, 0.35s 
AO iter 2 - EM: NLL=650.9247, 0.49s 
AO iter 2 - LBFGS: NLL=645.5499  mean_cds=1.012e-08  mean_casa=8.975 deg, 0.68s 
AO iter 3 - EM: NLL=643.7368, 0.82s 
AO iter 3 - LBFGS: NLL=640.1653  mean_cds=9.990e-09  mean_casa=8.484 deg, 1.01s 
mc_idx = 93/100, 耗时 159.09s 
AO iter 1 - EM: NLL=602.4841, 0.14s 
AO iter 1 - LBFGS: NLL=589.8326  mean_cds=1.077e-08  mean_casa=9.445 deg, 0.35s 
AO iter 2 - EM: NLL=580.8855, 0.50s 
AO iter 2 - LBFGS: NLL=577.3167  mean_cds=1.063e-08  mean_casa=9.003 deg, 0.70s 
AO iter 3 - EM: NLL=575.8608, 0.86s 
AO iter 3 - LBFGS: NLL=573.7352  mean_cds=1.005e-08  mean_casa=8.750 deg, 1.04s 
mc_idx = 94/100, 耗时 160.86s 
AO iter 1 - EM: NLL=668.9398, 0.15s 
AO iter 1 - LBFGS: NLL=656.5363  mean_cds=1.028e-08  mean_casa=10.025 deg, 0.36s 
AO iter 2 - EM: NLL=641.2219, 0.51s 
AO iter 2 - LBFGS: NLL=635.9559  mean_cds=9.900e-09  mean_casa=11.169 deg, 0.70s 
AO iter 3 - EM: NLL=632.6953, 0.84s 
AO iter 3 - LBFGS: NLL=631.1494  mean_cds=9.834e-09  mean_casa=11.571 deg, 1.03s 
mc_idx = 95/100, 耗时 162.62s 
AO iter 1 - EM: NLL=676.1523, 0.13s 
AO iter 1 - LBFGS: NLL=659.5828  mean_cds=1.047e-08  mean_casa=9.642 deg, 0.31s 
AO iter 2 - EM: NLL=648.3663, 0.45s 
AO iter 2 - LBFGS: NLL=638.3622  mean_cds=9.801e-09  mean_casa=9.519 deg, 0.62s 
AO iter 3 - EM: NLL=636.8941, 0.75s 
AO iter 3 - LBFGS: NLL=634.3164  mean_cds=9.471e-09  mean_casa=9.544 deg, 0.94s 
mc_idx = 96/100, 耗时 164.24s 
AO iter 1 - EM: NLL=862.2805, 0.14s 
AO iter 1 - LBFGS: NLL=805.4740  mean_cds=1.129e-08  mean_casa=9.853 deg, 0.36s 
AO iter 2 - EM: NLL=737.1638, 0.49s 
AO iter 2 - LBFGS: NLL=702.9636  mean_cds=1.141e-08  mean_casa=10.480 deg, 0.70s 
AO iter 3 - EM: NLL=699.0656, 0.83s 
AO iter 3 - LBFGS: NLL=695.2505  mean_cds=1.165e-08  mean_casa=10.564 deg, 1.01s 
mc_idx = 97/100, 耗时 165.97s 
AO iter 1 - EM: NLL=642.5673, 0.14s 
AO iter 1 - LBFGS: NLL=624.1523  mean_cds=1.060e-08  mean_casa=9.772 deg, 0.35s 
AO iter 2 - EM: NLL=609.4630, 0.49s 
AO iter 2 - LBFGS: NLL=599.0671  mean_cds=1.056e-08  mean_casa=9.784 deg, 0.68s 
AO iter 3 - EM: NLL=593.9826, 0.81s 
AO iter 3 - LBFGS: NLL=590.2701  mean_cds=1.046e-08  mean_casa=9.604 deg, 0.98s 
mc_idx = 98/100, 耗时 167.66s 
AO iter 1 - EM: NLL=704.2738, 0.13s 
AO iter 1 - LBFGS: NLL=690.4046  mean_cds=1.065e-08  mean_casa=9.544 deg, 0.35s 
AO iter 2 - EM: NLL=680.2588, 0.48s 
AO iter 2 - LBFGS: NLL=668.9538  mean_cds=1.060e-08  mean_casa=9.190 deg, 0.67s 
AO iter 3 - EM: NLL=665.4437, 0.80s 
AO iter 3 - LBFGS: NLL=663.2964  mean_cds=1.050e-08  mean_casa=9.165 deg, 0.99s 
mc_idx = 99/100, 耗时 169.38s 
AO iter 1 - EM: NLL=703.9119, 0.13s 
AO iter 1 - LBFGS: NLL=678.2385  mean_cds=1.042e-08  mean_casa=9.731 deg, 0.35s 
AO iter 2 - EM: NLL=665.8335, 0.49s 
AO iter 2 - LBFGS: NLL=651.3796  mean_cds=9.924e-09  mean_casa=9.779 deg, 0.67s 
AO iter 3 - EM: NLL=649.7276, 0.80s 
AO iter 3 - LBFGS: NLL=645.8099  mean_cds=1.002e-08  mean_casa=9.941 deg, 0.99s 
mc_idx = 100/100, 耗时 171.09s 
Prior mismatch: axis 1, actual/assumed SD 4.0
开始MonteCarlo仿真...... 
AO iter 1 - EM: NLL=721.7997, 0.13s 
AO iter 1 - LBFGS: NLL=704.2508  mean_cds=1.018e-08  mean_casa=9.248 deg, 0.34s 
AO iter 2 - EM: NLL=682.4921, 0.47s 
AO iter 2 - LBFGS: NLL=675.0985  mean_cds=9.843e-09  mean_casa=9.438 deg, 0.67s 
AO iter 3 - EM: NLL=671.2862, 0.80s 
AO iter 3 - LBFGS: NLL=669.4575  mean_cds=9.861e-09  mean_casa=9.656 deg, 0.98s 
mc_idx = 1/100, 耗时 1.67s 
AO iter 1 - EM: NLL=645.5123, 0.13s 
AO iter 1 - LBFGS: NLL=630.7939  mean_cds=1.066e-08  mean_casa=10.059 deg, 0.35s 
AO iter 2 - EM: NLL=619.7566, 0.47s 
AO iter 2 - LBFGS: NLL=613.6948  mean_cds=1.052e-08  mean_casa=10.606 deg, 0.66s 
AO iter 3 - EM: NLL=610.7378, 0.79s 
AO iter 3 - LBFGS: NLL=609.1105  mean_cds=1.058e-08  mean_casa=10.681 deg, 0.97s 
mc_idx = 2/100, 耗时 3.35s 
AO iter 1 - EM: NLL=752.3349, 0.14s 
AO iter 1 - LBFGS: NLL=721.3006  mean_cds=1.398e-08  mean_casa=10.623 deg, 0.31s 
AO iter 2 - EM: NLL=705.9468, 0.44s 
AO iter 2 - LBFGS: NLL=701.2510  mean_cds=1.412e-08  mean_casa=10.833 deg, 0.64s 
AO iter 3 - EM: NLL=699.0585, 0.77s 
AO iter 3 - LBFGS: NLL=696.1413  mean_cds=1.439e-08  mean_casa=10.971 deg, 0.96s 
mc_idx = 3/100, 耗时 5.02s 
AO iter 1 - EM: NLL=766.5746, 0.13s 
AO iter 1 - LBFGS: NLL=746.4169  mean_cds=1.481e-08  mean_casa=13.331 deg, 0.33s 
AO iter 2 - EM: NLL=706.6508, 0.46s 
AO iter 2 - LBFGS: NLL=700.7778  mean_cds=1.411e-08  mean_casa=13.055 deg, 0.66s 
AO iter 3 - EM: NLL=694.9295, 0.79s 
AO iter 3 - LBFGS: NLL=681.5938  mean_cds=1.189e-08  mean_casa=12.316 deg, 0.98s 
mc_idx = 4/100, 耗时 6.73s 
AO iter 1 - EM: NLL=803.0010, 0.14s 
AO iter 1 - LBFGS: NLL=764.4719  mean_cds=1.310e-08  mean_casa=10.444 deg, 0.31s 
AO iter 2 - EM: NLL=745.7443, 0.44s 
AO iter 2 - LBFGS: NLL=727.7783  mean_cds=1.264e-08  mean_casa=11.182 deg, 0.64s 
AO iter 3 - EM: NLL=722.1277, 0.76s 
AO iter 3 - LBFGS: NLL=716.9817  mean_cds=1.368e-08  mean_casa=11.816 deg, 0.95s 
mc_idx = 5/100, 耗时 8.41s 
AO iter 1 - EM: NLL=716.4690, 0.15s 
AO iter 1 - LBFGS: NLL=699.7894  mean_cds=1.094e-08  mean_casa=9.615 deg, 0.35s 
AO iter 2 - EM: NLL=689.4000, 0.49s 
AO iter 2 - LBFGS: NLL=686.0854  mean_cds=1.090e-08  mean_casa=9.699 deg, 0.69s 
AO iter 3 - EM: NLL=683.4970, 0.82s 
AO iter 3 - LBFGS: NLL=681.0577  mean_cds=1.099e-08  mean_casa=9.812 deg, 1.02s 
mc_idx = 6/100, 耗时 10.17s 
AO iter 1 - EM: NLL=752.3896, 0.13s 
AO iter 1 - LBFGS: NLL=719.0643  mean_cds=1.114e-08  mean_casa=9.697 deg, 0.33s 
AO iter 2 - EM: NLL=702.7847, 0.46s 
AO iter 2 - LBFGS: NLL=693.5874  mean_cds=1.147e-08  mean_casa=9.853 deg, 0.66s 
AO iter 3 - EM: NLL=689.8825, 0.80s 
AO iter 3 - LBFGS: NLL=683.2574  mean_cds=1.399e-08  mean_casa=10.547 deg, 0.97s 
mc_idx = 7/100, 耗时 11.85s 
AO iter 1 - EM: NLL=714.6031, 0.13s 
AO iter 1 - LBFGS: NLL=706.1166  mean_cds=1.705e-08  mean_casa=10.142 deg, 0.34s 
AO iter 2 - EM: NLL=701.4796, 0.47s 
AO iter 2 - LBFGS: NLL=667.1267  mean_cds=1.479e-08  mean_casa=9.434 deg, 0.67s 
AO iter 3 - EM: NLL=629.7852, 0.80s 
AO iter 3 - LBFGS: NLL=624.7049  mean_cds=1.459e-08  mean_casa=9.550 deg, 0.99s 
mc_idx = 8/100, 耗时 13.54s 
AO iter 1 - EM: NLL=1018.4531, 0.14s 
AO iter 1 - LBFGS: NLL=823.2768  mean_cds=1.567e+05  mean_casa=1401983677276563177472.000 deg, 0.30s 
AO iter 2 - EM: NLL=819.1528, 0.43s 
AO iter 2 - LBFGS: NLL=813.8747  mean_cds=1.567e+05  mean_casa=1401983677276563177472.000 deg, 0.61s 
AO iter 3 - EM: NLL=809.7438, 0.74s 
AO iter 3 - LBFGS: NLL=804.5893  mean_cds=1.567e+05  mean_casa=1401983677276563177472.000 deg, 0.89s 
mc_idx = 9/100, 耗时 15.13s 
AO iter 1 - EM: NLL=769.6633, 0.13s 
AO iter 1 - LBFGS: NLL=741.3484  mean_cds=1.133e-08  mean_casa=9.877 deg, 0.32s 
AO iter 2 - EM: NLL=724.8609, 0.44s 
AO iter 2 - LBFGS: NLL=715.8763  mean_cds=1.130e-08  mean_casa=9.855 deg, 0.63s 
AO iter 3 - EM: NLL=715.1111, 0.76s 
AO iter 3 - LBFGS: NLL=711.4317  mean_cds=1.202e-08  mean_casa=9.983 deg, 0.94s 
mc_idx = 10/100, 耗时 16.75s 
AO iter 1 - EM: NLL=758.3971, 0.13s 
AO iter 1 - LBFGS: NLL=693.3252  mean_cds=3.577e+00  mean_casa=29035.790 deg, 0.29s 
AO iter 2 - EM: NLL=690.7441, 0.42s 
AO iter 2 - LBFGS: NLL=677.2097  mean_cds=3.577e+00  mean_casa=29029.562 deg, 0.58s 
AO iter 3 - EM: NLL=675.0898, 0.71s 
AO iter 3 - LBFGS: NLL=671.1225  mean_cds=3.577e+00  mean_casa=29027.974 deg, 0.89s 
mc_idx = 11/100, 耗时 18.36s 
AO iter 1 - EM: NLL=708.4052, 0.13s 
AO iter 1 - LBFGS: NLL=689.5144  mean_cds=1.089e-08  mean_casa=9.728 deg, 0.31s 
AO iter 2 - EM: NLL=680.8513, 0.44s 
AO iter 2 - LBFGS: NLL=675.2353  mean_cds=1.154e-08  mean_casa=9.869 deg, 0.60s 
AO iter 3 - EM: NLL=672.3800, 0.72s 
AO iter 3 - LBFGS: NLL=671.1468  mean_cds=1.162e-08  mean_casa=9.982 deg, 0.88s 
mc_idx = 12/100, 耗时 19.93s 
AO iter 1 - EM: NLL=706.0200, 0.13s 
AO iter 1 - LBFGS: NLL=697.1771  mean_cds=1.038e-08  mean_casa=9.561 deg, 0.33s 
AO iter 2 - EM: NLL=688.5326, 0.45s 
AO iter 2 - LBFGS: NLL=684.2645  mean_cds=1.012e-08  mean_casa=9.644 deg, 0.62s 
AO iter 3 - EM: NLL=682.3314, 0.74s 
AO iter 3 - LBFGS: NLL=676.4052  mean_cds=9.735e-09  mean_casa=10.011 deg, 0.90s 
mc_idx = 13/100, 耗时 21.50s 
AO iter 1 - EM: NLL=708.9329, 0.12s 
AO iter 1 - LBFGS: NLL=679.4554  mean_cds=1.109e-08  mean_casa=9.476 deg, 0.28s 
AO iter 2 - EM: NLL=653.2736, 0.40s 
AO iter 2 - LBFGS: NLL=647.6964  mean_cds=1.115e-08  mean_casa=9.329 deg, 0.56s 
AO iter 3 - EM: NLL=643.0106, 0.70s 
AO iter 3 - LBFGS: NLL=636.5097  mean_cds=1.146e-08  mean_casa=9.588 deg, 0.86s 
mc_idx = 14/100, 耗时 23.01s 
AO iter 1 - EM: NLL=657.7684, 0.13s 
AO iter 1 - LBFGS: NLL=650.1932  mean_cds=1.074e-08  mean_casa=9.803 deg, 0.29s 
AO iter 2 - EM: NLL=642.1770, 0.41s 
AO iter 2 - LBFGS: NLL=639.7491  mean_cds=1.074e-08  mean_casa=9.880 deg, 0.58s 
AO iter 3 - EM: NLL=637.8973, 0.71s 
AO iter 3 - LBFGS: NLL=636.3135  mean_cds=1.067e-08  mean_casa=9.982 deg, 0.86s 
mc_idx = 15/100, 耗时 24.53s 
AO iter 1 - EM: NLL=699.0547, 0.12s 
AO iter 1 - LBFGS: NLL=681.7223  mean_cds=1.056e-08  mean_casa=10.078 deg, 0.29s 
AO iter 2 - EM: NLL=673.5301, 0.41s 
AO iter 2 - LBFGS: NLL=664.9431  mean_cds=1.062e-08  mean_casa=10.818 deg, 0.57s 
AO iter 3 - EM: NLL=661.9063, 0.70s 
AO iter 3 - LBFGS: NLL=657.7635  mean_cds=1.160e-08  mean_casa=11.826 deg, 0.85s 
mc_idx = 16/100, 耗时 26.04s 
AO iter 1 - EM: NLL=769.6885, 0.12s 
AO iter 1 - LBFGS: NLL=740.9441  mean_cds=1.012e-08  mean_casa=10.022 deg, 0.29s 
AO iter 2 - EM: NLL=720.7759, 0.41s 
AO iter 2 - LBFGS: NLL=703.1989  mean_cds=1.034e-08  mean_casa=10.442 deg, 0.57s 
AO iter 3 - EM: NLL=698.5386, 0.69s 
AO iter 3 - LBFGS: NLL=695.0139  mean_cds=1.041e-08  mean_casa=10.864 deg, 0.84s 
mc_idx = 17/100, 耗时 27.54s 
AO iter 1 - EM: NLL=751.7900, 0.12s 
AO iter 1 - LBFGS: NLL=740.4953  mean_cds=1.102e-08  mean_casa=9.767 deg, 0.30s 
AO iter 2 - EM: NLL=731.1046, 0.42s 
AO iter 2 - LBFGS: NLL=726.4370  mean_cds=1.123e-08  mean_casa=9.771 deg, 0.57s 
AO iter 3 - EM: NLL=722.2189, 0.70s 
AO iter 3 - LBFGS: NLL=719.5769  mean_cds=1.172e-08  mean_casa=9.676 deg, 0.87s 
mc_idx = 18/100, 耗时 29.06s 
AO iter 1 - EM: NLL=752.0272, 0.13s 
AO iter 1 - LBFGS: NLL=727.2225  mean_cds=1.129e-08  mean_casa=9.819 deg, 0.30s 
AO iter 2 - EM: NLL=717.4776, 0.42s 
AO iter 2 - LBFGS: NLL=709.6922  mean_cds=1.122e-08  mean_casa=9.965 deg, 0.60s 
AO iter 3 - EM: NLL=704.5408, 0.72s 
AO iter 3 - LBFGS: NLL=698.2544  mean_cds=1.146e-08  mean_casa=10.193 deg, 0.87s 
mc_idx = 19/100, 耗时 30.59s 
AO iter 1 - EM: NLL=696.8666, 0.13s 
AO iter 1 - LBFGS: NLL=678.8920  mean_cds=1.071e-08  mean_casa=9.917 deg, 0.30s 
AO iter 2 - EM: NLL=667.5711, 0.42s 
AO iter 2 - LBFGS: NLL=655.1192  mean_cds=1.040e-08  mean_casa=11.015 deg, 0.59s 
AO iter 3 - EM: NLL=651.3918, 0.72s 
AO iter 3 - LBFGS: NLL=648.8598  mean_cds=1.023e-08  mean_casa=11.200 deg, 0.89s 
mc_idx = 20/100, 耗时 32.14s 
AO iter 1 - EM: NLL=734.3547, 0.12s 
AO iter 1 - LBFGS: NLL=710.1647  mean_cds=1.100e-08  mean_casa=9.808 deg, 0.29s 
AO iter 2 - EM: NLL=692.4784, 0.41s 
AO iter 2 - LBFGS: NLL=686.2551  mean_cds=1.080e-08  mean_casa=9.872 deg, 0.57s 
AO iter 3 - EM: NLL=678.2042, 0.69s 
AO iter 3 - LBFGS: NLL=674.4484  mean_cds=1.080e-08  mean_casa=9.857 deg, 0.85s 
mc_idx = 21/100, 耗时 33.65s 
AO iter 1 - EM: NLL=661.9292, 0.14s 
AO iter 1 - LBFGS: NLL=647.3403  mean_cds=1.064e-08  mean_casa=9.949 deg, 0.31s 
AO iter 2 - EM: NLL=632.7078, 0.44s 
AO iter 2 - LBFGS: NLL=629.1001  mean_cds=1.065e-08  mean_casa=10.067 deg, 0.61s 
AO iter 3 - EM: NLL=626.1781, 0.74s 
AO iter 3 - LBFGS: NLL=621.1396  mean_cds=1.087e-08  mean_casa=10.892 deg, 0.88s 
mc_idx = 22/100, 耗时 35.18s 
AO iter 1 - EM: NLL=589.3215, 0.12s 
AO iter 1 - LBFGS: NLL=572.1500  mean_cds=1.060e-08  mean_casa=9.705 deg, 0.30s 
AO iter 2 - EM: NLL=564.6248, 0.42s 
AO iter 2 - LBFGS: NLL=555.3606  mean_cds=1.089e-08  mean_casa=10.931 deg, 0.58s 
AO iter 3 - EM: NLL=553.6050, 0.70s 
AO iter 3 - LBFGS: NLL=552.4809  mean_cds=1.114e-08  mean_casa=11.155 deg, 0.85s 
mc_idx = 23/100, 耗时 36.69s 
AO iter 1 - EM: NLL=636.1891, 0.12s 
AO iter 1 - LBFGS: NLL=622.9866  mean_cds=1.087e-08  mean_casa=9.450 deg, 0.29s 
AO iter 2 - EM: NLL=612.4248, 0.42s 
AO iter 2 - LBFGS: NLL=608.0186  mean_cds=1.117e-08  mean_casa=9.541 deg, 0.57s 
AO iter 3 - EM: NLL=606.0129, 0.69s 
AO iter 3 - LBFGS: NLL=603.9545  mean_cds=1.126e-08  mean_casa=9.505 deg, 0.84s 
mc_idx = 24/100, 耗时 38.18s 
AO iter 1 - EM: NLL=882.7696, 0.12s 
AO iter 1 - LBFGS: NLL=749.6107  mean_cds=1.198e+02  mean_casa=610843.788 deg, 0.26s 
AO iter 2 - EM: NLL=744.1437, 0.39s 
AO iter 2 - LBFGS: NLL=724.4737  mean_cds=1.198e+02  mean_casa=610972.062 deg, 0.53s 
AO iter 3 - EM: NLL=703.2224, 0.66s 
AO iter 3 - LBFGS: NLL=690.0518  mean_cds=1.198e+02  mean_casa=611054.786 deg, 0.81s 
mc_idx = 25/100, 耗时 39.65s 
AO iter 1 - EM: NLL=710.1186, 0.12s 
AO iter 1 - LBFGS: NLL=687.4908  mean_cds=6.005e-06  mean_casa=16.317 deg, 0.27s 
AO iter 2 - EM: NLL=663.0270, 0.40s 
AO iter 2 - LBFGS: NLL=654.3894  mean_cds=5.993e-06  mean_casa=21.726 deg, 0.54s 
AO iter 3 - EM: NLL=651.0846, 0.67s 
AO iter 3 - LBFGS: NLL=646.5630  mean_cds=5.989e-06  mean_casa=23.602 deg, 0.82s 
mc_idx = 26/100, 耗时 41.13s 
AO iter 1 - EM: NLL=715.8817, 0.12s 
AO iter 1 - LBFGS: NLL=696.9409  mean_cds=1.062e-08  mean_casa=9.994 deg, 0.30s 
AO iter 2 - EM: NLL=682.2945, 0.42s 
AO iter 2 - LBFGS: NLL=674.2810  mean_cds=1.135e-08  mean_casa=10.735 deg, 0.59s 
AO iter 3 - EM: NLL=658.4784, 0.71s 
AO iter 3 - LBFGS: NLL=653.6962  mean_cds=1.148e-08  mean_casa=10.361 deg, 0.86s 
mc_idx = 27/100, 耗时 42.64s 
AO iter 1 - EM: NLL=774.6147, 0.12s 
AO iter 1 - LBFGS: NLL=756.2830  mean_cds=2.357e-08  mean_casa=15.014 deg, 0.28s 
AO iter 2 - EM: NLL=743.2932, 0.40s 
AO iter 2 - LBFGS: NLL=729.7029  mean_cds=1.660e-08  mean_casa=18.119 deg, 0.56s 
AO iter 3 - EM: NLL=726.4605, 0.68s 
AO iter 3 - LBFGS: NLL=712.3280  mean_cds=1.676e-08  mean_casa=17.639 deg, 0.84s 
mc_idx = 28/100, 耗时 44.13s 
AO iter 1 - EM: NLL=774.0489, 0.12s 
AO iter 1 - LBFGS: NLL=727.8758  mean_cds=1.088e-08  mean_casa=10.054 deg, 0.29s 
AO iter 2 - EM: NLL=705.7132, 0.42s 
AO iter 2 - LBFGS: NLL=688.3711  mean_cds=1.364e-08  mean_casa=10.707 deg, 0.57s 
AO iter 3 - EM: NLL=676.4603, 0.69s 
AO iter 3 - LBFGS: NLL=672.4629  mean_cds=1.343e-08  mean_casa=10.897 deg, 0.85s 
mc_idx = 29/100, 耗时 45.64s 
AO iter 1 - EM: NLL=683.0214, 0.12s 
AO iter 1 - LBFGS: NLL=670.6755  mean_cds=1.070e-08  mean_casa=9.876 deg, 0.30s 
AO iter 2 - EM: NLL=656.8404, 0.42s 
AO iter 2 - LBFGS: NLL=652.5878  mean_cds=1.056e-08  mean_casa=10.069 deg, 0.57s 
AO iter 3 - EM: NLL=648.6600, 0.70s 
AO iter 3 - LBFGS: NLL=646.1070  mean_cds=1.050e-08  mean_casa=10.329 deg, 0.85s 
mc_idx = 30/100, 耗时 47.15s 
AO iter 1 - EM: NLL=702.6692, 0.12s 
AO iter 1 - LBFGS: NLL=683.0036  mean_cds=1.239e-08  mean_casa=9.696 deg, 0.28s 
AO iter 2 - EM: NLL=674.9420, 0.40s 
AO iter 2 - LBFGS: NLL=671.8750  mean_cds=1.326e-08  mean_casa=9.792 deg, 0.56s 
AO iter 3 - EM: NLL=667.7528, 0.68s 
AO iter 3 - LBFGS: NLL=665.4691  mean_cds=1.389e-08  mean_casa=9.856 deg, 0.83s 
mc_idx = 31/100, 耗时 48.63s 
AO iter 1 - EM: NLL=614.9089, 0.13s 
AO iter 1 - LBFGS: NLL=596.8964  mean_cds=1.100e-08  mean_casa=9.589 deg, 0.31s 
AO iter 2 - EM: NLL=587.6052, 0.44s 
AO iter 2 - LBFGS: NLL=579.0581  mean_cds=1.181e-08  mean_casa=9.282 deg, 0.59s 
AO iter 3 - EM: NLL=576.3958, 0.72s 
AO iter 3 - LBFGS: NLL=574.7268  mean_cds=1.189e-08  mean_casa=9.124 deg, 0.89s 
mc_idx = 32/100, 耗时 50.22s 
AO iter 1 - EM: NLL=698.6509, 0.13s 
AO iter 1 - LBFGS: NLL=683.4413  mean_cds=1.119e-08  mean_casa=9.668 deg, 0.30s 
AO iter 2 - EM: NLL=671.1365, 0.42s 
AO iter 2 - LBFGS: NLL=664.9157  mean_cds=1.191e-08  mean_casa=9.948 deg, 0.60s 
AO iter 3 - EM: NLL=661.7109, 0.73s 
AO iter 3 - LBFGS: NLL=659.5063  mean_cds=1.236e-08  mean_casa=10.008 deg, 0.88s 
mc_idx = 33/100, 耗时 51.79s 
AO iter 1 - EM: NLL=814.7715, 0.13s 
AO iter 1 - LBFGS: NLL=767.6606  mean_cds=1.136e-08  mean_casa=9.991 deg, 0.33s 
AO iter 2 - EM: NLL=752.2637, 0.46s 
AO iter 2 - LBFGS: NLL=744.4518  mean_cds=1.189e-08  mean_casa=10.371 deg, 0.63s 
AO iter 3 - EM: NLL=739.0577, 0.75s 
AO iter 3 - LBFGS: NLL=736.0903  mean_cds=1.208e-08  mean_casa=10.739 deg, 0.97s 
mc_idx = 34/100, 耗时 53.48s 
AO iter 1 - EM: NLL=774.4560, 0.13s 
AO iter 1 - LBFGS: NLL=753.4833  mean_cds=1.352e-08  mean_casa=9.045 deg, 0.31s 
AO iter 2 - EM: NLL=738.3028, 0.45s 
AO iter 2 - LBFGS: NLL=732.2404  mean_cds=1.406e-08  mean_casa=9.276 deg, 0.62s 
AO iter 3 - EM: NLL=725.7897, 0.75s 
AO iter 3 - LBFGS: NLL=723.1316  mean_cds=1.425e-08  mean_casa=9.300 deg, 0.93s 
mc_idx = 35/100, 耗时 55.08s 
AO iter 1 - EM: NLL=646.4589, 0.13s 
AO iter 1 - LBFGS: NLL=620.0076  mean_cds=9.703e-09  mean_casa=9.343 deg, 0.33s 
AO iter 2 - EM: NLL=605.1834, 0.46s 
AO iter 2 - LBFGS: NLL=594.6418  mean_cds=9.253e-09  mean_casa=9.893 deg, 0.64s 
AO iter 3 - EM: NLL=592.9711, 0.77s 
AO iter 3 - LBFGS: NLL=589.7253  mean_cds=9.382e-09  mean_casa=9.945 deg, 0.96s 
mc_idx = 36/100, 耗时 56.73s 
AO iter 1 - EM: NLL=785.4098, 0.13s 
AO iter 1 - LBFGS: NLL=776.0790  mean_cds=1.092e-08  mean_casa=9.958 deg, 0.32s 
AO iter 2 - EM: NLL=762.9963, 0.46s 
AO iter 2 - LBFGS: NLL=757.8982  mean_cds=1.099e-08  mean_casa=10.195 deg, 0.67s 
AO iter 3 - EM: NLL=754.5535, 0.80s 
AO iter 3 - LBFGS: NLL=747.8402  mean_cds=1.348e-08  mean_casa=11.669 deg, 0.97s 
mc_idx = 37/100, 耗时 58.43s 
AO iter 1 - EM: NLL=716.8868, 0.13s 
AO iter 1 - LBFGS: NLL=662.6700  mean_cds=1.027e-08  mean_casa=9.191 deg, 0.33s 
AO iter 2 - EM: NLL=643.0479, 0.45s 
AO iter 2 - LBFGS: NLL=636.2694  mean_cds=1.024e-08  mean_casa=9.213 deg, 0.63s 
AO iter 3 - EM: NLL=634.4241, 0.77s 
AO iter 3 - LBFGS: NLL=630.5671  mean_cds=1.037e-08  mean_casa=9.110 deg, 0.95s 
mc_idx = 38/100, 耗时 60.07s 
AO iter 1 - EM: NLL=835.9171, 0.13s 
AO iter 1 - LBFGS: NLL=796.7257  mean_cds=8.229e-07  mean_casa=353995.522 deg, 0.28s 
AO iter 2 - EM: NLL=784.3941, 0.41s 
AO iter 2 - LBFGS: NLL=771.4442  mean_cds=8.089e-07  mean_casa=354303.015 deg, 0.57s 
AO iter 3 - EM: NLL=758.7855, 0.69s 
AO iter 3 - LBFGS: NLL=753.2735  mean_cds=8.033e-07  mean_casa=354318.949 deg, 0.85s 
mc_idx = 39/100, 耗时 61.60s 
AO iter 1 - EM: NLL=787.8317, 0.13s 
AO iter 1 - LBFGS: NLL=771.9348  mean_cds=1.102e-08  mean_casa=9.869 deg, 0.34s 
AO iter 2 - EM: NLL=758.3870, 0.46s 
AO iter 2 - LBFGS: NLL=749.4521  mean_cds=1.069e-08  mean_casa=10.087 deg, 0.64s 
AO iter 3 - EM: NLL=745.7131, 0.76s 
AO iter 3 - LBFGS: NLL=743.2995  mean_cds=1.064e-08  mean_casa=10.099 deg, 0.93s 
mc_idx = 40/100, 耗时 63.22s 
AO iter 1 - EM: NLL=739.3822, 0.12s 
AO iter 1 - LBFGS: NLL=719.6062  mean_cds=1.505e-08  mean_casa=12.798 deg, 0.30s 
AO iter 2 - EM: NLL=670.3822, 0.42s 
AO iter 2 - LBFGS: NLL=661.6504  mean_cds=1.479e-08  mean_casa=13.888 deg, 0.58s 
AO iter 3 - EM: NLL=657.8464, 0.71s 
AO iter 3 - LBFGS: NLL=655.7086  mean_cds=1.488e-08  mean_casa=14.337 deg, 0.86s 
mc_idx = 41/100, 耗时 64.75s 
AO iter 1 - EM: NLL=1059.9462, 0.12s 
AO iter 1 - LBFGS: NLL=840.2308  mean_cds=1.364e+21  mean_casa=4109805.480 deg, 0.26s 
AO iter 2 - EM: NLL=784.9214, 0.39s 
AO iter 2 - LBFGS: NLL=777.9035  mean_cds=1.364e+21  mean_casa=4109806.730 deg, 0.54s 
AO iter 3 - EM: NLL=772.6313, 0.66s 
AO iter 3 - LBFGS: NLL=772.2207  mean_cds=1.364e+21  mean_casa=4109809.151 deg, 0.81s 
mc_idx = 42/100, 耗时 66.22s 
AO iter 1 - EM: NLL=884.0436, 0.12s 
AO iter 1 - LBFGS: NLL=764.0253  mean_cds=4.831e-07  mean_casa=938.808 deg, 0.27s 
AO iter 2 - EM: NLL=734.9167, 0.39s 
AO iter 2 - LBFGS: NLL=725.9109  mean_cds=4.483e-07  mean_casa=938.333 deg, 0.53s 
AO iter 3 - EM: NLL=722.6252, 0.66s 
AO iter 3 - LBFGS: NLL=720.7520  mean_cds=4.334e-07  mean_casa=934.880 deg, 0.83s 
mc_idx = 43/100, 耗时 67.70s 
AO iter 1 - EM: NLL=690.9153, 0.12s 
AO iter 1 - LBFGS: NLL=671.6954  mean_cds=1.059e-08  mean_casa=10.484 deg, 0.30s 
AO iter 2 - EM: NLL=657.6124, 0.42s 
AO iter 2 - LBFGS: NLL=651.8874  mean_cds=1.105e-08  mean_casa=11.282 deg, 0.59s 
AO iter 3 - EM: NLL=647.6620, 0.71s 
AO iter 3 - LBFGS: NLL=645.3844  mean_cds=1.146e-08  mean_casa=12.013 deg, 0.85s 
mc_idx = 44/100, 耗时 69.21s 
AO iter 1 - EM: NLL=677.0037, 0.12s 
AO iter 1 - LBFGS: NLL=658.5784  mean_cds=1.021e-08  mean_casa=9.500 deg, 0.29s 
AO iter 2 - EM: NLL=639.4133, 0.41s 
AO iter 2 - LBFGS: NLL=631.6638  mean_cds=9.930e-09  mean_casa=9.558 deg, 0.57s 
AO iter 3 - EM: NLL=626.5699, 0.69s 
AO iter 3 - LBFGS: NLL=618.0773  mean_cds=1.005e-08  mean_casa=9.983 deg, 0.86s 
mc_idx = 45/100, 耗时 70.71s 
AO iter 1 - EM: NLL=878.2264, 0.12s 
AO iter 1 - LBFGS: NLL=840.8042  mean_cds=1.099e-08  mean_casa=14.012 deg, 0.28s 
AO iter 2 - EM: NLL=803.4484, 0.41s 
AO iter 2 - LBFGS: NLL=775.6033  mean_cds=1.235e-08  mean_casa=12.297 deg, 0.58s 
AO iter 3 - EM: NLL=770.2117, 0.70s 
AO iter 3 - LBFGS: NLL=765.1455  mean_cds=1.244e-08  mean_casa=11.950 deg, 0.86s 
mc_idx = 46/100, 耗时 72.22s 
AO iter 1 - EM: NLL=732.2595, 0.12s 
AO iter 1 - LBFGS: NLL=713.7373  mean_cds=1.065e-08  mean_casa=9.878 deg, 0.29s 
AO iter 2 - EM: NLL=696.6943, 0.41s 
AO iter 2 - LBFGS: NLL=679.7780  mean_cds=1.062e-08  mean_casa=9.636 deg, 0.57s 
AO iter 3 - EM: NLL=674.3204, 0.70s 
AO iter 3 - LBFGS: NLL=667.1301  mean_cds=1.047e-08  mean_casa=9.924 deg, 0.85s 
mc_idx = 47/100, 耗时 73.72s 
AO iter 1 - EM: NLL=652.7742, 0.12s 
AO iter 1 - LBFGS: NLL=616.6070  mean_cds=1.027e-08  mean_casa=13.448 deg, 0.28s 
AO iter 2 - EM: NLL=584.8619, 0.41s 
AO iter 2 - LBFGS: NLL=579.4806  mean_cds=1.060e-08  mean_casa=12.989 deg, 0.56s 
AO iter 3 - EM: NLL=578.1932, 0.68s 
AO iter 3 - LBFGS: NLL=574.4519  mean_cds=1.079e-08  mean_casa=12.575 deg, 0.83s 
mc_idx = 48/100, 耗时 75.21s 
AO iter 1 - EM: NLL=695.6571, 0.12s 
AO iter 1 - LBFGS: NLL=678.9467  mean_cds=1.091e-08  mean_casa=10.289 deg, 0.30s 
AO iter 2 - EM: NLL=644.3300, 0.42s 
AO iter 2 - LBFGS: NLL=633.7946  mean_cds=1.097e-08  mean_casa=10.409 deg, 0.59s 
AO iter 3 - EM: NLL=627.1681, 0.71s 
AO iter 3 - LBFGS: NLL=619.5515  mean_cds=1.223e-08  mean_casa=10.939 deg, 0.86s 
mc_idx = 49/100, 耗时 76.72s 
AO iter 1 - EM: NLL=736.1422, 0.12s 
AO iter 1 - LBFGS: NLL=721.0067  mean_cds=1.164e-08  mean_casa=9.880 deg, 0.28s 
AO iter 2 - EM: NLL=715.1545, 0.40s 
AO iter 2 - LBFGS: NLL=704.4041  mean_cds=1.457e-08  mean_casa=11.362 deg, 0.54s 
AO iter 3 - EM: NLL=700.4965, 0.66s 
AO iter 3 - LBFGS: NLL=697.5357  mean_cds=1.479e-08  mean_casa=11.484 deg, 0.82s 
mc_idx = 50/100, 耗时 78.19s 
AO iter 1 - EM: NLL=831.1831, 0.13s 
AO iter 1 - LBFGS: NLL=782.5555  mean_cds=1.180e-08  mean_casa=9.730 deg, 0.30s 
AO iter 2 - EM: NLL=760.6587, 0.43s 
AO iter 2 - LBFGS: NLL=751.4772  mean_cds=1.139e-08  mean_casa=10.039 deg, 0.60s 
AO iter 3 - EM: NLL=747.2245, 0.72s 
AO iter 3 - LBFGS: NLL=744.0059  mean_cds=1.138e-08  mean_casa=10.083 deg, 0.89s 
mc_idx = 51/100, 耗时 79.74s 
AO iter 1 - EM: NLL=814.7620, 0.12s 
AO iter 1 - LBFGS: NLL=786.2338  mean_cds=1.084e-08  mean_casa=9.050 deg, 0.29s 
AO iter 2 - EM: NLL=785.6081, 0.42s 
AO iter 2 - LBFGS: NLL=777.7825  mean_cds=1.027e-08  mean_casa=8.878 deg, 0.59s 
AO iter 3 - EM: NLL=777.0034, 0.71s 
AO iter 3 - LBFGS: NLL=771.2754  mean_cds=1.023e-08  mean_casa=9.019 deg, 0.86s 
mc_idx = 52/100, 耗时 81.26s 
AO iter 1 - EM: NLL=666.6910, 0.12s 
AO iter 1 - LBFGS: NLL=658.0340  mean_cds=1.086e-08  mean_casa=9.807 deg, 0.28s 
AO iter 2 - EM: NLL=648.9039, 0.41s 
AO iter 2 - LBFGS: NLL=645.7264  mean_cds=1.090e-08  mean_casa=9.948 deg, 0.56s 
AO iter 3 - EM: NLL=643.9748, 0.68s 
AO iter 3 - LBFGS: NLL=639.3230  mean_cds=1.116e-08  mean_casa=10.231 deg, 0.84s 
mc_idx = 53/100, 耗时 82.76s 
AO iter 1 - EM: NLL=700.7080, 0.12s 
AO iter 1 - LBFGS: NLL=669.3155  mean_cds=1.092e-08  mean_casa=10.041 deg, 0.30s 
AO iter 2 - EM: NLL=657.5021, 0.42s 
AO iter 2 - LBFGS: NLL=643.1831  mean_cds=1.065e-08  mean_casa=10.622 deg, 0.57s 
AO iter 3 - EM: NLL=639.1312, 0.70s 
AO iter 3 - LBFGS: NLL=633.9991  mean_cds=1.046e-08  mean_casa=11.030 deg, 0.85s 
mc_idx = 54/100, 耗时 84.27s 
AO iter 1 - EM: NLL=692.7029, 0.12s 
AO iter 1 - LBFGS: NLL=663.6299  mean_cds=1.129e-08  mean_casa=9.338 deg, 0.28s 
AO iter 2 - EM: NLL=651.8577, 0.41s 
AO iter 2 - LBFGS: NLL=642.4615  mean_cds=1.106e-08  mean_casa=9.339 deg, 0.57s 
AO iter 3 - EM: NLL=636.4039, 0.69s 
AO iter 3 - LBFGS: NLL=631.1280  mean_cds=1.096e-08  mean_casa=9.766 deg, 0.84s 
mc_idx = 55/100, 耗时 85.76s 
AO iter 1 - EM: NLL=769.6357, 0.12s 
AO iter 1 - LBFGS: NLL=739.0480  mean_cds=1.135e-08  mean_casa=10.355 deg, 0.29s 
AO iter 2 - EM: NLL=727.8645, 0.41s 
AO iter 2 - LBFGS: NLL=718.3782  mean_cds=1.200e-08  mean_casa=11.768 deg, 0.57s 
AO iter 3 - EM: NLL=715.7795, 0.69s 
AO iter 3 - LBFGS: NLL=712.6315  mean_cds=1.199e-08  mean_casa=12.230 deg, 0.84s 
mc_idx = 56/100, 耗时 87.26s 
AO iter 1 - EM: NLL=732.2079, 0.12s 
AO iter 1 - LBFGS: NLL=710.9376  mean_cds=1.088e-08  mean_casa=9.870 deg, 0.28s 
AO iter 2 - EM: NLL=690.1179, 0.41s 
AO iter 2 - LBFGS: NLL=686.5654  mean_cds=1.100e-08  mean_casa=9.790 deg, 0.58s 
AO iter 3 - EM: NLL=684.2470, 0.70s 
AO iter 3 - LBFGS: NLL=680.9432  mean_cds=1.130e-08  mean_casa=9.839 deg, 0.86s 
mc_idx = 57/100, 耗时 88.77s 
AO iter 1 - EM: NLL=739.6558, 0.12s 
AO iter 1 - LBFGS: NLL=707.0875  mean_cds=1.161e-08  mean_casa=9.806 deg, 0.30s 
AO iter 2 - EM: NLL=688.4993, 0.43s 
AO iter 2 - LBFGS: NLL=684.9091  mean_cds=1.181e-08  mean_casa=9.737 deg, 0.60s 
AO iter 3 - EM: NLL=683.0025, 0.72s 
AO iter 3 - LBFGS: NLL=680.3492  mean_cds=1.262e-08  mean_casa=9.847 deg, 0.87s 
mc_idx = 58/100, 耗时 90.29s 
AO iter 1 - EM: NLL=639.4474, 0.12s 
AO iter 1 - LBFGS: NLL=612.5146  mean_cds=1.164e-08  mean_casa=9.022 deg, 0.29s 
AO iter 2 - EM: NLL=596.7476, 0.41s 
AO iter 2 - LBFGS: NLL=587.9436  mean_cds=1.222e-08  mean_casa=9.120 deg, 0.56s 
AO iter 3 - EM: NLL=581.5994, 0.68s 
AO iter 3 - LBFGS: NLL=578.5152  mean_cds=1.282e-08  mean_casa=9.211 deg, 0.83s 
mc_idx = 59/100, 耗时 91.77s 
AO iter 1 - EM: NLL=764.7966, 0.12s 
AO iter 1 - LBFGS: NLL=746.9122  mean_cds=1.090e-08  mean_casa=10.008 deg, 0.29s 
AO iter 2 - EM: NLL=731.9985, 0.42s 
AO iter 2 - LBFGS: NLL=727.2760  mean_cds=1.121e-08  mean_casa=10.123 deg, 0.58s 
AO iter 3 - EM: NLL=723.5804, 0.71s 
AO iter 3 - LBFGS: NLL=719.4627  mean_cds=1.145e-08  mean_casa=10.330 deg, 0.87s 
mc_idx = 60/100, 耗时 93.29s 
AO iter 1 - EM: NLL=671.2718, 0.12s 
AO iter 1 - LBFGS: NLL=655.9970  mean_cds=1.076e-08  mean_casa=10.209 deg, 0.28s 
AO iter 2 - EM: NLL=648.5063, 0.41s 
AO iter 2 - LBFGS: NLL=645.3025  mean_cds=1.082e-08  mean_casa=10.462 deg, 0.58s 
AO iter 3 - EM: NLL=639.3853, 0.70s 
AO iter 3 - LBFGS: NLL=635.3166  mean_cds=1.078e-08  mean_casa=10.879 deg, 0.86s 
mc_idx = 61/100, 耗时 94.81s 
AO iter 1 - EM: NLL=722.8668, 0.12s 
AO iter 1 - LBFGS: NLL=700.0957  mean_cds=1.035e-08  mean_casa=9.765 deg, 0.28s 
AO iter 2 - EM: NLL=679.0325, 0.41s 
AO iter 2 - LBFGS: NLL=670.8827  mean_cds=1.029e-08  mean_casa=9.647 deg, 0.57s 
AO iter 3 - EM: NLL=665.6998, 0.69s 
AO iter 3 - LBFGS: NLL=661.4783  mean_cds=1.026e-08  mean_casa=10.000 deg, 0.84s 
mc_idx = 62/100, 耗时 96.30s 
AO iter 1 - EM: NLL=696.9166, 0.12s 
AO iter 1 - LBFGS: NLL=674.6835  mean_cds=1.057e-08  mean_casa=9.421 deg, 0.30s 
AO iter 2 - EM: NLL=667.1394, 0.42s 
AO iter 2 - LBFGS: NLL=662.2985  mean_cds=1.012e-08  mean_casa=9.225 deg, 0.58s 
AO iter 3 - EM: NLL=659.5632, 0.71s 
AO iter 3 - LBFGS: NLL=656.2066  mean_cds=9.936e-09  mean_casa=9.023 deg, 0.86s 
mc_idx = 63/100, 耗时 97.81s 
AO iter 1 - EM: NLL=720.0815, 0.12s 
AO iter 1 - LBFGS: NLL=705.8794  mean_cds=1.109e-08  mean_casa=9.885 deg, 0.28s 
AO iter 2 - EM: NLL=694.5386, 0.41s 
AO iter 2 - LBFGS: NLL=690.6180  mean_cds=1.142e-08  mean_casa=10.021 deg, 0.56s 
AO iter 3 - EM: NLL=687.4844, 0.69s 
AO iter 3 - LBFGS: NLL=684.6664  mean_cds=1.266e-08  mean_casa=10.598 deg, 0.84s 
mc_idx = 64/100, 耗时 99.30s 
AO iter 1 - EM: NLL=634.8522, 0.12s 
AO iter 1 - LBFGS: NLL=619.0857  mean_cds=1.098e-08  mean_casa=9.431 deg, 0.28s 
AO iter 2 - EM: NLL=610.0483, 0.40s 
AO iter 2 - LBFGS: NLL=607.1404  mean_cds=1.145e-08  mean_casa=9.515 deg, 0.56s 
AO iter 3 - EM: NLL=605.5976, 0.69s 
AO iter 3 - LBFGS: NLL=602.4731  mean_cds=1.237e-08  mean_casa=9.974 deg, 0.83s 
mc_idx = 65/100, 耗时 100.78s 
AO iter 1 - EM: NLL=699.3541, 0.12s 
AO iter 1 - LBFGS: NLL=652.2143  mean_cds=9.802e-09  mean_casa=9.589 deg, 0.28s 
AO iter 2 - EM: NLL=641.2669, 0.40s 
AO iter 2 - LBFGS: NLL=638.6525  mean_cds=9.874e-09  mean_casa=9.585 deg, 0.57s 
AO iter 3 - EM: NLL=636.9966, 0.70s 
AO iter 3 - LBFGS: NLL=634.7272  mean_cds=9.963e-09  mean_casa=9.787 deg, 0.85s 
mc_idx = 66/100, 耗时 102.29s 
AO iter 1 - EM: NLL=669.9681, 0.12s 
AO iter 1 - LBFGS: NLL=652.8845  mean_cds=1.120e-08  mean_casa=9.785 deg, 0.30s 
AO iter 2 - EM: NLL=643.4958, 0.43s 
AO iter 2 - LBFGS: NLL=637.5360  mean_cds=1.130e-08  mean_casa=10.051 deg, 0.59s 
AO iter 3 - EM: NLL=631.4911, 0.71s 
AO iter 3 - LBFGS: NLL=627.6930  mean_cds=1.122e-08  mean_casa=10.508 deg, 0.87s 
mc_idx = 67/100, 耗时 103.81s 
AO iter 1 - EM: NLL=717.0373, 0.12s 
AO iter 1 - LBFGS: NLL=697.2446  mean_cds=1.114e-08  mean_casa=9.598 deg, 0.29s 
AO iter 2 - EM: NLL=684.4043, 0.42s 
AO iter 2 - LBFGS: NLL=680.4526  mean_cds=1.115e-08  mean_casa=9.599 deg, 0.57s 
AO iter 3 - EM: NLL=678.5912, 0.69s 
AO iter 3 - LBFGS: NLL=677.2980  mean_cds=1.117e-08  mean_casa=9.731 deg, 0.85s 
mc_idx = 68/100, 耗时 105.32s 
AO iter 1 - EM: NLL=714.6456, 0.12s 
AO iter 1 - LBFGS: NLL=703.1518  mean_cds=1.081e-08  mean_casa=9.730 deg, 0.28s 
AO iter 2 - EM: NLL=690.9089, 0.41s 
AO iter 2 - LBFGS: NLL=682.8287  mean_cds=1.116e-08  mean_casa=9.853 deg, 0.56s 
AO iter 3 - EM: NLL=679.5916, 0.69s 
AO iter 3 - LBFGS: NLL=678.3535  mean_cds=1.122e-08  mean_casa=9.859 deg, 0.84s 
mc_idx = 69/100, 耗时 106.82s 
AO iter 1 - EM: NLL=806.5817, 0.12s 
AO iter 1 - LBFGS: NLL=740.7280  mean_cds=1.245e-08  mean_casa=12.787 deg, 0.30s 
AO iter 2 - EM: NLL=712.6957, 0.42s 
AO iter 2 - LBFGS: NLL=705.6168  mean_cds=1.238e-08  mean_casa=13.093 deg, 0.61s 
AO iter 3 - EM: NLL=699.8441, 0.73s 
AO iter 3 - LBFGS: NLL=690.2038  mean_cds=1.207e-08  mean_casa=24.765 deg, 0.89s 
mc_idx = 70/100, 耗时 108.37s 
AO iter 1 - EM: NLL=667.3293, 0.12s 
AO iter 1 - LBFGS: NLL=652.8174  mean_cds=1.124e-08  mean_casa=9.664 deg, 0.30s 
AO iter 2 - EM: NLL=643.8900, 0.42s 
AO iter 2 - LBFGS: NLL=633.5081  mean_cds=1.106e-08  mean_casa=9.534 deg, 0.59s 
AO iter 3 - EM: NLL=630.8713, 0.71s 
AO iter 3 - LBFGS: NLL=624.6489  mean_cds=1.120e-08  mean_casa=9.520 deg, 0.87s 
mc_idx = 71/100, 耗时 109.90s 
AO iter 1 - EM: NLL=673.9137, 0.12s 
AO iter 1 - LBFGS: NLL=668.1006  mean_cds=1.033e-08  mean_casa=9.677 deg, 0.28s 
AO iter 2 - EM: NLL=637.5519, 0.41s 
AO iter 2 - LBFGS: NLL=633.3225  mean_cds=1.022e-08  mean_casa=9.669 deg, 0.58s 
AO iter 3 - EM: NLL=628.6065, 0.70s 
AO iter 3 - LBFGS: NLL=624.6699  mean_cds=1.018e-08  mean_casa=9.843 deg, 0.86s 
mc_idx = 72/100, 耗时 111.42s 
AO iter 1 - EM: NLL=691.6496, 0.12s 
AO iter 1 - LBFGS: NLL=682.1743  mean_cds=1.098e-08  mean_casa=9.858 deg, 0.28s 
AO iter 2 - EM: NLL=671.3214, 0.40s 
AO iter 2 - LBFGS: NLL=667.0363  mean_cds=1.116e-08  mean_casa=9.899 deg, 0.58s 
AO iter 3 - EM: NLL=659.0695, 0.70s 
AO iter 3 - LBFGS: NLL=656.0068  mean_cds=1.129e-08  mean_casa=9.898 deg, 0.85s 
mc_idx = 73/100, 耗时 112.94s 
AO iter 1 - EM: NLL=709.2453, 0.12s 
AO iter 1 - LBFGS: NLL=671.2300  mean_cds=1.015e-08  mean_casa=9.761 deg, 0.28s 
AO iter 2 - EM: NLL=659.5963, 0.41s 
AO iter 2 - LBFGS: NLL=647.1009  mean_cds=9.942e-09  mean_casa=10.406 deg, 0.56s 
AO iter 3 - EM: NLL=644.4589, 0.68s 
AO iter 3 - LBFGS: NLL=639.7218  mean_cds=1.003e-08  mean_casa=10.725 deg, 0.85s 
mc_idx = 74/100, 耗时 114.43s 
AO iter 1 - EM: NLL=733.2965, 0.12s 
AO iter 1 - LBFGS: NLL=707.4028  mean_cds=2.013e-08  mean_casa=9.859 deg, 0.28s 
AO iter 2 - EM: NLL=679.0924, 0.41s 
AO iter 2 - LBFGS: NLL=671.4925  mean_cds=1.880e-08  mean_casa=9.825 deg, 0.60s 
AO iter 3 - EM: NLL=666.3736, 0.72s 
AO iter 3 - LBFGS: NLL=660.3899  mean_cds=1.880e-08  mean_casa=9.890 deg, 0.87s 
mc_idx = 75/100, 耗时 115.97s 
AO iter 1 - EM: NLL=710.8026, 0.13s 
AO iter 1 - LBFGS: NLL=695.8132  mean_cds=1.112e-08  mean_casa=9.951 deg, 0.30s 
AO iter 2 - EM: NLL=688.1158, 0.43s 
AO iter 2 - LBFGS: NLL=680.2441  mean_cds=1.215e-08  mean_casa=10.270 deg, 0.58s 
AO iter 3 - EM: NLL=676.1952, 0.71s 
AO iter 3 - LBFGS: NLL=673.7413  mean_cds=1.196e-08  mean_casa=10.417 deg, 0.86s 
mc_idx = 76/100, 耗时 117.48s 
AO iter 1 - EM: NLL=727.0182, 0.12s 
AO iter 1 - LBFGS: NLL=685.9270  mean_cds=1.017e-08  mean_casa=9.950 deg, 0.28s 
AO iter 2 - EM: NLL=669.6185, 0.41s 
AO iter 2 - LBFGS: NLL=665.5994  mean_cds=1.048e-08  mean_casa=10.127 deg, 0.58s 
AO iter 3 - EM: NLL=663.5798, 0.70s 
AO iter 3 - LBFGS: NLL=661.1659  mean_cds=1.065e-08  mean_casa=10.481 deg, 0.86s 
mc_idx = 77/100, 耗时 119.00s 
AO iter 1 - EM: NLL=830.2761, 0.12s 
AO iter 1 - LBFGS: NLL=788.0773  mean_cds=1.321e-08  mean_casa=9.730 deg, 0.30s 
AO iter 2 - EM: NLL=776.3849, 0.42s 
AO iter 2 - LBFGS: NLL=756.9642  mean_cds=1.183e-08  mean_casa=9.790 deg, 0.58s 
AO iter 3 - EM: NLL=755.0240, 0.70s 
AO iter 3 - LBFGS: NLL=752.3929  mean_cds=1.216e-08  mean_casa=9.800 deg, 0.86s 
mc_idx = 78/100, 耗时 120.50s 
AO iter 1 - EM: NLL=699.6231, 0.12s 
AO iter 1 - LBFGS: NLL=677.0635  mean_cds=1.067e-08  mean_casa=9.688 deg, 0.29s 
AO iter 2 - EM: NLL=661.3515, 0.42s 
AO iter 2 - LBFGS: NLL=650.3275  mean_cds=9.826e-09  mean_casa=9.567 deg, 0.58s 
AO iter 3 - EM: NLL=645.3713, 0.70s 
AO iter 3 - LBFGS: NLL=640.7521  mean_cds=9.934e-09  mean_casa=9.635 deg, 0.85s 
mc_idx = 79/100, 耗时 122.01s 
AO iter 1 - EM: NLL=733.2811, 0.12s 
AO iter 1 - LBFGS: NLL=718.6687  mean_cds=1.136e-08  mean_casa=9.711 deg, 0.28s 
AO iter 2 - EM: NLL=708.6861, 0.41s 
AO iter 2 - LBFGS: NLL=701.7500  mean_cds=1.208e-08  mean_casa=9.861 deg, 0.57s 
AO iter 3 - EM: NLL=699.3044, 0.69s 
AO iter 3 - LBFGS: NLL=695.3921  mean_cds=1.253e-08  mean_casa=10.464 deg, 0.85s 
mc_idx = 80/100, 耗时 123.51s 
AO iter 1 - EM: NLL=655.7973, 0.12s 
AO iter 1 - LBFGS: NLL=638.4551  mean_cds=1.013e-08  mean_casa=10.035 deg, 0.30s 
AO iter 2 - EM: NLL=627.2956, 0.43s 
AO iter 2 - LBFGS: NLL=623.0523  mean_cds=1.019e-08  mean_casa=10.221 deg, 0.59s 
AO iter 3 - EM: NLL=621.4849, 0.72s 
AO iter 3 - LBFGS: NLL=618.2283  mean_cds=1.075e-08  mean_casa=10.761 deg, 0.90s 
mc_idx = 81/100, 耗时 125.07s 
AO iter 1 - EM: NLL=705.9226, 0.15s 
AO iter 1 - LBFGS: NLL=680.5421  mean_cds=1.072e-08  mean_casa=9.798 deg, 0.38s 
AO iter 2 - EM: NLL=663.3612, 0.51s 
AO iter 2 - LBFGS: NLL=653.7940  mean_cds=1.078e-08  mean_casa=10.093 deg, 0.71s 
AO iter 3 - EM: NLL=647.7068, 0.84s 
AO iter 3 - LBFGS: NLL=646.0978  mean_cds=1.063e-08  mean_casa=10.097 deg, 0.99s 
mc_idx = 82/100, 耗时 126.75s 
AO iter 1 - EM: NLL=812.1822, 0.13s 
AO iter 1 - LBFGS: NLL=790.2094  mean_cds=1.116e-08  mean_casa=9.682 deg, 0.33s 
AO iter 2 - EM: NLL=785.1252, 0.46s 
AO iter 2 - LBFGS: NLL=777.1185  mean_cds=1.152e-08  mean_casa=10.472 deg, 0.61s 
AO iter 3 - EM: NLL=774.7581, 0.74s 
AO iter 3 - LBFGS: NLL=771.7597  mean_cds=1.180e-08  mean_casa=10.917 deg, 0.90s 
mc_idx = 83/100, 耗时 128.32s 
AO iter 1 - EM: NLL=1028.8897, 0.13s 
AO iter 1 - LBFGS: NLL=987.2040  mean_cds=1.073e-08  mean_casa=14.442 deg, 0.32s 
AO iter 2 - EM: NLL=931.4684, 0.45s 
AO iter 2 - LBFGS: NLL=904.9992  mean_cds=1.104e-08  mean_casa=11.489 deg, 0.63s 
AO iter 3 - EM: NLL=893.4233, 0.75s 
AO iter 3 - LBFGS: NLL=877.1315  mean_cds=1.131e-08  mean_casa=10.454 deg, 0.93s 
mc_idx = 84/100, 耗时 129.95s 
AO iter 1 - EM: NLL=754.7647, 0.14s 
AO iter 1 - LBFGS: NLL=734.1803  mean_cds=1.278e-08  mean_casa=9.627 deg, 0.31s 
AO iter 2 - EM: NLL=718.4888, 0.45s 
AO iter 2 - LBFGS: NLL=708.4573  mean_cds=1.371e-08  mean_casa=9.889 deg, 0.64s 
AO iter 3 - EM: NLL=705.3165, 0.77s 
AO iter 3 - LBFGS: NLL=704.3897  mean_cds=1.375e-08  mean_casa=9.932 deg, 0.95s 
mc_idx = 85/100, 耗时 131.59s 
AO iter 1 - EM: NLL=670.5553, 0.13s 
AO iter 1 - LBFGS: NLL=629.1064  mean_cds=1.188e-08  mean_casa=9.460 deg, 0.33s 
AO iter 2 - EM: NLL=608.0358, 0.46s 
AO iter 2 - LBFGS: NLL=600.1707  mean_cds=1.218e-08  mean_casa=9.651 deg, 0.65s 
AO iter 3 - EM: NLL=595.1766, 0.78s 
AO iter 3 - LBFGS: NLL=592.0039  mean_cds=1.236e-08  mean_casa=9.873 deg, 0.98s 
mc_idx = 86/100, 耗时 133.26s 
AO iter 1 - EM: NLL=837.2651, 0.13s 
AO iter 1 - LBFGS: NLL=803.5328  mean_cds=1.112e-08  mean_casa=10.094 deg, 0.34s 
AO iter 2 - EM: NLL=786.9991, 0.47s 
AO iter 2 - LBFGS: NLL=776.0743  mean_cds=1.071e-08  mean_casa=10.572 deg, 0.65s 
AO iter 3 - EM: NLL=770.3850, 0.78s 
AO iter 3 - LBFGS: NLL=765.3594  mean_cds=1.055e-08  mean_casa=10.802 deg, 0.94s 
mc_idx = 87/100, 耗时 134.89s 
AO iter 1 - EM: NLL=854.8380, 0.13s 
AO iter 1 - LBFGS: NLL=788.2365  mean_cds=7.372e+01  mean_casa=13.922 deg, 0.30s 
AO iter 2 - EM: NLL=717.3875, 0.43s 
AO iter 2 - LBFGS: NLL=711.4358  mean_cds=7.372e+01  mean_casa=161.347 deg, 0.57s 
AO iter 3 - EM: NLL=706.4075, 0.70s 
AO iter 3 - LBFGS: NLL=702.3367  mean_cds=7.372e+01  mean_casa=158.213 deg, 0.86s 
mc_idx = 88/100, 耗时 136.45s 
AO iter 1 - EM: NLL=696.6678, 0.14s 
AO iter 1 - LBFGS: NLL=661.0632  mean_cds=1.974e-08  mean_casa=9.982 deg, 0.33s 
AO iter 2 - EM: NLL=633.5428, 0.46s 
AO iter 2 - LBFGS: NLL=624.5736  mean_cds=1.854e-08  mean_casa=10.009 deg, 0.65s 
AO iter 3 - EM: NLL=615.7684, 0.78s 
AO iter 3 - LBFGS: NLL=614.1252  mean_cds=1.819e-08  mean_casa=9.984 deg, 0.94s 
mc_idx = 89/100, 耗时 138.07s 
AO iter 1 - EM: NLL=840.7982, 0.12s 
AO iter 1 - LBFGS: NLL=777.4268  mean_cds=1.150e-08  mean_casa=9.981 deg, 0.31s 
AO iter 2 - EM: NLL=755.3499, 0.43s 
AO iter 2 - LBFGS: NLL=744.9584  mean_cds=1.126e-08  mean_casa=10.302 deg, 0.60s 
AO iter 3 - EM: NLL=741.2062, 0.73s 
AO iter 3 - LBFGS: NLL=737.5225  mean_cds=1.153e-08  mean_casa=10.540 deg, 0.92s 
mc_idx = 90/100, 耗时 139.65s 
AO iter 1 - EM: NLL=690.9703, 0.13s 
AO iter 1 - LBFGS: NLL=683.3074  mean_cds=1.122e-08  mean_casa=9.632 deg, 0.29s 
AO iter 2 - EM: NLL=673.4378, 0.41s 
AO iter 2 - LBFGS: NLL=668.3265  mean_cds=1.117e-08  mean_casa=9.529 deg, 0.57s 
AO iter 3 - EM: NLL=663.9645, 0.70s 
AO iter 3 - LBFGS: NLL=661.1850  mean_cds=1.128e-08  mean_casa=9.371 deg, 0.85s 
mc_idx = 91/100, 耗时 141.15s 
AO iter 1 - EM: NLL=792.2168, 0.13s 
AO iter 1 - LBFGS: NLL=731.0927  mean_cds=1.131e-08  mean_casa=10.594 deg, 0.31s 
AO iter 2 - EM: NLL=715.4062, 0.43s 
AO iter 2 - LBFGS: NLL=710.8590  mean_cds=1.132e-08  mean_casa=10.857 deg, 0.59s 
AO iter 3 - EM: NLL=708.6738, 0.72s 
AO iter 3 - LBFGS: NLL=704.2204  mean_cds=1.201e-08  mean_casa=11.832 deg, 0.87s 
mc_idx = 92/100, 耗时 142.67s 
AO iter 1 - EM: NLL=744.9752, 0.13s 
AO iter 1 - LBFGS: NLL=727.8058  mean_cds=1.118e-08  mean_casa=9.742 deg, 0.29s 
AO iter 2 - EM: NLL=711.3947, 0.42s 
AO iter 2 - LBFGS: NLL=695.7115  mean_cds=1.131e-08  mean_casa=9.340 deg, 0.59s 
AO iter 3 - EM: NLL=689.6424, 0.71s 
AO iter 3 - LBFGS: NLL=687.8930  mean_cds=1.120e-08  mean_casa=9.225 deg, 0.86s 
mc_idx = 93/100, 耗时 144.20s 
AO iter 1 - EM: NLL=609.3352, 0.12s 
AO iter 1 - LBFGS: NLL=597.0114  mean_cds=1.109e-08  mean_casa=9.543 deg, 0.29s 
AO iter 2 - EM: NLL=589.4739, 0.42s 
AO iter 2 - LBFGS: NLL=585.4425  mean_cds=1.149e-08  mean_casa=9.231 deg, 0.58s 
AO iter 3 - EM: NLL=583.8314, 0.70s 
AO iter 3 - LBFGS: NLL=582.7055  mean_cds=1.138e-08  mean_casa=9.130 deg, 0.86s 
mc_idx = 94/100, 耗时 145.71s 
AO iter 1 - EM: NLL=688.9147, 0.12s 
AO iter 1 - LBFGS: NLL=670.4354  mean_cds=1.044e-08  mean_casa=10.210 deg, 0.30s 
AO iter 2 - EM: NLL=655.1302, 0.42s 
AO iter 2 - LBFGS: NLL=648.3871  mean_cds=1.027e-08  mean_casa=11.689 deg, 0.60s 
AO iter 3 - EM: NLL=643.8143, 0.72s 
AO iter 3 - LBFGS: NLL=640.7121  mean_cds=1.057e-08  mean_casa=12.841 deg, 0.87s 
mc_idx = 95/100, 耗时 147.24s 
AO iter 1 - EM: NLL=758.1815, 0.13s 
AO iter 1 - LBFGS: NLL=732.0802  mean_cds=1.115e-08  mean_casa=9.786 deg, 0.29s 
AO iter 2 - EM: NLL=711.4810, 0.42s 
AO iter 2 - LBFGS: NLL=706.1201  mean_cds=1.110e-08  mean_casa=9.801 deg, 0.58s 
AO iter 3 - EM: NLL=702.3662, 0.70s 
AO iter 3 - LBFGS: NLL=699.9752  mean_cds=1.108e-08  mean_casa=9.771 deg, 0.86s 
mc_idx = 96/100, 耗时 148.75s 
AO iter 1 - EM: NLL=885.5917, 0.13s 
AO iter 1 - LBFGS: NLL=836.6779  mean_cds=1.942e+13  mean_casa=2870.182 deg, 0.28s 
AO iter 2 - EM: NLL=775.4977, 0.40s 
AO iter 2 - LBFGS: NLL=771.0993  mean_cds=1.942e+13  mean_casa=2868.478 deg, 0.56s 
AO iter 3 - EM: NLL=763.5880, 0.69s 
AO iter 3 - LBFGS: NLL=760.4994  mean_cds=1.942e+13  mean_casa=2865.238 deg, 0.84s 
mc_idx = 97/100, 耗时 150.26s 
AO iter 1 - EM: NLL=705.0165, 0.12s 
AO iter 1 - LBFGS: NLL=679.8725  mean_cds=2.314e-08  mean_casa=12.812 deg, 0.28s 
AO iter 2 - EM: NLL=673.5745, 0.40s 
AO iter 2 - LBFGS: NLL=666.3554  mean_cds=2.592e-08  mean_casa=15.256 deg, 0.57s 
AO iter 3 - EM: NLL=627.6001, 0.69s 
AO iter 3 - LBFGS: NLL=617.7826  mean_cds=2.596e-08  mean_casa=14.974 deg, 0.86s 
mc_idx = 98/100, 耗时 151.77s 
AO iter 1 - EM: NLL=723.1755, 0.12s 
AO iter 1 - LBFGS: NLL=710.9195  mean_cds=1.077e-08  mean_casa=9.639 deg, 0.29s 
AO iter 2 - EM: NLL=693.8234, 0.41s 
AO iter 2 - LBFGS: NLL=682.2396  mean_cds=1.101e-08  mean_casa=9.529 deg, 0.56s 
AO iter 3 - EM: NLL=675.8505, 0.69s 
AO iter 3 - LBFGS: NLL=673.5792  mean_cds=1.092e-08  mean_casa=9.516 deg, 0.84s 
mc_idx = 99/100, 耗时 153.27s 
AO iter 1 - EM: NLL=725.8258, 0.12s 
AO iter 1 - LBFGS: NLL=693.4544  mean_cds=1.038e-08  mean_casa=9.757 deg, 0.29s 
AO iter 2 - EM: NLL=676.1286, 0.42s 
AO iter 2 - LBFGS: NLL=661.2182  mean_cds=9.996e-09  mean_casa=9.742 deg, 0.59s 
AO iter 3 - EM: NLL=655.5142, 0.72s 
AO iter 3 - LBFGS: NLL=652.0717  mean_cds=9.966e-09  mean_casa=9.873 deg, 0.88s 
mc_idx = 100/100, 耗时 154.80s 
Prior mismatch: axis 2, actual/assumed SD 0.5
开始MonteCarlo仿真...... 
AO iter 1 - EM: NLL=699.4150, 0.12s 
AO iter 1 - LBFGS: NLL=679.2284  mean_cds=1.015e-08  mean_casa=9.531 deg, 0.28s 
AO iter 2 - EM: NLL=664.9341, 0.41s 
AO iter 2 - LBFGS: NLL=661.2773  mean_cds=9.954e-09  mean_casa=9.664 deg, 0.58s 
AO iter 3 - EM: NLL=658.1863, 0.70s 
AO iter 3 - LBFGS: NLL=651.7760  mean_cds=9.747e-09  mean_casa=9.959 deg, 0.87s 
mc_idx = 1/100, 耗时 1.53s 
AO iter 1 - EM: NLL=605.4490, 0.12s 
AO iter 1 - LBFGS: NLL=590.2587  mean_cds=1.024e-08  mean_casa=9.703 deg, 0.29s 
AO iter 2 - EM: NLL=581.6611, 0.42s 
AO iter 2 - LBFGS: NLL=573.0938  mean_cds=9.759e-09  mean_casa=9.923 deg, 0.58s 
AO iter 3 - EM: NLL=571.2858, 0.71s 
AO iter 3 - LBFGS: NLL=568.0040  mean_cds=9.643e-09  mean_casa=9.947 deg, 0.87s 
mc_idx = 2/100, 耗时 3.06s 
AO iter 1 - EM: NLL=711.7956, 0.12s 
AO iter 1 - LBFGS: NLL=690.9338  mean_cds=1.008e-08  mean_casa=9.353 deg, 0.28s 
AO iter 2 - EM: NLL=678.5538, 0.41s 
AO iter 2 - LBFGS: NLL=667.8441  mean_cds=9.626e-09  mean_casa=9.220 deg, 0.56s 
AO iter 3 - EM: NLL=663.8756, 0.68s 
AO iter 3 - LBFGS: NLL=659.5128  mean_cds=9.307e-09  mean_casa=9.234 deg, 0.84s 
mc_idx = 3/100, 耗时 4.56s 
AO iter 1 - EM: NLL=692.6053, 0.12s 
AO iter 1 - LBFGS: NLL=671.2379  mean_cds=1.019e-08  mean_casa=9.786 deg, 0.29s 
AO iter 2 - EM: NLL=659.4291, 0.41s 
AO iter 2 - LBFGS: NLL=655.0130  mean_cds=9.823e-09  mean_casa=9.828 deg, 0.57s 
AO iter 3 - EM: NLL=652.6568, 0.69s 
AO iter 3 - LBFGS: NLL=649.4719  mean_cds=9.387e-09  mean_casa=9.827 deg, 0.84s 
mc_idx = 4/100, 耗时 6.06s 
AO iter 1 - EM: NLL=743.0335, 0.12s 
AO iter 1 - LBFGS: NLL=724.8215  mean_cds=1.687e-08  mean_casa=11.966 deg, 0.29s 
AO iter 2 - EM: NLL=723.4966, 0.41s 
AO iter 2 - LBFGS: NLL=705.6872  mean_cds=1.622e-08  mean_casa=16.347 deg, 0.57s 
AO iter 3 - EM: NLL=703.6246, 0.69s 
AO iter 3 - LBFGS: NLL=695.4662  mean_cds=1.737e-08  mean_casa=16.249 deg, 0.85s 
mc_idx = 5/100, 耗时 7.57s 
AO iter 1 - EM: NLL=701.4597, 0.12s 
AO iter 1 - LBFGS: NLL=681.6693  mean_cds=1.046e-08  mean_casa=9.455 deg, 0.28s 
AO iter 2 - EM: NLL=671.7244, 0.41s 
AO iter 2 - LBFGS: NLL=664.8929  mean_cds=1.036e-08  mean_casa=9.772 deg, 0.58s 
AO iter 3 - EM: NLL=662.3293, 0.71s 
AO iter 3 - LBFGS: NLL=661.2310  mean_cds=1.052e-08  mean_casa=9.805 deg, 0.87s 
mc_idx = 6/100, 耗时 9.10s 
AO iter 1 - EM: NLL=652.8568, 0.12s 
AO iter 1 - LBFGS: NLL=630.7987  mean_cds=1.022e-08  mean_casa=9.557 deg, 0.29s 
AO iter 2 - EM: NLL=617.4825, 0.41s 
AO iter 2 - LBFGS: NLL=613.6470  mean_cds=1.001e-08  mean_casa=9.599 deg, 0.57s 
AO iter 3 - EM: NLL=610.5845, 0.69s 
AO iter 3 - LBFGS: NLL=609.1234  mean_cds=9.909e-09  mean_casa=9.668 deg, 0.86s 
mc_idx = 7/100, 耗时 10.62s 
AO iter 1 - EM: NLL=627.0151, 0.12s 
AO iter 1 - LBFGS: NLL=604.4242  mean_cds=1.024e-08  mean_casa=9.161 deg, 0.29s 
AO iter 2 - EM: NLL=590.3955, 0.41s 
AO iter 2 - LBFGS: NLL=579.2721  mean_cds=9.207e-09  mean_casa=8.356 deg, 0.56s 
AO iter 3 - EM: NLL=577.5121, 0.69s 
AO iter 3 - LBFGS: NLL=575.5884  mean_cds=9.189e-09  mean_casa=8.376 deg, 0.85s 
mc_idx = 8/100, 耗时 12.12s 
AO iter 1 - EM: NLL=716.9031, 0.12s 
AO iter 1 - LBFGS: NLL=704.2359  mean_cds=1.054e-08  mean_casa=10.870 deg, 0.28s 
AO iter 2 - EM: NLL=688.1537, 0.41s 
AO iter 2 - LBFGS: NLL=673.5262  mean_cds=1.022e-08  mean_casa=10.129 deg, 0.56s 
AO iter 3 - EM: NLL=669.0431, 0.68s 
AO iter 3 - LBFGS: NLL=666.7156  mean_cds=1.010e-08  mean_casa=10.156 deg, 0.85s 
mc_idx = 9/100, 耗时 13.62s 
AO iter 1 - EM: NLL=641.9402, 0.12s 
AO iter 1 - LBFGS: NLL=631.4129  mean_cds=1.055e-08  mean_casa=9.764 deg, 0.28s 
AO iter 2 - EM: NLL=622.2448, 0.41s 
AO iter 2 - LBFGS: NLL=617.0042  mean_cds=1.015e-08  mean_casa=9.876 deg, 0.57s 
AO iter 3 - EM: NLL=615.3308, 0.69s 
AO iter 3 - LBFGS: NLL=613.7031  mean_cds=1.003e-08  mean_casa=9.819 deg, 0.85s 
mc_idx = 10/100, 耗时 15.13s 
AO iter 1 - EM: NLL=639.1162, 0.12s 
AO iter 1 - LBFGS: NLL=618.7414  mean_cds=1.008e-08  mean_casa=9.540 deg, 0.29s 
AO iter 2 - EM: NLL=610.2348, 0.41s 
AO iter 2 - LBFGS: NLL=602.9106  mean_cds=9.366e-09  mean_casa=9.492 deg, 0.56s 
AO iter 3 - EM: NLL=601.0127, 0.69s 
AO iter 3 - LBFGS: NLL=595.7923  mean_cds=8.886e-09  mean_casa=9.437 deg, 0.84s 
mc_idx = 11/100, 耗时 16.62s 
AO iter 1 - EM: NLL=658.7264, 0.13s 
AO iter 1 - LBFGS: NLL=644.4217  mean_cds=1.058e-08  mean_casa=9.507 deg, 0.29s 
AO iter 2 - EM: NLL=637.8770, 0.41s 
AO iter 2 - LBFGS: NLL=634.3715  mean_cds=1.048e-08  mean_casa=9.265 deg, 0.57s 
AO iter 3 - EM: NLL=630.9940, 0.69s 
AO iter 3 - LBFGS: NLL=626.6707  mean_cds=1.065e-08  mean_casa=9.236 deg, 0.85s 
mc_idx = 12/100, 耗时 18.12s 
AO iter 1 - EM: NLL=687.6377, 0.12s 
AO iter 1 - LBFGS: NLL=674.9093  mean_cds=9.977e-09  mean_casa=9.454 deg, 0.28s 
AO iter 2 - EM: NLL=660.9167, 0.41s 
AO iter 2 - LBFGS: NLL=656.6706  mean_cds=9.374e-09  mean_casa=9.240 deg, 0.56s 
AO iter 3 - EM: NLL=654.2414, 0.68s 
AO iter 3 - LBFGS: NLL=651.7511  mean_cds=8.782e-09  mean_casa=8.865 deg, 0.83s 
mc_idx = 13/100, 耗时 19.60s 
AO iter 1 - EM: NLL=663.8494, 0.12s 
AO iter 1 - LBFGS: NLL=638.6702  mean_cds=9.761e-09  mean_casa=9.282 deg, 0.28s 
AO iter 2 - EM: NLL=622.0780, 0.41s 
AO iter 2 - LBFGS: NLL=613.3854  mean_cds=8.562e-09  mean_casa=9.091 deg, 0.57s 
AO iter 3 - EM: NLL=610.2822, 0.70s 
AO iter 3 - LBFGS: NLL=605.6700  mean_cds=8.249e-09  mean_casa=8.964 deg, 0.85s 
mc_idx = 14/100, 耗时 21.10s 
AO iter 1 - EM: NLL=645.2076, 0.12s 
AO iter 1 - LBFGS: NLL=637.2058  mean_cds=1.018e-08  mean_casa=9.495 deg, 0.28s 
AO iter 2 - EM: NLL=632.9116, 0.41s 
AO iter 2 - LBFGS: NLL=625.8508  mean_cds=9.009e-09  mean_casa=9.182 deg, 0.56s 
AO iter 3 - EM: NLL=624.7813, 0.68s 
AO iter 3 - LBFGS: NLL=620.4093  mean_cds=9.245e-09  mean_casa=9.181 deg, 0.83s 
mc_idx = 15/100, 耗时 22.59s 
AO iter 1 - EM: NLL=666.7099, 0.12s 
AO iter 1 - LBFGS: NLL=652.8463  mean_cds=9.977e-09  mean_casa=9.636 deg, 0.29s 
AO iter 2 - EM: NLL=652.2834, 0.41s 
AO iter 2 - LBFGS: NLL=641.3800  mean_cds=9.632e-09  mean_casa=9.739 deg, 0.58s 
AO iter 3 - EM: NLL=635.6728, 0.71s 
AO iter 3 - LBFGS: NLL=633.2375  mean_cds=9.342e-09  mean_casa=9.813 deg, 0.86s 
mc_idx = 16/100, 耗时 24.11s 
AO iter 1 - EM: NLL=687.6073, 0.12s 
AO iter 1 - LBFGS: NLL=658.4318  mean_cds=1.014e-08  mean_casa=9.393 deg, 0.28s 
AO iter 2 - EM: NLL=644.4692, 0.41s 
AO iter 2 - LBFGS: NLL=632.0838  mean_cds=1.070e-08  mean_casa=9.176 deg, 0.56s 
AO iter 3 - EM: NLL=628.3268, 0.68s 
AO iter 3 - LBFGS: NLL=625.6261  mean_cds=1.051e-08  mean_casa=9.230 deg, 0.83s 
mc_idx = 17/100, 耗时 25.59s 
AO iter 1 - EM: NLL=704.4152, 0.12s 
AO iter 1 - LBFGS: NLL=693.9969  mean_cds=1.038e-08  mean_casa=9.505 deg, 0.29s 
AO iter 2 - EM: NLL=684.7970, 0.41s 
AO iter 2 - LBFGS: NLL=680.1372  mean_cds=9.921e-09  mean_casa=9.266 deg, 0.57s 
AO iter 3 - EM: NLL=679.1234, 0.69s 
AO iter 3 - LBFGS: NLL=677.8600  mean_cds=9.837e-09  mean_casa=9.046 deg, 0.85s 
mc_idx = 18/100, 耗时 27.10s 
AO iter 1 - EM: NLL=671.8481, 0.13s 
AO iter 1 - LBFGS: NLL=645.5506  mean_cds=1.030e-08  mean_casa=9.430 deg, 0.31s 
AO iter 2 - EM: NLL=632.9377, 0.43s 
AO iter 2 - LBFGS: NLL=621.2475  mean_cds=9.602e-09  mean_casa=9.810 deg, 0.58s 
AO iter 3 - EM: NLL=619.1588, 0.71s 
AO iter 3 - LBFGS: NLL=615.5567  mean_cds=9.655e-09  mean_casa=9.798 deg, 0.87s 
mc_idx = 19/100, 耗时 28.62s 
AO iter 1 - EM: NLL=638.6884, 0.12s 
AO iter 1 - LBFGS: NLL=623.6695  mean_cds=1.003e-08  mean_casa=9.721 deg, 0.28s 
AO iter 2 - EM: NLL=611.5325, 0.41s 
AO iter 2 - LBFGS: NLL=605.1562  mean_cds=9.438e-09  mean_casa=9.838 deg, 0.57s 
AO iter 3 - EM: NLL=603.1476, 0.69s 
AO iter 3 - LBFGS: NLL=595.8240  mean_cds=8.511e-09  mean_casa=11.214 deg, 0.84s 
mc_idx = 20/100, 耗时 30.12s 
AO iter 1 - EM: NLL=676.4855, 0.13s 
AO iter 1 - LBFGS: NLL=653.3472  mean_cds=1.019e-08  mean_casa=9.736 deg, 0.30s 
AO iter 2 - EM: NLL=637.9152, 0.42s 
AO iter 2 - LBFGS: NLL=632.5525  mean_cds=8.439e-09  mean_casa=10.960 deg, 0.58s 
AO iter 3 - EM: NLL=623.3729, 0.70s 
AO iter 3 - LBFGS: NLL=621.4411  mean_cds=8.366e-09  mean_casa=10.568 deg, 0.85s 
mc_idx = 21/100, 耗时 31.62s 
AO iter 1 - EM: NLL=638.2637, 0.12s 
AO iter 1 - LBFGS: NLL=623.8426  mean_cds=1.041e-08  mean_casa=9.830 deg, 0.29s 
AO iter 2 - EM: NLL=614.4078, 0.41s 
AO iter 2 - LBFGS: NLL=610.0653  mean_cds=1.010e-08  mean_casa=10.104 deg, 0.58s 
AO iter 3 - EM: NLL=607.7921, 0.70s 
AO iter 3 - LBFGS: NLL=605.8842  mean_cds=9.915e-09  mean_casa=10.390 deg, 0.85s 
mc_idx = 22/100, 耗时 33.12s 
AO iter 1 - EM: NLL=575.2765, 0.12s 
AO iter 1 - LBFGS: NLL=557.4527  mean_cds=9.877e-09  mean_casa=9.469 deg, 0.28s 
AO iter 2 - EM: NLL=549.4084, 0.40s 
AO iter 2 - LBFGS: NLL=544.0019  mean_cds=9.297e-09  mean_casa=9.671 deg, 0.56s 
AO iter 3 - EM: NLL=542.6701, 0.68s 
AO iter 3 - LBFGS: NLL=540.2877  mean_cds=8.825e-09  mean_casa=9.725 deg, 0.85s 
mc_idx = 23/100, 耗时 34.62s 
AO iter 1 - EM: NLL=608.0650, 0.12s 
AO iter 1 - LBFGS: NLL=592.7509  mean_cds=1.021e-08  mean_casa=9.266 deg, 0.28s 
AO iter 2 - EM: NLL=582.5046, 0.41s 
AO iter 2 - LBFGS: NLL=579.0351  mean_cds=8.655e-09  mean_casa=9.744 deg, 0.56s 
AO iter 3 - EM: NLL=573.8642, 0.68s 
AO iter 3 - LBFGS: NLL=570.3027  mean_cds=8.796e-09  mean_casa=9.592 deg, 0.84s 
mc_idx = 24/100, 耗时 36.11s 
AO iter 1 - EM: NLL=609.7490, 0.12s 
AO iter 1 - LBFGS: NLL=588.5996  mean_cds=1.016e-08  mean_casa=9.483 deg, 0.29s 
AO iter 2 - EM: NLL=571.7317, 0.42s 
AO iter 2 - LBFGS: NLL=568.6034  mean_cds=9.793e-09  mean_casa=9.410 deg, 0.58s 
AO iter 3 - EM: NLL=567.8423, 0.70s 
AO iter 3 - LBFGS: NLL=566.9501  mean_cds=9.652e-09  mean_casa=9.296 deg, 0.85s 
mc_idx = 25/100, 耗时 37.61s 
AO iter 1 - EM: NLL=640.5254, 0.12s 
AO iter 1 - LBFGS: NLL=621.4617  mean_cds=9.995e-09  mean_casa=9.362 deg, 0.28s 
AO iter 2 - EM: NLL=607.5665, 0.40s 
AO iter 2 - LBFGS: NLL=598.3375  mean_cds=9.653e-09  mean_casa=9.596 deg, 0.57s 
AO iter 3 - EM: NLL=593.4541, 0.69s 
AO iter 3 - LBFGS: NLL=589.0665  mean_cds=9.287e-09  mean_casa=9.577 deg, 0.84s 
mc_idx = 26/100, 耗时 39.12s 
AO iter 1 - EM: NLL=658.9607, 0.12s 
AO iter 1 - LBFGS: NLL=644.1495  mean_cds=1.026e-08  mean_casa=9.747 deg, 0.30s 
AO iter 2 - EM: NLL=634.7157, 0.42s 
AO iter 2 - LBFGS: NLL=631.3900  mean_cds=9.955e-09  mean_casa=9.927 deg, 0.57s 
AO iter 3 - EM: NLL=628.4970, 0.70s 
AO iter 3 - LBFGS: NLL=627.7406  mean_cds=9.912e-09  mean_casa=9.944 deg, 0.85s 
mc_idx = 27/100, 耗时 40.62s 
AO iter 1 - EM: NLL=675.1553, 0.13s 
AO iter 1 - LBFGS: NLL=665.7643  mean_cds=1.071e-08  mean_casa=9.871 deg, 0.29s 
AO iter 2 - EM: NLL=657.6916, 0.41s 
AO iter 2 - LBFGS: NLL=651.1927  mean_cds=1.066e-08  mean_casa=10.287 deg, 0.57s 
AO iter 3 - EM: NLL=647.3690, 0.69s 
AO iter 3 - LBFGS: NLL=645.3919  mean_cds=1.073e-08  mean_casa=10.580 deg, 0.84s 
mc_idx = 28/100, 耗时 42.12s 
AO iter 1 - EM: NLL=639.9461, 0.12s 
AO iter 1 - LBFGS: NLL=620.7596  mean_cds=1.062e-08  mean_casa=9.676 deg, 0.30s 
AO iter 2 - EM: NLL=605.8464, 0.42s 
AO iter 2 - LBFGS: NLL=599.8573  mean_cds=1.020e-08  mean_casa=9.527 deg, 0.57s 
AO iter 3 - EM: NLL=596.8077, 0.69s 
AO iter 3 - LBFGS: NLL=595.3315  mean_cds=9.975e-09  mean_casa=9.603 deg, 0.87s 
mc_idx = 29/100, 耗时 43.63s 
AO iter 1 - EM: NLL=661.0048, 0.12s 
AO iter 1 - LBFGS: NLL=646.5620  mean_cds=1.039e-08  mean_casa=9.740 deg, 0.28s 
AO iter 2 - EM: NLL=633.7683, 0.41s 
AO iter 2 - LBFGS: NLL=624.5728  mean_cds=9.357e-09  mean_casa=10.469 deg, 0.56s 
AO iter 3 - EM: NLL=620.6331, 0.68s 
AO iter 3 - LBFGS: NLL=618.3112  mean_cds=9.259e-09  mean_casa=10.089 deg, 0.83s 
mc_idx = 30/100, 耗时 45.11s 
AO iter 1 - EM: NLL=646.9340, 0.12s 
AO iter 1 - LBFGS: NLL=636.0716  mean_cds=1.048e-08  mean_casa=9.441 deg, 0.28s 
AO iter 2 - EM: NLL=629.5987, 0.41s 
AO iter 2 - LBFGS: NLL=622.4144  mean_cds=9.268e-09  mean_casa=8.790 deg, 0.57s 
AO iter 3 - EM: NLL=619.6006, 0.69s 
AO iter 3 - LBFGS: NLL=618.3606  mean_cds=9.375e-09  mean_casa=8.877 deg, 0.85s 
mc_idx = 31/100, 耗时 46.61s 
AO iter 1 - EM: NLL=595.8307, 0.12s 
AO iter 1 - LBFGS: NLL=584.6696  mean_cds=1.041e-08  mean_casa=9.320 deg, 0.28s 
AO iter 2 - EM: NLL=577.8067, 0.41s 
AO iter 2 - LBFGS: NLL=572.9171  mean_cds=1.004e-08  mean_casa=9.042 deg, 0.55s 
AO iter 3 - EM: NLL=570.8949, 0.68s 
AO iter 3 - LBFGS: NLL=569.0818  mean_cds=9.934e-09  mean_casa=8.785 deg, 0.83s 
mc_idx = 32/100, 耗时 48.10s 
AO iter 1 - EM: NLL=671.1396, 0.12s 
AO iter 1 - LBFGS: NLL=658.0105  mean_cds=1.054e-08  mean_casa=9.646 deg, 0.28s 
AO iter 2 - EM: NLL=646.6986, 0.40s 
AO iter 2 - LBFGS: NLL=643.2615  mean_cds=1.027e-08  mean_casa=9.767 deg, 0.56s 
AO iter 3 - EM: NLL=641.5587, 0.68s 
AO iter 3 - LBFGS: NLL=639.6127  mean_cds=1.023e-08  mean_casa=10.035 deg, 0.83s 
mc_idx = 33/100, 耗时 49.57s 
AO iter 1 - EM: NLL=710.4587, 0.12s 
AO iter 1 - LBFGS: NLL=700.8506  mean_cds=1.079e-08  mean_casa=9.659 deg, 0.28s 
AO iter 2 - EM: NLL=695.4829, 0.40s 
AO iter 2 - LBFGS: NLL=691.4811  mean_cds=1.054e-08  mean_casa=9.787 deg, 0.56s 
AO iter 3 - EM: NLL=689.8238, 0.69s 
AO iter 3 - LBFGS: NLL=688.0942  mean_cds=1.046e-08  mean_casa=9.782 deg, 0.84s 
mc_idx = 34/100, 耗时 51.07s 
AO iter 1 - EM: NLL=719.2701, 0.12s 
AO iter 1 - LBFGS: NLL=701.2280  mean_cds=9.796e-09  mean_casa=9.291 deg, 0.28s 
AO iter 2 - EM: NLL=683.9091, 0.40s 
AO iter 2 - LBFGS: NLL=678.4382  mean_cds=9.427e-09  mean_casa=9.271 deg, 0.55s 
AO iter 3 - EM: NLL=676.7990, 0.68s 
AO iter 3 - LBFGS: NLL=673.0123  mean_cds=9.043e-09  mean_casa=9.596 deg, 0.84s 
mc_idx = 35/100, 耗时 52.57s 
AO iter 1 - EM: NLL=607.3041, 0.12s 
AO iter 1 - LBFGS: NLL=582.2142  mean_cds=9.227e-09  mean_casa=9.212 deg, 0.28s 
AO iter 2 - EM: NLL=564.7845, 0.40s 
AO iter 2 - LBFGS: NLL=557.1206  mean_cds=8.627e-09  mean_casa=9.810 deg, 0.56s 
AO iter 3 - EM: NLL=554.9490, 0.68s 
AO iter 3 - LBFGS: NLL=552.4567  mean_cds=8.317e-09  mean_casa=10.120 deg, 0.84s 
mc_idx = 36/100, 耗时 54.06s 
AO iter 1 - EM: NLL=696.8692, 0.12s 
AO iter 1 - LBFGS: NLL=685.9435  mean_cds=1.042e-08  mean_casa=9.752 deg, 0.29s 
AO iter 2 - EM: NLL=678.9427, 0.41s 
AO iter 2 - LBFGS: NLL=676.0978  mean_cds=9.814e-09  mean_casa=9.848 deg, 0.58s 
AO iter 3 - EM: NLL=674.2680, 0.71s 
AO iter 3 - LBFGS: NLL=670.8420  mean_cds=8.986e-09  mean_casa=9.944 deg, 0.87s 
mc_idx = 37/100, 耗时 55.58s 
AO iter 1 - EM: NLL=643.2364, 0.12s 
AO iter 1 - LBFGS: NLL=626.1178  mean_cds=1.019e-08  mean_casa=9.514 deg, 0.30s 
AO iter 2 - EM: NLL=613.5934, 0.42s 
AO iter 2 - LBFGS: NLL=606.2608  mean_cds=9.096e-09  mean_casa=9.470 deg, 0.57s 
AO iter 3 - EM: NLL=603.3368, 0.70s 
AO iter 3 - LBFGS: NLL=602.0556  mean_cds=8.834e-09  mean_casa=9.384 deg, 0.85s 
mc_idx = 38/100, 耗时 57.09s 
AO iter 1 - EM: NLL=666.3875, 0.13s 
AO iter 1 - LBFGS: NLL=644.2797  mean_cds=1.002e-08  mean_casa=9.629 deg, 0.31s 
AO iter 2 - EM: NLL=634.0035, 0.43s 
AO iter 2 - LBFGS: NLL=624.5541  mean_cds=8.878e-09  mean_casa=9.553 deg, 0.58s 
AO iter 3 - EM: NLL=618.1401, 0.71s 
AO iter 3 - LBFGS: NLL=615.8328  mean_cds=8.770e-09  mean_casa=9.711 deg, 0.87s 
mc_idx = 39/100, 耗时 58.61s 
AO iter 1 - EM: NLL=688.7761, 0.12s 
AO iter 1 - LBFGS: NLL=672.4878  mean_cds=9.959e-09  mean_casa=9.856 deg, 0.28s 
AO iter 2 - EM: NLL=658.1717, 0.41s 
AO iter 2 - LBFGS: NLL=654.3615  mean_cds=9.646e-09  mean_casa=9.987 deg, 0.57s 
AO iter 3 - EM: NLL=652.0441, 0.69s 
AO iter 3 - LBFGS: NLL=646.6090  mean_cds=9.000e-09  mean_casa=10.354 deg, 0.85s 
mc_idx = 40/100, 耗时 60.10s 
AO iter 1 - EM: NLL=643.7072, 0.12s 
AO iter 1 - LBFGS: NLL=627.9862  mean_cds=1.025e-08  mean_casa=9.520 deg, 0.28s 
AO iter 2 - EM: NLL=622.2995, 0.41s 
AO iter 2 - LBFGS: NLL=617.5277  mean_cds=1.000e-08  mean_casa=9.443 deg, 0.57s 
AO iter 3 - EM: NLL=616.2682, 0.69s 
AO iter 3 - LBFGS: NLL=615.1691  mean_cds=9.870e-09  mean_casa=9.497 deg, 0.85s 
mc_idx = 41/100, 耗时 61.60s 
AO iter 1 - EM: NLL=650.8297, 0.12s 
AO iter 1 - LBFGS: NLL=629.4631  mean_cds=1.022e-08  mean_casa=9.615 deg, 0.29s 
AO iter 2 - EM: NLL=620.1174, 0.41s 
AO iter 2 - LBFGS: NLL=612.0671  mean_cds=9.086e-09  mean_casa=9.173 deg, 0.56s 
AO iter 3 - EM: NLL=607.9093, 0.68s 
AO iter 3 - LBFGS: NLL=605.8224  mean_cds=8.972e-09  mean_casa=9.225 deg, 0.84s 
mc_idx = 42/100, 耗时 63.09s 
AO iter 1 - EM: NLL=667.3062, 0.12s 
AO iter 1 - LBFGS: NLL=644.2944  mean_cds=9.581e-09  mean_casa=9.750 deg, 0.28s 
AO iter 2 - EM: NLL=627.1883, 0.40s 
AO iter 2 - LBFGS: NLL=623.0833  mean_cds=9.233e-09  mean_casa=9.768 deg, 0.56s 
AO iter 3 - EM: NLL=620.9528, 0.68s 
AO iter 3 - LBFGS: NLL=617.8101  mean_cds=8.502e-09  mean_casa=9.774 deg, 0.83s 
mc_idx = 43/100, 耗时 64.57s 
AO iter 1 - EM: NLL=662.5942, 0.12s 
AO iter 1 - LBFGS: NLL=644.5195  mean_cds=9.992e-09  mean_casa=9.738 deg, 0.29s 
AO iter 2 - EM: NLL=633.4860, 0.41s 
AO iter 2 - LBFGS: NLL=628.8784  mean_cds=9.757e-09  mean_casa=9.997 deg, 0.58s 
AO iter 3 - EM: NLL=626.0729, 0.70s 
AO iter 3 - LBFGS: NLL=621.9453  mean_cds=1.022e-08  mean_casa=10.887 deg, 0.85s 
mc_idx = 44/100, 耗时 66.07s 
AO iter 1 - EM: NLL=653.4943, 0.12s 
AO iter 1 - LBFGS: NLL=628.0799  mean_cds=9.893e-09  mean_casa=9.208 deg, 0.28s 
AO iter 2 - EM: NLL=609.1330, 0.41s 
AO iter 2 - LBFGS: NLL=600.4679  mean_cds=9.178e-09  mean_casa=9.008 deg, 0.57s 
AO iter 3 - EM: NLL=598.3370, 0.69s 
AO iter 3 - LBFGS: NLL=593.8122  mean_cds=8.673e-09  mean_casa=9.054 deg, 0.84s 
mc_idx = 45/100, 耗时 67.56s 
AO iter 1 - EM: NLL=738.0926, 0.12s 
AO iter 1 - LBFGS: NLL=726.7931  mean_cds=1.042e-08  mean_casa=9.708 deg, 0.28s 
AO iter 2 - EM: NLL=712.1889, 0.41s 
AO iter 2 - LBFGS: NLL=700.0987  mean_cds=9.733e-09  mean_casa=9.450 deg, 0.57s 
AO iter 3 - EM: NLL=694.0066, 0.69s 
AO iter 3 - LBFGS: NLL=691.8700  mean_cds=9.643e-09  mean_casa=9.422 deg, 0.84s 
mc_idx = 46/100, 耗时 69.05s 
AO iter 1 - EM: NLL=686.2455, 0.12s 
AO iter 1 - LBFGS: NLL=670.7473  mean_cds=1.002e-08  mean_casa=9.387 deg, 0.31s 
AO iter 2 - EM: NLL=669.8460, 0.43s 
AO iter 2 - LBFGS: NLL=653.3474  mean_cds=9.854e-09  mean_casa=9.021 deg, 0.59s 
AO iter 3 - EM: NLL=646.7907, 0.71s 
AO iter 3 - LBFGS: NLL=644.1962  mean_cds=9.716e-09  mean_casa=8.930 deg, 0.87s 
mc_idx = 47/100, 耗时 70.58s 
AO iter 1 - EM: NLL=590.9045, 0.12s 
AO iter 1 - LBFGS: NLL=578.0616  mean_cds=9.257e-09  mean_casa=9.456 deg, 0.29s 
AO iter 2 - EM: NLL=559.4749, 0.42s 
AO iter 2 - LBFGS: NLL=556.0025  mean_cds=8.857e-09  mean_casa=9.383 deg, 0.57s 
AO iter 3 - EM: NLL=553.9487, 0.69s 
AO iter 3 - LBFGS: NLL=549.0099  mean_cds=8.005e-09  mean_casa=8.398 deg, 0.84s 
mc_idx = 48/100, 耗时 72.08s 
AO iter 1 - EM: NLL=631.8918, 0.13s 
AO iter 1 - LBFGS: NLL=614.0054  mean_cds=1.047e-08  mean_casa=9.471 deg, 0.29s 
AO iter 2 - EM: NLL=601.0465, 0.41s 
AO iter 2 - LBFGS: NLL=593.6974  mean_cds=1.005e-08  mean_casa=9.146 deg, 0.56s 
AO iter 3 - EM: NLL=591.8390, 0.69s 
AO iter 3 - LBFGS: NLL=590.0255  mean_cds=9.809e-09  mean_casa=9.011 deg, 0.84s 
mc_idx = 49/100, 耗时 73.57s 
AO iter 1 - EM: NLL=668.5315, 0.13s 
AO iter 1 - LBFGS: NLL=651.8259  mean_cds=1.036e-08  mean_casa=9.627 deg, 0.31s 
AO iter 2 - EM: NLL=640.5454, 0.43s 
AO iter 2 - LBFGS: NLL=633.5040  mean_cds=9.738e-09  mean_casa=10.204 deg, 0.59s 
AO iter 3 - EM: NLL=630.8740, 0.71s 
AO iter 3 - LBFGS: NLL=626.7429  mean_cds=9.237e-09  mean_casa=11.176 deg, 0.86s 
mc_idx = 50/100, 耗时 75.08s 
AO iter 1 - EM: NLL=665.2968, 0.12s 
AO iter 1 - LBFGS: NLL=641.9063  mean_cds=1.014e-08  mean_casa=9.488 deg, 0.29s 
AO iter 2 - EM: NLL=635.5333, 0.42s 
AO iter 2 - LBFGS: NLL=625.1612  mean_cds=9.263e-09  mean_casa=9.499 deg, 0.57s 
AO iter 3 - EM: NLL=622.7802, 0.69s 
AO iter 3 - LBFGS: NLL=619.2216  mean_cds=8.829e-09  mean_casa=9.352 deg, 0.84s 
mc_idx = 51/100, 耗时 76.57s 
AO iter 1 - EM: NLL=745.6983, 0.12s 
AO iter 1 - LBFGS: NLL=717.6809  mean_cds=1.045e-08  mean_casa=9.501 deg, 0.29s 
AO iter 2 - EM: NLL=698.0621, 0.41s 
AO iter 2 - LBFGS: NLL=692.2914  mean_cds=1.006e-08  mean_casa=9.168 deg, 0.57s 
AO iter 3 - EM: NLL=688.5501, 0.70s 
AO iter 3 - LBFGS: NLL=686.2688  mean_cds=9.759e-09  mean_casa=9.012 deg, 0.86s 
mc_idx = 52/100, 耗时 78.09s 
AO iter 1 - EM: NLL=606.5364, 0.13s 
AO iter 1 - LBFGS: NLL=591.6167  mean_cds=1.033e-08  mean_casa=9.543 deg, 0.30s 
AO iter 2 - EM: NLL=585.9821, 0.43s 
AO iter 2 - LBFGS: NLL=578.7147  mean_cds=9.798e-09  mean_casa=9.376 deg, 0.59s 
AO iter 3 - EM: NLL=576.3891, 0.71s 
AO iter 3 - LBFGS: NLL=571.0982  mean_cds=9.214e-09  mean_casa=9.011 deg, 0.88s 
mc_idx = 53/100, 耗时 79.62s 
AO iter 1 - EM: NLL=622.9610, 0.12s 
AO iter 1 - LBFGS: NLL=606.4521  mean_cds=1.004e-08  mean_casa=9.758 deg, 0.28s 
AO iter 2 - EM: NLL=597.8040, 0.41s 
AO iter 2 - LBFGS: NLL=589.9146  mean_cds=9.196e-09  mean_casa=9.929 deg, 0.57s 
AO iter 3 - EM: NLL=588.4040, 0.70s 
AO iter 3 - LBFGS: NLL=585.1498  mean_cds=8.737e-09  mean_casa=9.873 deg, 0.87s 
mc_idx = 54/100, 耗时 81.15s 
AO iter 1 - EM: NLL=664.4850, 0.12s 
AO iter 1 - LBFGS: NLL=644.9137  mean_cds=1.050e-08  mean_casa=9.217 deg, 0.29s 
AO iter 2 - EM: NLL=635.7149, 0.41s 
AO iter 2 - LBFGS: NLL=629.4848  mean_cds=1.039e-08  mean_casa=9.256 deg, 0.56s 
AO iter 3 - EM: NLL=627.6173, 0.69s 
AO iter 3 - LBFGS: NLL=622.9256  mean_cds=1.167e-08  mean_casa=10.642 deg, 0.83s 
mc_idx = 55/100, 耗时 82.63s 
AO iter 1 - EM: NLL=696.2946, 0.12s 
AO iter 1 - LBFGS: NLL=677.9545  mean_cds=1.029e-08  mean_casa=9.412 deg, 0.28s 
AO iter 2 - EM: NLL=668.7155, 0.41s 
AO iter 2 - LBFGS: NLL=661.8697  mean_cds=1.012e-08  mean_casa=9.611 deg, 0.56s 
AO iter 3 - EM: NLL=658.4906, 0.68s 
AO iter 3 - LBFGS: NLL=653.9324  mean_cds=1.016e-08  mean_casa=9.646 deg, 0.85s 
mc_idx = 56/100, 耗时 84.13s 
AO iter 1 - EM: NLL=673.2524, 0.12s 
AO iter 1 - LBFGS: NLL=665.7988  mean_cds=1.074e-08  mean_casa=9.696 deg, 0.28s 
AO iter 2 - EM: NLL=657.7028, 0.41s 
AO iter 2 - LBFGS: NLL=652.7924  mean_cds=1.018e-08  mean_casa=9.250 deg, 0.56s 
AO iter 3 - EM: NLL=651.4596, 0.68s 
AO iter 3 - LBFGS: NLL=649.8437  mean_cds=1.012e-08  mean_casa=8.999 deg, 0.84s 
mc_idx = 57/100, 耗时 85.63s 
AO iter 1 - EM: NLL=692.5077, 0.12s 
AO iter 1 - LBFGS: NLL=676.0088  mean_cds=1.045e-08  mean_casa=9.563 deg, 0.30s 
AO iter 2 - EM: NLL=669.7213, 0.42s 
AO iter 2 - LBFGS: NLL=664.9453  mean_cds=1.008e-08  mean_casa=9.591 deg, 0.59s 
AO iter 3 - EM: NLL=663.6054, 0.71s 
AO iter 3 - LBFGS: NLL=660.2126  mean_cds=9.786e-09  mean_casa=9.891 deg, 0.85s 
mc_idx = 58/100, 耗时 87.14s 
AO iter 1 - EM: NLL=613.6159, 0.13s 
AO iter 1 - LBFGS: NLL=594.1411  mean_cds=1.021e-08  mean_casa=8.796 deg, 0.28s 
AO iter 2 - EM: NLL=573.7610, 0.41s 
AO iter 2 - LBFGS: NLL=564.5555  mean_cds=1.059e-08  mean_casa=8.792 deg, 0.57s 
AO iter 3 - EM: NLL=560.0582, 0.69s 
AO iter 3 - LBFGS: NLL=557.1730  mean_cds=1.124e-08  mean_casa=8.812 deg, 0.84s 
mc_idx = 59/100, 耗时 88.64s 
AO iter 1 - EM: NLL=671.5535, 0.12s 
AO iter 1 - LBFGS: NLL=659.3522  mean_cds=1.077e-08  mean_casa=9.661 deg, 0.28s 
AO iter 2 - EM: NLL=652.9941, 0.41s 
AO iter 2 - LBFGS: NLL=642.8812  mean_cds=1.136e-08  mean_casa=9.836 deg, 0.56s 
AO iter 3 - EM: NLL=641.5174, 0.68s 
AO iter 3 - LBFGS: NLL=639.8358  mean_cds=1.143e-08  mean_casa=9.866 deg, 0.84s 
mc_idx = 60/100, 耗时 90.13s 
AO iter 1 - EM: NLL=629.4849, 0.12s 
AO iter 1 - LBFGS: NLL=614.0103  mean_cds=1.023e-08  mean_casa=9.940 deg, 0.29s 
AO iter 2 - EM: NLL=600.7842, 0.41s 
AO iter 2 - LBFGS: NLL=597.8033  mean_cds=9.881e-09  mean_casa=10.128 deg, 0.56s 
AO iter 3 - EM: NLL=594.8133, 0.68s 
AO iter 3 - LBFGS: NLL=592.8325  mean_cds=9.786e-09  mean_casa=10.276 deg, 0.84s 
mc_idx = 61/100, 耗时 91.63s 
AO iter 1 - EM: NLL=677.0727, 0.12s 
AO iter 1 - LBFGS: NLL=660.2846  mean_cds=1.043e-08  mean_casa=9.475 deg, 0.28s 
AO iter 2 - EM: NLL=649.5042, 0.41s 
AO iter 2 - LBFGS: NLL=646.6173  mean_cds=1.030e-08  mean_casa=9.318 deg, 0.57s 
AO iter 3 - EM: NLL=645.7592, 0.70s 
AO iter 3 - LBFGS: NLL=644.2021  mean_cds=1.017e-08  mean_casa=9.264 deg, 0.85s 
mc_idx = 62/100, 耗时 93.12s 
AO iter 1 - EM: NLL=639.0032, 0.12s 
AO iter 1 - LBFGS: NLL=617.6630  mean_cds=9.375e-09  mean_casa=9.184 deg, 0.30s 
AO iter 2 - EM: NLL=610.7744, 0.43s 
AO iter 2 - LBFGS: NLL=606.1982  mean_cds=8.800e-09  mean_casa=9.124 deg, 0.58s 
AO iter 3 - EM: NLL=604.7343, 0.70s 
AO iter 3 - LBFGS: NLL=598.9257  mean_cds=8.059e-09  mean_casa=9.007 deg, 0.87s 
mc_idx = 63/100, 耗时 94.64s 
AO iter 1 - EM: NLL=682.5388, 0.12s 
AO iter 1 - LBFGS: NLL=667.0226  mean_cds=1.048e-08  mean_casa=9.657 deg, 0.28s 
AO iter 2 - EM: NLL=653.2780, 0.40s 
AO iter 2 - LBFGS: NLL=647.9336  mean_cds=1.028e-08  mean_casa=9.809 deg, 0.56s 
AO iter 3 - EM: NLL=645.7699, 0.68s 
AO iter 3 - LBFGS: NLL=643.5063  mean_cds=1.024e-08  mean_casa=9.739 deg, 0.83s 
mc_idx = 64/100, 耗时 96.11s 
AO iter 1 - EM: NLL=617.7571, 0.12s 
AO iter 1 - LBFGS: NLL=602.7710  mean_cds=1.053e-08  mean_casa=9.364 deg, 0.28s 
AO iter 2 - EM: NLL=591.8792, 0.40s 
AO iter 2 - LBFGS: NLL=586.4505  mean_cds=1.092e-08  mean_casa=9.427 deg, 0.56s 
AO iter 3 - EM: NLL=584.9099, 0.68s 
AO iter 3 - LBFGS: NLL=583.8296  mean_cds=1.096e-08  mean_casa=9.392 deg, 0.83s 
mc_idx = 65/100, 耗时 97.59s 
AO iter 1 - EM: NLL=598.5973, 0.12s 
AO iter 1 - LBFGS: NLL=583.8361  mean_cds=9.998e-09  mean_casa=9.655 deg, 0.28s 
AO iter 2 - EM: NLL=576.4610, 0.41s 
AO iter 2 - LBFGS: NLL=571.6140  mean_cds=9.518e-09  mean_casa=9.849 deg, 0.55s 
AO iter 3 - EM: NLL=570.2119, 0.67s 
AO iter 3 - LBFGS: NLL=568.2215  mean_cds=9.266e-09  mean_casa=9.872 deg, 0.82s 
mc_idx = 66/100, 耗时 99.06s 
AO iter 1 - EM: NLL=643.2126, 0.12s 
AO iter 1 - LBFGS: NLL=628.3860  mean_cds=1.069e-08  mean_casa=9.366 deg, 0.28s 
AO iter 2 - EM: NLL=616.8159, 0.41s 
AO iter 2 - LBFGS: NLL=606.5770  mean_cds=1.112e-08  mean_casa=10.678 deg, 0.56s 
AO iter 3 - EM: NLL=603.2053, 0.68s 
AO iter 3 - LBFGS: NLL=600.4178  mean_cds=1.084e-08  mean_casa=10.610 deg, 0.84s 
mc_idx = 67/100, 耗时 100.55s 
AO iter 1 - EM: NLL=649.1299, 0.12s 
AO iter 1 - LBFGS: NLL=641.6552  mean_cds=1.039e-08  mean_casa=9.632 deg, 0.29s 
AO iter 2 - EM: NLL=635.1777, 0.41s 
AO iter 2 - LBFGS: NLL=632.5894  mean_cds=1.004e-08  mean_casa=9.635 deg, 0.56s 
AO iter 3 - EM: NLL=630.4226, 0.69s 
AO iter 3 - LBFGS: NLL=627.3564  mean_cds=9.641e-09  mean_casa=9.817 deg, 0.85s 
mc_idx = 68/100, 耗时 102.04s 
AO iter 1 - EM: NLL=682.8152, 0.12s 
AO iter 1 - LBFGS: NLL=665.0694  mean_cds=9.902e-09  mean_casa=9.199 deg, 0.29s 
AO iter 2 - EM: NLL=653.1824, 0.41s 
AO iter 2 - LBFGS: NLL=649.9191  mean_cds=9.400e-09  mean_casa=9.028 deg, 0.56s 
AO iter 3 - EM: NLL=648.3794, 0.69s 
AO iter 3 - LBFGS: NLL=645.9547  mean_cds=8.800e-09  mean_casa=8.875 deg, 0.84s 
mc_idx = 69/100, 耗时 103.54s 
AO iter 1 - EM: NLL=674.3475, 0.12s 
AO iter 1 - LBFGS: NLL=651.1474  mean_cds=9.915e-09  mean_casa=9.420 deg, 0.28s 
AO iter 2 - EM: NLL=632.0105, 0.41s 
AO iter 2 - LBFGS: NLL=620.4831  mean_cds=8.096e-09  mean_casa=8.680 deg, 0.56s 
AO iter 3 - EM: NLL=613.9609, 0.68s 
AO iter 3 - LBFGS: NLL=611.8709  mean_cds=8.146e-09  mean_casa=8.572 deg, 0.85s 
mc_idx = 70/100, 耗时 105.04s 
AO iter 1 - EM: NLL=589.8828, 0.12s 
AO iter 1 - LBFGS: NLL=578.1643  mean_cds=1.052e-08  mean_casa=9.208 deg, 0.29s 
AO iter 2 - EM: NLL=561.5556, 0.42s 
AO iter 2 - LBFGS: NLL=558.7442  mean_cds=1.041e-08  mean_casa=9.018 deg, 0.58s 
AO iter 3 - EM: NLL=557.3462, 0.71s 
AO iter 3 - LBFGS: NLL=555.3990  mean_cds=1.029e-08  mean_casa=8.713 deg, 0.87s 
mc_idx = 71/100, 耗时 106.56s 
AO iter 1 - EM: NLL=638.9227, 0.12s 
AO iter 1 - LBFGS: NLL=621.0703  mean_cds=1.035e-08  mean_casa=9.478 deg, 0.28s 
AO iter 2 - EM: NLL=611.1351, 0.40s 
AO iter 2 - LBFGS: NLL=605.1590  mean_cds=9.831e-09  mean_casa=8.681 deg, 0.55s 
AO iter 3 - EM: NLL=602.3017, 0.68s 
AO iter 3 - LBFGS: NLL=600.6513  mean_cds=9.738e-09  mean_casa=8.440 deg, 0.83s 
mc_idx = 72/100, 耗时 108.03s 
AO iter 1 - EM: NLL=662.3882, 0.12s 
AO iter 1 - LBFGS: NLL=646.1630  mean_cds=9.885e-09  mean_casa=9.315 deg, 0.27s 
AO iter 2 - EM: NLL=636.5257, 0.40s 
AO iter 2 - LBFGS: NLL=630.2251  mean_cds=9.703e-09  mean_casa=9.692 deg, 0.56s 
AO iter 3 - EM: NLL=625.6145, 0.68s 
AO iter 3 - LBFGS: NLL=623.4762  mean_cds=9.585e-09  mean_casa=9.722 deg, 0.84s 
mc_idx = 73/100, 耗时 109.53s 
AO iter 1 - EM: NLL=631.8541, 0.12s 
AO iter 1 - LBFGS: NLL=613.3418  mean_cds=9.645e-09  mean_casa=9.116 deg, 0.28s 
AO iter 2 - EM: NLL=604.6746, 0.40s 
AO iter 2 - LBFGS: NLL=598.0918  mean_cds=9.155e-09  mean_casa=9.153 deg, 0.56s 
AO iter 3 - EM: NLL=594.0134, 0.68s 
AO iter 3 - LBFGS: NLL=589.7775  mean_cds=8.832e-09  mean_casa=9.163 deg, 0.83s 
mc_idx = 74/100, 耗时 111.01s 
AO iter 1 - EM: NLL=658.8261, 0.12s 
AO iter 1 - LBFGS: NLL=637.6201  mean_cds=1.010e-08  mean_casa=9.352 deg, 0.30s 
AO iter 2 - EM: NLL=626.9011, 0.42s 
AO iter 2 - LBFGS: NLL=619.2575  mean_cds=9.236e-09  mean_casa=9.211 deg, 0.57s 
AO iter 3 - EM: NLL=617.2062, 0.70s 
AO iter 3 - LBFGS: NLL=614.3175  mean_cds=9.031e-09  mean_casa=9.104 deg, 0.86s 
mc_idx = 75/100, 耗时 112.53s 
AO iter 1 - EM: NLL=678.4168, 0.13s 
AO iter 1 - LBFGS: NLL=670.9628  mean_cds=1.058e-08  mean_casa=9.900 deg, 0.29s 
AO iter 2 - EM: NLL=666.2514, 0.42s 
AO iter 2 - LBFGS: NLL=662.0196  mean_cds=1.018e-08  mean_casa=10.206 deg, 0.59s 
AO iter 3 - EM: NLL=660.3528, 0.72s 
AO iter 3 - LBFGS: NLL=658.0406  mean_cds=9.882e-09  mean_casa=10.385 deg, 0.88s 
mc_idx = 76/100, 耗时 114.07s 
AO iter 1 - EM: NLL=659.9230, 0.12s 
AO iter 1 - LBFGS: NLL=648.2206  mean_cds=1.014e-08  mean_casa=9.482 deg, 0.30s 
AO iter 2 - EM: NLL=630.2826, 0.43s 
AO iter 2 - LBFGS: NLL=626.5088  mean_cds=9.657e-09  mean_casa=9.403 deg, 0.58s 
AO iter 3 - EM: NLL=624.8089, 0.70s 
AO iter 3 - LBFGS: NLL=623.2285  mean_cds=9.515e-09  mean_casa=9.245 deg, 0.86s 
mc_idx = 77/100, 耗时 115.57s 
AO iter 1 - EM: NLL=704.2856, 0.12s 
AO iter 1 - LBFGS: NLL=677.8173  mean_cds=9.794e-09  mean_casa=9.227 deg, 0.28s 
AO iter 2 - EM: NLL=667.4618, 0.40s 
AO iter 2 - LBFGS: NLL=659.2158  mean_cds=9.440e-09  mean_casa=9.223 deg, 0.57s 
AO iter 3 - EM: NLL=656.9237, 0.69s 
AO iter 3 - LBFGS: NLL=652.3038  mean_cds=9.415e-09  mean_casa=9.437 deg, 0.84s 
mc_idx = 78/100, 耗时 117.07s 
AO iter 1 - EM: NLL=671.3237, 0.12s 
AO iter 1 - LBFGS: NLL=653.7202  mean_cds=1.033e-08  mean_casa=9.215 deg, 0.30s 
AO iter 2 - EM: NLL=636.0176, 0.43s 
AO iter 2 - LBFGS: NLL=629.5373  mean_cds=9.648e-09  mean_casa=9.053 deg, 0.58s 
AO iter 3 - EM: NLL=627.7195, 0.71s 
AO iter 3 - LBFGS: NLL=626.2586  mean_cds=9.563e-09  mean_casa=8.907 deg, 0.86s 
mc_idx = 79/100, 耗时 118.59s 
AO iter 1 - EM: NLL=684.4822, 0.12s 
AO iter 1 - LBFGS: NLL=669.8139  mean_cds=1.038e-08  mean_casa=9.200 deg, 0.28s 
AO iter 2 - EM: NLL=663.6563, 0.41s 
AO iter 2 - LBFGS: NLL=656.4881  mean_cds=1.017e-08  mean_casa=9.050 deg, 0.57s 
AO iter 3 - EM: NLL=654.3067, 0.70s 
AO iter 3 - LBFGS: NLL=649.7606  mean_cds=9.989e-09  mean_casa=8.843 deg, 0.85s 
mc_idx = 80/100, 耗时 120.10s 
AO iter 1 - EM: NLL=624.5984, 0.12s 
AO iter 1 - LBFGS: NLL=610.5167  mean_cds=9.957e-09  mean_casa=9.722 deg, 0.29s 
AO iter 2 - EM: NLL=604.5516, 0.41s 
AO iter 2 - LBFGS: NLL=599.6585  mean_cds=9.388e-09  mean_casa=9.975 deg, 0.57s 
AO iter 3 - EM: NLL=597.9233, 0.69s 
AO iter 3 - LBFGS: NLL=595.6063  mean_cds=9.179e-09  mean_casa=10.414 deg, 0.84s 
mc_idx = 81/100, 耗时 121.59s 
AO iter 1 - EM: NLL=652.7195, 0.12s 
AO iter 1 - LBFGS: NLL=637.4958  mean_cds=1.034e-08  mean_casa=9.861 deg, 0.29s 
AO iter 2 - EM: NLL=623.8165, 0.42s 
AO iter 2 - LBFGS: NLL=618.7432  mean_cds=9.900e-09  mean_casa=10.149 deg, 0.57s 
AO iter 3 - EM: NLL=615.8607, 0.69s 
AO iter 3 - LBFGS: NLL=610.1881  mean_cds=9.024e-09  mean_casa=10.625 deg, 0.84s 
mc_idx = 82/100, 耗时 123.09s 
AO iter 1 - EM: NLL=755.0730, 0.12s 
AO iter 1 - LBFGS: NLL=738.7410  mean_cds=1.051e-08  mean_casa=9.366 deg, 0.28s 
AO iter 2 - EM: NLL=726.4758, 0.40s 
AO iter 2 - LBFGS: NLL=722.4120  mean_cds=1.026e-08  mean_casa=9.492 deg, 0.55s 
AO iter 3 - EM: NLL=719.8199, 0.68s 
AO iter 3 - LBFGS: NLL=717.4479  mean_cds=1.018e-08  mean_casa=9.543 deg, 0.83s 
mc_idx = 83/100, 耗时 124.56s 
AO iter 1 - EM: NLL=723.3079, 0.13s 
AO iter 1 - LBFGS: NLL=693.9908  mean_cds=9.415e-09  mean_casa=9.710 deg, 0.29s 
AO iter 2 - EM: NLL=667.8256, 0.42s 
AO iter 2 - LBFGS: NLL=661.8504  mean_cds=8.997e-09  mean_casa=9.446 deg, 0.58s 
AO iter 3 - EM: NLL=658.3576, 0.72s 
AO iter 3 - LBFGS: NLL=650.4773  mean_cds=7.862e-09  mean_casa=9.313 deg, 0.88s 
mc_idx = 84/100, 耗时 126.09s 
AO iter 1 - EM: NLL=710.8457, 0.12s 
AO iter 1 - LBFGS: NLL=693.6909  mean_cds=1.059e-08  mean_casa=9.441 deg, 0.28s 
AO iter 2 - EM: NLL=681.1194, 0.40s 
AO iter 2 - LBFGS: NLL=675.1505  mean_cds=1.025e-08  mean_casa=9.360 deg, 0.56s 
AO iter 3 - EM: NLL=673.0895, 0.68s 
AO iter 3 - LBFGS: NLL=671.4424  mean_cds=1.006e-08  mean_casa=9.445 deg, 0.83s 
mc_idx = 85/100, 耗时 127.57s 
AO iter 1 - EM: NLL=600.5303, 0.12s 
AO iter 1 - LBFGS: NLL=577.8415  mean_cds=1.001e-08  mean_casa=9.342 deg, 0.28s 
AO iter 2 - EM: NLL=551.4560, 0.40s 
AO iter 2 - LBFGS: NLL=537.4160  mean_cds=1.004e-08  mean_casa=9.113 deg, 0.57s 
AO iter 3 - EM: NLL=535.2442, 0.70s 
AO iter 3 - LBFGS: NLL=531.8460  mean_cds=9.860e-09  mean_casa=9.611 deg, 0.85s 
mc_idx = 86/100, 耗时 129.07s 
AO iter 1 - EM: NLL=725.8141, 0.12s 
AO iter 1 - LBFGS: NLL=694.4759  mean_cds=9.324e-09  mean_casa=9.460 deg, 0.28s 
AO iter 2 - EM: NLL=687.0392, 0.40s 
AO iter 2 - LBFGS: NLL=681.0512  mean_cds=9.045e-09  mean_casa=9.587 deg, 0.55s 
AO iter 3 - EM: NLL=678.9972, 0.68s 
AO iter 3 - LBFGS: NLL=672.9157  mean_cds=8.376e-09  mean_casa=9.790 deg, 0.82s 
mc_idx = 87/100, 耗时 130.54s 
AO iter 1 - EM: NLL=708.1584, 0.12s 
AO iter 1 - LBFGS: NLL=677.0554  mean_cds=1.021e-08  mean_casa=8.781 deg, 0.28s 
AO iter 2 - EM: NLL=651.6200, 0.41s 
AO iter 2 - LBFGS: NLL=642.9575  mean_cds=1.003e-08  mean_casa=8.781 deg, 0.57s 
AO iter 3 - EM: NLL=641.1074, 0.70s 
AO iter 3 - LBFGS: NLL=633.5824  mean_cds=1.000e-08  mean_casa=8.595 deg, 0.86s 
mc_idx = 88/100, 耗时 132.05s 
AO iter 1 - EM: NLL=638.8559, 0.12s 
AO iter 1 - LBFGS: NLL=610.8376  mean_cds=9.851e-09  mean_casa=9.136 deg, 0.30s 
AO iter 2 - EM: NLL=588.1555, 0.42s 
AO iter 2 - LBFGS: NLL=580.4960  mean_cds=9.291e-09  mean_casa=9.277 deg, 0.57s 
AO iter 3 - EM: NLL=575.6585, 0.70s 
AO iter 3 - LBFGS: NLL=570.4362  mean_cds=8.944e-09  mean_casa=9.576 deg, 0.86s 
mc_idx = 89/100, 耗时 133.57s 
AO iter 1 - EM: NLL=663.0358, 0.13s 
AO iter 1 - LBFGS: NLL=637.5162  mean_cds=1.013e-08  mean_casa=9.740 deg, 0.32s 
AO iter 2 - EM: NLL=613.6213, 0.44s 
AO iter 2 - LBFGS: NLL=608.4945  mean_cds=9.902e-09  mean_casa=9.952 deg, 0.62s 
AO iter 3 - EM: NLL=606.4397, 0.74s 
AO iter 3 - LBFGS: NLL=602.1636  mean_cds=1.001e-08  mean_casa=10.319 deg, 0.90s 
mc_idx = 90/100, 耗时 135.14s 
AO iter 1 - EM: NLL=660.0971, 0.12s 
AO iter 1 - LBFGS: NLL=649.9131  mean_cds=1.063e-08  mean_casa=9.255 deg, 0.28s 
AO iter 2 - EM: NLL=643.2365, 0.40s 
AO iter 2 - LBFGS: NLL=639.4704  mean_cds=1.044e-08  mean_casa=9.011 deg, 0.56s 
AO iter 3 - EM: NLL=637.8990, 0.68s 
AO iter 3 - LBFGS: NLL=635.8360  mean_cds=1.034e-08  mean_casa=8.717 deg, 0.84s 
mc_idx = 91/100, 耗时 136.62s 
AO iter 1 - EM: NLL=700.6739, 0.12s 
AO iter 1 - LBFGS: NLL=689.7655  mean_cds=1.027e-08  mean_casa=9.875 deg, 0.28s 
AO iter 2 - EM: NLL=684.9534, 0.41s 
AO iter 2 - LBFGS: NLL=677.5702  mean_cds=9.656e-09  mean_casa=10.435 deg, 0.57s 
AO iter 3 - EM: NLL=675.6890, 0.69s 
AO iter 3 - LBFGS: NLL=673.5687  mean_cds=9.409e-09  mean_casa=10.523 deg, 0.84s 
mc_idx = 92/100, 耗时 138.11s 
AO iter 1 - EM: NLL=654.3227, 0.13s 
AO iter 1 - LBFGS: NLL=641.7219  mean_cds=9.953e-09  mean_casa=9.071 deg, 0.29s 
AO iter 2 - EM: NLL=632.3180, 0.41s 
AO iter 2 - LBFGS: NLL=622.3575  mean_cds=9.869e-09  mean_casa=9.455 deg, 0.58s 
AO iter 3 - EM: NLL=616.2992, 0.70s 
AO iter 3 - LBFGS: NLL=613.3440  mean_cds=9.631e-09  mean_casa=9.517 deg, 0.87s 
mc_idx = 93/100, 耗时 139.63s 
AO iter 1 - EM: NLL=598.1327, 0.12s 
AO iter 1 - LBFGS: NLL=584.3971  mean_cds=1.047e-08  mean_casa=9.298 deg, 0.31s 
AO iter 2 - EM: NLL=576.1633, 0.44s 
AO iter 2 - LBFGS: NLL=572.7882  mean_cds=9.733e-09  mean_casa=8.222 deg, 0.59s 
AO iter 3 - EM: NLL=571.0461, 0.72s 
AO iter 3 - LBFGS: NLL=568.8570  mean_cds=9.545e-09  mean_casa=8.228 deg, 0.88s 
mc_idx = 94/100, 耗时 141.18s 
AO iter 1 - EM: NLL=661.1216, 0.13s 
AO iter 1 - LBFGS: NLL=647.9020  mean_cds=1.017e-08  mean_casa=9.814 deg, 0.29s 
AO iter 2 - EM: NLL=631.4495, 0.42s 
AO iter 2 - LBFGS: NLL=624.2671  mean_cds=9.568e-09  mean_casa=10.632 deg, 0.57s 
AO iter 3 - EM: NLL=620.1455, 0.69s 
AO iter 3 - LBFGS: NLL=617.1817  mean_cds=9.834e-09  mean_casa=11.560 deg, 0.84s 
mc_idx = 95/100, 耗时 142.67s 
AO iter 1 - EM: NLL=650.4527, 0.12s 
AO iter 1 - LBFGS: NLL=634.3662  mean_cds=1.020e-08  mean_casa=9.575 deg, 0.29s 
AO iter 2 - EM: NLL=627.1831, 0.41s 
AO iter 2 - LBFGS: NLL=617.5928  mean_cds=9.074e-09  mean_casa=9.251 deg, 0.57s 
AO iter 3 - EM: NLL=612.9154, 0.70s 
AO iter 3 - LBFGS: NLL=610.9100  mean_cds=8.868e-09  mean_casa=9.203 deg, 0.86s 
mc_idx = 96/100, 耗时 144.20s 
AO iter 1 - EM: NLL=732.2578, 0.13s 
AO iter 1 - LBFGS: NLL=679.4814  mean_cds=3.361e-06  mean_casa=34.632 deg, 0.28s 
AO iter 2 - EM: NLL=676.3129, 0.40s 
AO iter 2 - LBFGS: NLL=657.0642  mean_cds=4.619e-06  mean_casa=33.602 deg, 0.55s 
AO iter 3 - EM: NLL=650.9736, 0.68s 
AO iter 3 - LBFGS: NLL=643.8103  mean_cds=4.618e-06  mean_casa=34.519 deg, 0.83s 
mc_idx = 97/100, 耗时 145.69s 
AO iter 1 - EM: NLL=623.7619, 0.12s 
AO iter 1 - LBFGS: NLL=611.2894  mean_cds=1.047e-08  mean_casa=9.738 deg, 0.30s 
AO iter 2 - EM: NLL=596.2331, 0.43s 
AO iter 2 - LBFGS: NLL=589.0349  mean_cds=1.031e-08  mean_casa=9.857 deg, 0.58s 
AO iter 3 - EM: NLL=586.9578, 0.71s 
AO iter 3 - LBFGS: NLL=583.6186  mean_cds=1.027e-08  mean_casa=9.859 deg, 0.86s 
mc_idx = 98/100, 耗时 147.20s 
AO iter 1 - EM: NLL=694.4389, 0.13s 
AO iter 1 - LBFGS: NLL=678.2285  mean_cds=1.049e-08  mean_casa=9.447 deg, 0.32s 
AO iter 2 - EM: NLL=669.6303, 0.45s 
AO iter 2 - LBFGS: NLL=659.2934  mean_cds=1.005e-08  mean_casa=9.100 deg, 0.61s 
AO iter 3 - EM: NLL=655.1335, 0.74s 
AO iter 3 - LBFGS: NLL=653.4294  mean_cds=9.993e-09  mean_casa=9.070 deg, 0.90s 
mc_idx = 99/100, 耗时 148.76s 
AO iter 1 - EM: NLL=687.9252, 0.12s 
AO iter 1 - LBFGS: NLL=668.0954  mean_cds=1.019e-08  mean_casa=9.604 deg, 0.28s 
AO iter 2 - EM: NLL=652.7780, 0.41s 
AO iter 2 - LBFGS: NLL=642.8197  mean_cds=9.878e-09  mean_casa=9.621 deg, 0.56s 
AO iter 3 - EM: NLL=640.5190, 0.69s 
AO iter 3 - LBFGS: NLL=635.5129  mean_cds=9.742e-09  mean_casa=9.877 deg, 0.84s 
mc_idx = 100/100, 耗时 150.26s 
Prior mismatch: axis 2, actual/assumed SD 1.0
开始MonteCarlo仿真...... 
AO iter 1 - EM: NLL=707.0579, 0.13s 
AO iter 1 - LBFGS: NLL=686.7006  mean_cds=1.144e-08  mean_casa=9.477 deg, 0.31s 
AO iter 2 - EM: NLL=679.0638, 0.43s 
AO iter 2 - LBFGS: NLL=661.5928  mean_cds=1.048e-08  mean_casa=9.400 deg, 0.59s 
AO iter 3 - EM: NLL=658.3197, 0.71s 
AO iter 3 - LBFGS: NLL=657.3329  mean_cds=1.037e-08  mean_casa=9.566 deg, 0.86s 
mc_idx = 1/100, 耗时 1.52s 
AO iter 1 - EM: NLL=609.4821, 0.12s 
AO iter 1 - LBFGS: NLL=593.7677  mean_cds=1.036e-08  mean_casa=9.771 deg, 0.28s 
AO iter 2 - EM: NLL=584.5965, 0.41s 
AO iter 2 - LBFGS: NLL=576.4845  mean_cds=9.892e-09  mean_casa=10.166 deg, 0.56s 
AO iter 3 - EM: NLL=573.6018, 0.68s 
AO iter 3 - LBFGS: NLL=569.7410  mean_cds=9.703e-09  mean_casa=10.272 deg, 0.83s 
mc_idx = 2/100, 耗时 3.01s 
AO iter 1 - EM: NLL=717.8517, 0.12s 
AO iter 1 - LBFGS: NLL=706.1650  mean_cds=1.002e-08  mean_casa=9.420 deg, 0.28s 
AO iter 2 - EM: NLL=684.9029, 0.40s 
AO iter 2 - LBFGS: NLL=674.3499  mean_cds=9.550e-09  mean_casa=9.098 deg, 0.57s 
AO iter 3 - EM: NLL=669.5371, 0.69s 
AO iter 3 - LBFGS: NLL=663.7212  mean_cds=9.222e-09  mean_casa=9.184 deg, 0.84s 
mc_idx = 3/100, 耗时 4.51s 
AO iter 1 - EM: NLL=704.2845, 0.12s 
AO iter 1 - LBFGS: NLL=687.8323  mean_cds=1.009e-08  mean_casa=9.976 deg, 0.29s 
AO iter 2 - EM: NLL=666.0087, 0.41s 
AO iter 2 - LBFGS: NLL=662.0153  mean_cds=9.760e-09  mean_casa=10.041 deg, 0.57s 
AO iter 3 - EM: NLL=659.0297, 0.69s 
AO iter 3 - LBFGS: NLL=654.9604  mean_cds=9.404e-09  mean_casa=10.476 deg, 0.84s 
mc_idx = 4/100, 耗时 6.00s 
AO iter 1 - EM: NLL=747.5694, 0.12s 
AO iter 1 - LBFGS: NLL=726.4098  mean_cds=1.710e-08  mean_casa=12.737 deg, 0.29s 
AO iter 2 - EM: NLL=724.9346, 0.41s 
AO iter 2 - LBFGS: NLL=703.7374  mean_cds=1.745e-08  mean_casa=14.653 deg, 0.57s 
AO iter 3 - EM: NLL=701.9947, 0.70s 
AO iter 3 - LBFGS: NLL=699.3209  mean_cds=1.768e-08  mean_casa=15.489 deg, 0.85s 
mc_idx = 5/100, 耗时 7.50s 
AO iter 1 - EM: NLL=706.3346, 0.12s 
AO iter 1 - LBFGS: NLL=684.7732  mean_cds=1.047e-08  mean_casa=9.531 deg, 0.28s 
AO iter 2 - EM: NLL=675.2325, 0.41s 
AO iter 2 - LBFGS: NLL=667.9828  mean_cds=1.050e-08  mean_casa=10.176 deg, 0.55s 
AO iter 3 - EM: NLL=665.6498, 0.68s 
AO iter 3 - LBFGS: NLL=662.7836  mean_cds=1.135e-08  mean_casa=10.628 deg, 0.82s 
mc_idx = 6/100, 耗时 8.98s 
AO iter 1 - EM: NLL=654.3811, 0.12s 
AO iter 1 - LBFGS: NLL=634.3587  mean_cds=1.026e-08  mean_casa=9.585 deg, 0.30s 
AO iter 2 - EM: NLL=620.0057, 0.42s 
AO iter 2 - LBFGS: NLL=612.9528  mean_cds=1.002e-08  mean_casa=9.611 deg, 0.58s 
AO iter 3 - EM: NLL=609.1168, 0.71s 
AO iter 3 - LBFGS: NLL=605.9935  mean_cds=9.883e-09  mean_casa=9.724 deg, 0.89s 
mc_idx = 7/100, 耗时 10.52s 
AO iter 1 - EM: NLL=626.2056, 0.12s 
AO iter 1 - LBFGS: NLL=604.8179  mean_cds=1.033e-08  mean_casa=9.198 deg, 0.28s 
AO iter 2 - EM: NLL=591.7141, 0.41s 
AO iter 2 - LBFGS: NLL=585.5680  mean_cds=9.903e-09  mean_casa=9.001 deg, 0.56s 
AO iter 3 - EM: NLL=584.0147, 0.68s 
AO iter 3 - LBFGS: NLL=581.7331  mean_cds=9.822e-09  mean_casa=8.823 deg, 0.84s 
mc_idx = 8/100, 耗时 12.02s 
AO iter 1 - EM: NLL=748.2014, 0.12s 
AO iter 1 - LBFGS: NLL=733.8481  mean_cds=9.684e-09  mean_casa=9.502 deg, 0.28s 
AO iter 2 - EM: NLL=690.7313, 0.41s 
AO iter 2 - LBFGS: NLL=681.8682  mean_cds=9.663e-09  mean_casa=10.035 deg, 0.56s 
AO iter 3 - EM: NLL=676.7296, 0.68s 
AO iter 3 - LBFGS: NLL=670.1531  mean_cds=9.690e-09  mean_casa=10.332 deg, 0.87s 
mc_idx = 9/100, 耗时 13.54s 
AO iter 1 - EM: NLL=642.9054, 0.13s 
AO iter 1 - LBFGS: NLL=629.2882  mean_cds=1.062e-08  mean_casa=9.785 deg, 0.33s 
AO iter 2 - EM: NLL=620.9482, 0.45s 
AO iter 2 - LBFGS: NLL=616.8959  mean_cds=1.037e-08  mean_casa=9.860 deg, 0.60s 
AO iter 3 - EM: NLL=614.9173, 0.73s 
AO iter 3 - LBFGS: NLL=611.6089  mean_cds=1.010e-08  mean_casa=9.844 deg, 0.90s 
mc_idx = 10/100, 耗时 15.09s 
AO iter 1 - EM: NLL=640.3270, 0.12s 
AO iter 1 - LBFGS: NLL=620.8183  mean_cds=1.015e-08  mean_casa=9.596 deg, 0.28s 
AO iter 2 - EM: NLL=612.0366, 0.40s 
AO iter 2 - LBFGS: NLL=604.1999  mean_cds=9.469e-09  mean_casa=9.615 deg, 0.55s 
AO iter 3 - EM: NLL=602.0758, 0.67s 
AO iter 3 - LBFGS: NLL=597.5240  mean_cds=9.157e-09  mean_casa=9.602 deg, 0.82s 
mc_idx = 11/100, 耗时 16.56s 
AO iter 1 - EM: NLL=660.8880, 0.12s 
AO iter 1 - LBFGS: NLL=648.3552  mean_cds=1.063e-08  mean_casa=9.617 deg, 0.29s 
AO iter 2 - EM: NLL=641.0779, 0.41s 
AO iter 2 - LBFGS: NLL=638.4827  mean_cds=1.042e-08  mean_casa=9.581 deg, 0.56s 
AO iter 3 - EM: NLL=635.5560, 0.69s 
AO iter 3 - LBFGS: NLL=632.7695  mean_cds=1.026e-08  mean_casa=9.537 deg, 0.84s 
mc_idx = 12/100, 耗时 18.06s 
AO iter 1 - EM: NLL=690.6456, 0.12s 
AO iter 1 - LBFGS: NLL=678.1224  mean_cds=9.975e-09  mean_casa=9.508 deg, 0.28s 
AO iter 2 - EM: NLL=664.9185, 0.40s 
AO iter 2 - LBFGS: NLL=660.8878  mean_cds=9.399e-09  mean_casa=9.415 deg, 0.55s 
AO iter 3 - EM: NLL=658.3807, 0.67s 
AO iter 3 - LBFGS: NLL=656.3132  mean_cds=8.937e-09  mean_casa=9.137 deg, 0.82s 
mc_idx = 13/100, 耗时 19.54s 
AO iter 1 - EM: NLL=667.1573, 0.12s 
AO iter 1 - LBFGS: NLL=640.4644  mean_cds=9.805e-09  mean_casa=9.294 deg, 0.29s 
AO iter 2 - EM: NLL=623.5121, 0.41s 
AO iter 2 - LBFGS: NLL=616.5166  mean_cds=8.857e-09  mean_casa=9.244 deg, 0.58s 
AO iter 3 - EM: NLL=613.4703, 0.70s 
AO iter 3 - LBFGS: NLL=608.4839  mean_cds=8.428e-09  mean_casa=9.135 deg, 0.86s 
mc_idx = 14/100, 耗时 21.05s 
AO iter 1 - EM: NLL=648.7900, 0.13s 
AO iter 1 - LBFGS: NLL=641.6310  mean_cds=1.020e-08  mean_casa=9.561 deg, 0.30s 
AO iter 2 - EM: NLL=629.9295, 0.42s 
AO iter 2 - LBFGS: NLL=627.6158  mean_cds=9.782e-09  mean_casa=9.440 deg, 0.58s 
AO iter 3 - EM: NLL=626.0031, 0.70s 
AO iter 3 - LBFGS: NLL=624.9439  mean_cds=9.474e-09  mean_casa=9.393 deg, 0.85s 
mc_idx = 15/100, 耗时 22.56s 
AO iter 1 - EM: NLL=671.1812, 0.12s 
AO iter 1 - LBFGS: NLL=656.9631  mean_cds=9.932e-09  mean_casa=9.723 deg, 0.28s 
AO iter 2 - EM: NLL=656.3517, 0.41s 
AO iter 2 - LBFGS: NLL=644.6957  mean_cds=9.629e-09  mean_casa=9.947 deg, 0.56s 
AO iter 3 - EM: NLL=638.7568, 0.68s 
AO iter 3 - LBFGS: NLL=636.0060  mean_cds=9.307e-09  mean_casa=10.083 deg, 0.84s 
mc_idx = 16/100, 耗时 24.05s 
AO iter 1 - EM: NLL=692.5037, 0.12s 
AO iter 1 - LBFGS: NLL=668.0547  mean_cds=1.002e-08  mean_casa=9.327 deg, 0.28s 
AO iter 2 - EM: NLL=653.3053, 0.41s 
AO iter 2 - LBFGS: NLL=634.9388  mean_cds=1.036e-08  mean_casa=9.392 deg, 0.56s 
AO iter 3 - EM: NLL=628.8129, 0.68s 
AO iter 3 - LBFGS: NLL=624.4437  mean_cds=1.027e-08  mean_casa=9.637 deg, 0.83s 
mc_idx = 17/100, 耗时 25.53s 
AO iter 1 - EM: NLL=711.0507, 0.13s 
AO iter 1 - LBFGS: NLL=702.1668  mean_cds=1.047e-08  mean_casa=9.651 deg, 0.29s 
AO iter 2 - EM: NLL=694.2801, 0.41s 
AO iter 2 - LBFGS: NLL=692.0259  mean_cds=1.028e-08  mean_casa=9.631 deg, 0.57s 
AO iter 3 - EM: NLL=690.6570, 0.69s 
AO iter 3 - LBFGS: NLL=688.6561  mean_cds=1.008e-08  mean_casa=9.441 deg, 0.85s 
mc_idx = 18/100, 耗时 27.03s 
AO iter 1 - EM: NLL=677.0874, 0.12s 
AO iter 1 - LBFGS: NLL=660.8665  mean_cds=9.696e-09  mean_casa=9.351 deg, 0.29s 
AO iter 2 - EM: NLL=640.4776, 0.41s 
AO iter 2 - LBFGS: NLL=630.2704  mean_cds=9.791e-09  mean_casa=9.605 deg, 0.57s 
AO iter 3 - EM: NLL=628.4798, 0.69s 
AO iter 3 - LBFGS: NLL=621.7679  mean_cds=9.717e-09  mean_casa=10.210 deg, 0.84s 
mc_idx = 19/100, 耗时 28.54s 
AO iter 1 - EM: NLL=639.4785, 0.14s 
AO iter 1 - LBFGS: NLL=623.1007  mean_cds=1.005e-08  mean_casa=9.662 deg, 0.32s 
AO iter 2 - EM: NLL=610.8498, 0.44s 
AO iter 2 - LBFGS: NLL=605.9637  mean_cds=9.616e-09  mean_casa=9.728 deg, 0.59s 
AO iter 3 - EM: NLL=604.4238, 0.71s 
AO iter 3 - LBFGS: NLL=597.4794  mean_cds=8.980e-09  mean_casa=10.852 deg, 0.86s 
mc_idx = 20/100, 耗时 30.06s 
AO iter 1 - EM: NLL=676.9647, 0.12s 
AO iter 1 - LBFGS: NLL=655.3356  mean_cds=1.023e-08  mean_casa=9.724 deg, 0.28s 
AO iter 2 - EM: NLL=647.3856, 0.41s 
AO iter 2 - LBFGS: NLL=635.4879  mean_cds=8.426e-09  mean_casa=10.957 deg, 0.56s 
AO iter 3 - EM: NLL=628.3661, 0.69s 
AO iter 3 - LBFGS: NLL=625.8623  mean_cds=8.270e-09  mean_casa=10.762 deg, 0.84s 
mc_idx = 21/100, 耗时 31.55s 
AO iter 1 - EM: NLL=643.1207, 0.12s 
AO iter 1 - LBFGS: NLL=628.4929  mean_cds=1.042e-08  mean_casa=9.870 deg, 0.28s 
AO iter 2 - EM: NLL=618.1923, 0.41s 
AO iter 2 - LBFGS: NLL=611.6872  mean_cds=1.002e-08  mean_casa=10.404 deg, 0.57s 
AO iter 3 - EM: NLL=610.1558, 0.70s 
AO iter 3 - LBFGS: NLL=605.4119  mean_cds=9.710e-09  mean_casa=12.003 deg, 0.84s 
mc_idx = 22/100, 耗时 33.03s 
AO iter 1 - EM: NLL=577.8711, 0.12s 
AO iter 1 - LBFGS: NLL=557.7485  mean_cds=1.014e-08  mean_casa=9.586 deg, 0.29s 
AO iter 2 - EM: NLL=552.4134, 0.41s 
AO iter 2 - LBFGS: NLL=543.0900  mean_cds=9.084e-09  mean_casa=9.938 deg, 0.56s 
AO iter 3 - EM: NLL=541.8690, 0.68s 
AO iter 3 - LBFGS: NLL=540.5773  mean_cds=8.889e-09  mean_casa=9.970 deg, 0.84s 
mc_idx = 23/100, 耗时 34.52s 
AO iter 1 - EM: NLL=610.4405, 0.12s 
AO iter 1 - LBFGS: NLL=594.6398  mean_cds=1.016e-08  mean_casa=9.282 deg, 0.28s 
AO iter 2 - EM: NLL=583.8605, 0.40s 
AO iter 2 - LBFGS: NLL=574.3973  mean_cds=8.953e-09  mean_casa=9.182 deg, 0.56s 
AO iter 3 - EM: NLL=572.2610, 0.69s 
AO iter 3 - LBFGS: NLL=570.4466  mean_cds=8.899e-09  mean_casa=9.047 deg, 0.84s 
mc_idx = 24/100, 耗时 36.02s 
AO iter 1 - EM: NLL=611.7640, 0.12s 
AO iter 1 - LBFGS: NLL=591.6592  mean_cds=1.014e-08  mean_casa=9.519 deg, 0.29s 
AO iter 2 - EM: NLL=576.2488, 0.42s 
AO iter 2 - LBFGS: NLL=571.0044  mean_cds=9.532e-09  mean_casa=9.435 deg, 0.57s 
AO iter 3 - EM: NLL=569.2781, 0.71s 
AO iter 3 - LBFGS: NLL=567.1333  mean_cds=9.429e-09  mean_casa=9.244 deg, 0.87s 
mc_idx = 25/100, 耗时 37.53s 
AO iter 1 - EM: NLL=645.6276, 0.12s 
AO iter 1 - LBFGS: NLL=620.0139  mean_cds=9.869e-09  mean_casa=9.294 deg, 0.29s 
AO iter 2 - EM: NLL=607.7837, 0.41s 
AO iter 2 - LBFGS: NLL=599.0814  mean_cds=9.566e-09  mean_casa=9.561 deg, 0.56s 
AO iter 3 - EM: NLL=595.6090, 0.68s 
AO iter 3 - LBFGS: NLL=590.9742  mean_cds=9.454e-09  mean_casa=9.758 deg, 0.85s 
mc_idx = 26/100, 耗时 39.01s 
AO iter 1 - EM: NLL=685.5686, 0.12s 
AO iter 1 - LBFGS: NLL=665.0811  mean_cds=1.025e-08  mean_casa=9.932 deg, 0.28s 
AO iter 2 - EM: NLL=655.2477, 0.41s 
AO iter 2 - LBFGS: NLL=645.3118  mean_cds=9.849e-09  mean_casa=10.035 deg, 0.56s 
AO iter 3 - EM: NLL=640.5716, 0.68s 
AO iter 3 - LBFGS: NLL=637.9448  mean_cds=9.848e-09  mean_casa=10.100 deg, 0.84s 
mc_idx = 27/100, 耗时 40.50s 
AO iter 1 - EM: NLL=673.8371, 0.12s 
AO iter 1 - LBFGS: NLL=664.9652  mean_cds=1.073e-08  mean_casa=9.866 deg, 0.28s 
AO iter 2 - EM: NLL=657.0902, 0.41s 
AO iter 2 - LBFGS: NLL=650.3551  mean_cds=1.071e-08  mean_casa=10.219 deg, 0.57s 
AO iter 3 - EM: NLL=646.5179, 0.69s 
AO iter 3 - LBFGS: NLL=644.9712  mean_cds=1.072e-08  mean_casa=10.390 deg, 0.85s 
mc_idx = 28/100, 耗时 42.00s 
AO iter 1 - EM: NLL=639.9063, 0.12s 
AO iter 1 - LBFGS: NLL=621.8697  mean_cds=1.064e-08  mean_casa=9.691 deg, 0.29s 
AO iter 2 - EM: NLL=606.3306, 0.41s 
AO iter 2 - LBFGS: NLL=603.2608  mean_cds=1.041e-08  mean_casa=9.540 deg, 0.56s 
AO iter 3 - EM: NLL=599.5244, 0.69s 
AO iter 3 - LBFGS: NLL=597.4972  mean_cds=1.025e-08  mean_casa=9.504 deg, 0.84s 
mc_idx = 29/100, 耗时 43.49s 
AO iter 1 - EM: NLL=665.5952, 0.12s 
AO iter 1 - LBFGS: NLL=650.5097  mean_cds=1.048e-08  mean_casa=9.823 deg, 0.29s 
AO iter 2 - EM: NLL=638.6966, 0.42s 
AO iter 2 - LBFGS: NLL=634.3732  mean_cds=1.028e-08  mean_casa=9.940 deg, 0.57s 
AO iter 3 - EM: NLL=631.6904, 0.70s 
AO iter 3 - LBFGS: NLL=628.6209  mean_cds=1.002e-08  mean_casa=10.153 deg, 0.86s 
mc_idx = 30/100, 耗时 45.01s 
AO iter 1 - EM: NLL=648.9464, 0.12s 
AO iter 1 - LBFGS: NLL=637.4819  mean_cds=1.046e-08  mean_casa=9.451 deg, 0.29s 
AO iter 2 - EM: NLL=630.8533, 0.41s 
AO iter 2 - LBFGS: NLL=623.3513  mean_cds=9.343e-09  mean_casa=8.982 deg, 0.56s 
AO iter 3 - EM: NLL=620.6894, 0.69s 
AO iter 3 - LBFGS: NLL=619.0898  mean_cds=9.474e-09  mean_casa=9.146 deg, 0.85s 
mc_idx = 31/100, 耗时 46.51s 
AO iter 1 - EM: NLL=597.4720, 0.13s 
AO iter 1 - LBFGS: NLL=583.2669  mean_cds=1.044e-08  mean_casa=9.171 deg, 0.30s 
AO iter 2 - EM: NLL=577.1995, 0.44s 
AO iter 2 - LBFGS: NLL=572.4249  mean_cds=1.028e-08  mean_casa=8.963 deg, 0.60s 
AO iter 3 - EM: NLL=570.4008, 0.72s 
AO iter 3 - LBFGS: NLL=566.6637  mean_cds=9.988e-09  mean_casa=8.577 deg, 0.87s 
mc_idx = 32/100, 耗时 48.03s 
AO iter 1 - EM: NLL=675.2964, 0.13s 
AO iter 1 - LBFGS: NLL=662.6615  mean_cds=1.061e-08  mean_casa=9.703 deg, 0.29s 
AO iter 2 - EM: NLL=650.8731, 0.41s 
AO iter 2 - LBFGS: NLL=647.0002  mean_cds=1.041e-08  mean_casa=10.005 deg, 0.57s 
AO iter 3 - EM: NLL=645.9563, 0.69s 
AO iter 3 - LBFGS: NLL=645.0332  mean_cds=1.036e-08  mean_casa=10.047 deg, 0.84s 
mc_idx = 33/100, 耗时 49.55s 
AO iter 1 - EM: NLL=722.7434, 0.12s 
AO iter 1 - LBFGS: NLL=713.3627  mean_cds=1.080e-08  mean_casa=9.793 deg, 0.29s 
AO iter 2 - EM: NLL=704.7097, 0.41s 
AO iter 2 - LBFGS: NLL=701.9714  mean_cds=1.064e-08  mean_casa=9.978 deg, 0.56s 
AO iter 3 - EM: NLL=699.4670, 0.68s 
AO iter 3 - LBFGS: NLL=695.0947  mean_cds=1.037e-08  mean_casa=10.301 deg, 0.83s 
mc_idx = 34/100, 耗时 51.04s 
AO iter 1 - EM: NLL=720.1853, 0.12s 
AO iter 1 - LBFGS: NLL=704.0426  mean_cds=9.850e-09  mean_casa=9.169 deg, 0.28s 
AO iter 2 - EM: NLL=686.1851, 0.40s 
AO iter 2 - LBFGS: NLL=679.7392  mean_cds=9.532e-09  mean_casa=9.232 deg, 0.57s 
AO iter 3 - EM: NLL=678.0123, 0.69s 
AO iter 3 - LBFGS: NLL=671.3795  mean_cds=9.375e-09  mean_casa=9.853 deg, 0.84s 
mc_idx = 35/100, 耗时 52.53s 
AO iter 1 - EM: NLL=610.8764, 0.13s 
AO iter 1 - LBFGS: NLL=584.2162  mean_cds=9.164e-09  mean_casa=9.348 deg, 0.30s 
AO iter 2 - EM: NLL=568.1378, 0.42s 
AO iter 2 - LBFGS: NLL=560.8947  mean_cds=8.519e-09  mean_casa=10.223 deg, 0.58s 
AO iter 3 - EM: NLL=559.2522, 0.70s 
AO iter 3 - LBFGS: NLL=555.9064  mean_cds=8.318e-09  mean_casa=10.442 deg, 0.86s 
mc_idx = 36/100, 耗时 54.05s 
AO iter 1 - EM: NLL=716.8204, 0.13s 
AO iter 1 - LBFGS: NLL=708.9525  mean_cds=1.015e-08  mean_casa=9.981 deg, 0.29s 
AO iter 2 - EM: NLL=700.3180, 0.41s 
AO iter 2 - LBFGS: NLL=695.5974  mean_cds=9.006e-09  mean_casa=10.497 deg, 0.57s 
AO iter 3 - EM: NLL=693.8840, 0.69s 
AO iter 3 - LBFGS: NLL=692.6131  mean_cds=9.005e-09  mean_casa=10.556 deg, 0.84s 
mc_idx = 37/100, 耗时 55.54s 
AO iter 1 - EM: NLL=650.9141, 0.12s 
AO iter 1 - LBFGS: NLL=636.3903  mean_cds=1.041e-08  mean_casa=9.697 deg, 0.29s 
AO iter 2 - EM: NLL=625.5196, 0.41s 
AO iter 2 - LBFGS: NLL=621.5244  mean_cds=9.981e-09  mean_casa=9.562 deg, 0.56s 
AO iter 3 - EM: NLL=620.2119, 0.68s 
AO iter 3 - LBFGS: NLL=618.6500  mean_cds=9.687e-09  mean_casa=9.501 deg, 0.83s 
mc_idx = 38/100, 耗时 57.02s 
AO iter 1 - EM: NLL=671.4422, 0.12s 
AO iter 1 - LBFGS: NLL=647.8232  mean_cds=9.820e-09  mean_casa=9.688 deg, 0.29s 
AO iter 2 - EM: NLL=633.0259, 0.41s 
AO iter 2 - LBFGS: NLL=623.1854  mean_cds=9.147e-09  mean_casa=9.777 deg, 0.58s 
AO iter 3 - EM: NLL=620.0403, 0.71s 
AO iter 3 - LBFGS: NLL=616.3938  mean_cds=8.423e-09  mean_casa=10.438 deg, 0.86s 
mc_idx = 39/100, 耗时 58.53s 
AO iter 1 - EM: NLL=690.1804, 0.12s 
AO iter 1 - LBFGS: NLL=672.9403  mean_cds=9.902e-09  mean_casa=9.846 deg, 0.29s 
AO iter 2 - EM: NLL=657.3852, 0.42s 
AO iter 2 - LBFGS: NLL=652.8218  mean_cds=9.498e-09  mean_casa=10.026 deg, 0.59s 
AO iter 3 - EM: NLL=650.0563, 0.71s 
AO iter 3 - LBFGS: NLL=644.0561  mean_cds=8.779e-09  mean_casa=10.578 deg, 0.87s 
mc_idx = 40/100, 耗时 60.04s 
AO iter 1 - EM: NLL=660.2287, 0.12s 
AO iter 1 - LBFGS: NLL=638.3144  mean_cds=1.020e-08  mean_casa=9.587 deg, 0.30s 
AO iter 2 - EM: NLL=626.8957, 0.42s 
AO iter 2 - LBFGS: NLL=625.0225  mean_cds=1.004e-08  mean_casa=9.632 deg, 0.59s 
AO iter 3 - EM: NLL=624.0436, 0.71s 
AO iter 3 - LBFGS: NLL=622.7561  mean_cds=9.901e-09  mean_casa=9.678 deg, 0.86s 
mc_idx = 41/100, 耗时 61.55s 
AO iter 1 - EM: NLL=660.4640, 0.13s 
AO iter 1 - LBFGS: NLL=638.5087  mean_cds=1.023e-08  mean_casa=9.659 deg, 0.29s 
AO iter 2 - EM: NLL=626.7657, 0.41s 
AO iter 2 - LBFGS: NLL=617.9255  mean_cds=9.336e-09  mean_casa=9.309 deg, 0.57s 
AO iter 3 - EM: NLL=613.9440, 0.69s 
AO iter 3 - LBFGS: NLL=610.6928  mean_cds=9.269e-09  mean_casa=9.311 deg, 0.84s 
mc_idx = 42/100, 耗时 63.04s 
AO iter 1 - EM: NLL=669.2521, 0.12s 
AO iter 1 - LBFGS: NLL=649.4265  mean_cds=9.666e-09  mean_casa=9.843 deg, 0.28s 
AO iter 2 - EM: NLL=632.8258, 0.41s 
AO iter 2 - LBFGS: NLL=628.0355  mean_cds=9.299e-09  mean_casa=9.960 deg, 0.58s 
AO iter 3 - EM: NLL=625.4937, 0.71s 
AO iter 3 - LBFGS: NLL=623.1198  mean_cds=8.918e-09  mean_casa=10.081 deg, 0.86s 
mc_idx = 43/100, 耗时 64.55s 
AO iter 1 - EM: NLL=665.3460, 0.13s 
AO iter 1 - LBFGS: NLL=648.5115  mean_cds=9.923e-09  mean_casa=9.795 deg, 0.29s 
AO iter 2 - EM: NLL=635.0450, 0.41s 
AO iter 2 - LBFGS: NLL=630.6543  mean_cds=9.555e-09  mean_casa=10.129 deg, 0.57s 
AO iter 3 - EM: NLL=627.3492, 0.69s 
AO iter 3 - LBFGS: NLL=623.6999  mean_cds=9.515e-09  mean_casa=10.883 deg, 0.84s 
mc_idx = 44/100, 耗时 66.04s 
AO iter 1 - EM: NLL=657.6948, 0.12s 
AO iter 1 - LBFGS: NLL=638.1398  mean_cds=1.003e-08  mean_casa=9.451 deg, 0.29s 
AO iter 2 - EM: NLL=623.9411, 0.41s 
AO iter 2 - LBFGS: NLL=613.9016  mean_cds=9.230e-09  mean_casa=9.357 deg, 0.56s 
AO iter 3 - EM: NLL=611.7241, 0.68s 
AO iter 3 - LBFGS: NLL=606.8298  mean_cds=8.657e-09  mean_casa=9.516 deg, 0.83s 
mc_idx = 45/100, 耗时 67.53s 
AO iter 1 - EM: NLL=742.2292, 0.12s 
AO iter 1 - LBFGS: NLL=731.3917  mean_cds=1.047e-08  mean_casa=9.764 deg, 0.28s 
AO iter 2 - EM: NLL=718.0195, 0.41s 
AO iter 2 - LBFGS: NLL=707.2697  mean_cds=9.813e-09  mean_casa=9.665 deg, 0.56s 
AO iter 3 - EM: NLL=701.2119, 0.68s 
AO iter 3 - LBFGS: NLL=695.9650  mean_cds=9.652e-09  mean_casa=9.519 deg, 0.83s 
mc_idx = 46/100, 耗时 69.00s 
AO iter 1 - EM: NLL=690.2537, 0.12s 
AO iter 1 - LBFGS: NLL=671.9209  mean_cds=9.895e-09  mean_casa=9.368 deg, 0.29s 
AO iter 2 - EM: NLL=655.4224, 0.41s 
AO iter 2 - LBFGS: NLL=645.0515  mean_cds=9.178e-09  mean_casa=8.907 deg, 0.56s 
AO iter 3 - EM: NLL=641.3000, 0.69s 
AO iter 3 - LBFGS: NLL=635.6207  mean_cds=8.985e-09  mean_casa=9.010 deg, 0.83s 
mc_idx = 47/100, 耗时 70.49s 
AO iter 1 - EM: NLL=593.1740, 0.12s 
AO iter 1 - LBFGS: NLL=579.9977  mean_cds=9.029e-09  mean_casa=9.403 deg, 0.28s 
AO iter 2 - EM: NLL=560.1680, 0.41s 
AO iter 2 - LBFGS: NLL=556.4698  mean_cds=8.671e-09  mean_casa=9.424 deg, 0.56s 
AO iter 3 - EM: NLL=554.3679, 0.69s 
AO iter 3 - LBFGS: NLL=549.6490  mean_cds=7.617e-09  mean_casa=8.379 deg, 0.83s 
mc_idx = 48/100, 耗时 71.99s 
AO iter 1 - EM: NLL=634.4897, 0.12s 
AO iter 1 - LBFGS: NLL=616.8243  mean_cds=1.050e-08  mean_casa=9.440 deg, 0.29s 
AO iter 2 - EM: NLL=604.4079, 0.41s 
AO iter 2 - LBFGS: NLL=597.8389  mean_cds=1.016e-08  mean_casa=9.166 deg, 0.56s 
AO iter 3 - EM: NLL=596.4173, 0.69s 
AO iter 3 - LBFGS: NLL=594.7994  mean_cds=9.981e-09  mean_casa=9.026 deg, 0.85s 
mc_idx = 49/100, 耗时 73.50s 
AO iter 1 - EM: NLL=671.2449, 0.12s 
AO iter 1 - LBFGS: NLL=654.6896  mean_cds=1.039e-08  mean_casa=9.690 deg, 0.28s 
AO iter 2 - EM: NLL=643.5554, 0.41s 
AO iter 2 - LBFGS: NLL=635.9480  mean_cds=9.685e-09  mean_casa=10.530 deg, 0.56s 
AO iter 3 - EM: NLL=633.5817, 0.68s 
AO iter 3 - LBFGS: NLL=631.5174  mean_cds=9.442e-09  mean_casa=10.843 deg, 0.84s 
mc_idx = 50/100, 耗时 75.01s 
AO iter 1 - EM: NLL=672.6319, 0.12s 
AO iter 1 - LBFGS: NLL=648.7159  mean_cds=9.692e-09  mean_casa=9.331 deg, 0.29s 
AO iter 2 - EM: NLL=636.3508, 0.41s 
AO iter 2 - LBFGS: NLL=628.2707  mean_cds=9.232e-09  mean_casa=9.619 deg, 0.57s 
AO iter 3 - EM: NLL=624.4777, 0.69s 
AO iter 3 - LBFGS: NLL=621.6258  mean_cds=9.055e-09  mean_casa=9.622 deg, 0.84s 
mc_idx = 51/100, 耗时 76.54s 
AO iter 1 - EM: NLL=757.8853, 0.12s 
AO iter 1 - LBFGS: NLL=737.0323  mean_cds=9.915e-09  mean_casa=9.723 deg, 0.28s 
AO iter 2 - EM: NLL=715.9452, 0.40s 
AO iter 2 - LBFGS: NLL=708.1714  mean_cds=1.075e-08  mean_casa=10.228 deg, 0.56s 
AO iter 3 - EM: NLL=697.2523, 0.68s 
AO iter 3 - LBFGS: NLL=691.2073  mean_cds=1.033e-08  mean_casa=10.531 deg, 0.83s 
mc_idx = 52/100, 耗时 78.03s 
AO iter 1 - EM: NLL=614.7602, 0.12s 
AO iter 1 - LBFGS: NLL=598.2643  mean_cds=1.021e-08  mean_casa=9.528 deg, 0.28s 
AO iter 2 - EM: NLL=589.3382, 0.41s 
AO iter 2 - LBFGS: NLL=580.4093  mean_cds=9.554e-09  mean_casa=9.446 deg, 0.56s 
AO iter 3 - EM: NLL=577.8972, 0.69s 
AO iter 3 - LBFGS: NLL=573.1637  mean_cds=9.170e-09  mean_casa=8.952 deg, 0.84s 
mc_idx = 53/100, 耗时 79.51s 
AO iter 1 - EM: NLL=632.9535, 0.12s 
AO iter 1 - LBFGS: NLL=613.9322  mean_cds=9.501e-09  mean_casa=9.790 deg, 0.28s 
AO iter 2 - EM: NLL=604.3145, 0.41s 
AO iter 2 - LBFGS: NLL=596.8314  mean_cds=8.536e-09  mean_casa=9.969 deg, 0.56s 
AO iter 3 - EM: NLL=594.7417, 0.68s 
AO iter 3 - LBFGS: NLL=592.0661  mean_cds=8.043e-09  mean_casa=9.971 deg, 0.83s 
mc_idx = 54/100, 耗时 81.00s 
AO iter 1 - EM: NLL=676.5423, 0.12s 
AO iter 1 - LBFGS: NLL=655.2073  mean_cds=1.048e-08  mean_casa=9.232 deg, 0.28s 
AO iter 2 - EM: NLL=645.8346, 0.40s 
AO iter 2 - LBFGS: NLL=637.7968  mean_cds=1.050e-08  mean_casa=9.294 deg, 0.55s 
AO iter 3 - EM: NLL=635.6952, 0.67s 
AO iter 3 - LBFGS: NLL=632.5362  mean_cds=1.057e-08  mean_casa=9.347 deg, 0.82s 
mc_idx = 55/100, 耗时 82.47s 
AO iter 1 - EM: NLL=698.6544, 0.13s 
AO iter 1 - LBFGS: NLL=680.4819  mean_cds=1.045e-08  mean_casa=9.550 deg, 0.30s 
AO iter 2 - EM: NLL=671.1037, 0.42s 
AO iter 2 - LBFGS: NLL=664.3518  mean_cds=1.022e-08  mean_casa=9.674 deg, 0.57s 
AO iter 3 - EM: NLL=662.3290, 0.70s 
AO iter 3 - LBFGS: NLL=658.8596  mean_cds=1.016e-08  mean_casa=9.654 deg, 0.85s 
mc_idx = 56/100, 耗时 83.96s 
AO iter 1 - EM: NLL=674.2998, 0.12s 
AO iter 1 - LBFGS: NLL=666.7981  mean_cds=1.074e-08  mean_casa=9.711 deg, 0.28s 
AO iter 2 - EM: NLL=658.0887, 0.41s 
AO iter 2 - LBFGS: NLL=653.8079  mean_cds=1.025e-08  mean_casa=9.345 deg, 0.56s 
AO iter 3 - EM: NLL=652.2715, 0.68s 
AO iter 3 - LBFGS: NLL=650.9410  mean_cds=1.022e-08  mean_casa=9.115 deg, 0.83s 
mc_idx = 57/100, 耗时 85.44s 
AO iter 1 - EM: NLL=700.4974, 0.12s 
AO iter 1 - LBFGS: NLL=685.8416  mean_cds=1.041e-08  mean_casa=9.575 deg, 0.28s 
AO iter 2 - EM: NLL=671.0652, 0.41s 
AO iter 2 - LBFGS: NLL=665.8568  mean_cds=1.016e-08  mean_casa=9.660 deg, 0.56s 
AO iter 3 - EM: NLL=662.2878, 0.68s 
AO iter 3 - LBFGS: NLL=656.1659  mean_cds=9.928e-09  mean_casa=9.900 deg, 0.84s 
mc_idx = 58/100, 耗时 86.93s 
AO iter 1 - EM: NLL=616.4473, 0.12s 
AO iter 1 - LBFGS: NLL=597.0471  mean_cds=1.032e-08  mean_casa=8.850 deg, 0.28s 
AO iter 2 - EM: NLL=576.1639, 0.40s 
AO iter 2 - LBFGS: NLL=566.4962  mean_cds=1.102e-08  mean_casa=9.035 deg, 0.55s 
AO iter 3 - EM: NLL=559.9879, 0.68s 
AO iter 3 - LBFGS: NLL=558.8572  mean_cds=1.114e-08  mean_casa=8.954 deg, 0.84s 
mc_idx = 59/100, 耗时 88.42s 
AO iter 1 - EM: NLL=714.2251, 0.12s 
AO iter 1 - LBFGS: NLL=691.8841  mean_cds=1.054e-08  mean_casa=9.724 deg, 0.29s 
AO iter 2 - EM: NLL=677.6678, 0.41s 
AO iter 2 - LBFGS: NLL=672.8171  mean_cds=1.050e-08  mean_casa=9.941 deg, 0.56s 
AO iter 3 - EM: NLL=670.2306, 0.69s 
AO iter 3 - LBFGS: NLL=664.9048  mean_cds=1.086e-08  mean_casa=10.496 deg, 0.85s 
mc_idx = 60/100, 耗时 89.92s 
AO iter 1 - EM: NLL=631.8114, 0.12s 
AO iter 1 - LBFGS: NLL=618.0677  mean_cds=1.030e-08  mean_casa=10.023 deg, 0.27s 
AO iter 2 - EM: NLL=608.3641, 0.40s 
AO iter 2 - LBFGS: NLL=605.6553  mean_cds=1.008e-08  mean_casa=10.094 deg, 0.55s 
AO iter 3 - EM: NLL=602.4235, 0.67s 
AO iter 3 - LBFGS: NLL=600.8709  mean_cds=9.973e-09  mean_casa=10.181 deg, 0.83s 
mc_idx = 61/100, 耗时 91.41s 
AO iter 1 - EM: NLL=689.2030, 0.12s 
AO iter 1 - LBFGS: NLL=665.4822  mean_cds=1.041e-08  mean_casa=9.384 deg, 0.29s 
AO iter 2 - EM: NLL=656.5366, 0.41s 
AO iter 2 - LBFGS: NLL=653.4010  mean_cds=1.027e-08  mean_casa=9.330 deg, 0.57s 
AO iter 3 - EM: NLL=650.8520, 0.70s 
AO iter 3 - LBFGS: NLL=647.8254  mean_cds=1.004e-08  mean_casa=9.225 deg, 0.86s 
mc_idx = 62/100, 耗时 92.92s 
AO iter 1 - EM: NLL=640.1396, 0.12s 
AO iter 1 - LBFGS: NLL=618.4492  mean_cds=9.412e-09  mean_casa=9.178 deg, 0.29s 
AO iter 2 - EM: NLL=611.7501, 0.41s 
AO iter 2 - LBFGS: NLL=606.8182  mean_cds=8.830e-09  mean_casa=9.080 deg, 0.56s 
AO iter 3 - EM: NLL=605.2917, 0.68s 
AO iter 3 - LBFGS: NLL=598.0229  mean_cds=8.675e-09  mean_casa=9.214 deg, 0.83s 
mc_idx = 63/100, 耗时 94.40s 
AO iter 1 - EM: NLL=680.0196, 0.12s 
AO iter 1 - LBFGS: NLL=661.9826  mean_cds=1.062e-08  mean_casa=9.613 deg, 0.29s 
AO iter 2 - EM: NLL=654.0640, 0.42s 
AO iter 2 - LBFGS: NLL=645.6273  mean_cds=1.042e-08  mean_casa=9.835 deg, 0.57s 
AO iter 3 - EM: NLL=643.2644, 0.70s 
AO iter 3 - LBFGS: NLL=641.5646  mean_cds=1.039e-08  mean_casa=9.738 deg, 0.85s 
mc_idx = 64/100, 耗时 95.89s 
AO iter 1 - EM: NLL=615.9967, 0.12s 
AO iter 1 - LBFGS: NLL=600.7490  mean_cds=1.057e-08  mean_casa=9.271 deg, 0.28s 
AO iter 2 - EM: NLL=590.3821, 0.40s 
AO iter 2 - LBFGS: NLL=584.1652  mean_cds=1.068e-08  mean_casa=9.231 deg, 0.55s 
AO iter 3 - EM: NLL=583.1227, 0.67s 
AO iter 3 - LBFGS: NLL=580.9344  mean_cds=1.110e-08  mean_casa=8.803 deg, 0.82s 
mc_idx = 65/100, 耗时 97.36s 
AO iter 1 - EM: NLL=601.4905, 0.12s 
AO iter 1 - LBFGS: NLL=585.7137  mean_cds=1.009e-08  mean_casa=9.593 deg, 0.28s 
AO iter 2 - EM: NLL=578.8596, 0.40s 
AO iter 2 - LBFGS: NLL=574.1507  mean_cds=9.723e-09  mean_casa=9.764 deg, 0.55s 
AO iter 3 - EM: NLL=572.6796, 0.68s 
AO iter 3 - LBFGS: NLL=570.6181  mean_cds=9.441e-09  mean_casa=9.839 deg, 0.83s 
mc_idx = 66/100, 耗时 98.83s 
AO iter 1 - EM: NLL=648.2865, 0.12s 
AO iter 1 - LBFGS: NLL=633.6326  mean_cds=1.069e-08  mean_casa=9.467 deg, 0.28s 
AO iter 2 - EM: NLL=620.6244, 0.41s 
AO iter 2 - LBFGS: NLL=612.3442  mean_cds=1.068e-08  mean_casa=10.643 deg, 0.55s 
AO iter 3 - EM: NLL=608.5415, 0.68s 
AO iter 3 - LBFGS: NLL=605.7914  mean_cds=1.053e-08  mean_casa=10.529 deg, 0.84s 
mc_idx = 67/100, 耗时 100.33s 
AO iter 1 - EM: NLL=659.9911, 0.12s 
AO iter 1 - LBFGS: NLL=649.6377  mean_cds=1.020e-08  mean_casa=9.724 deg, 0.28s 
AO iter 2 - EM: NLL=640.3344, 0.41s 
AO iter 2 - LBFGS: NLL=637.3551  mean_cds=9.945e-09  mean_casa=9.805 deg, 0.56s 
AO iter 3 - EM: NLL=635.3079, 0.68s 
AO iter 3 - LBFGS: NLL=629.8496  mean_cds=9.484e-09  mean_casa=10.364 deg, 0.83s 
mc_idx = 68/100, 耗时 101.82s 
AO iter 1 - EM: NLL=683.2791, 0.12s 
AO iter 1 - LBFGS: NLL=664.9812  mean_cds=9.913e-09  mean_casa=9.155 deg, 0.28s 
AO iter 2 - EM: NLL=655.6877, 0.41s 
AO iter 2 - LBFGS: NLL=651.9333  mean_cds=9.402e-09  mean_casa=9.049 deg, 0.57s 
AO iter 3 - EM: NLL=650.5974, 0.70s 
AO iter 3 - LBFGS: NLL=648.3005  mean_cds=8.842e-09  mean_casa=8.905 deg, 0.86s 
mc_idx = 69/100, 耗时 103.34s 
AO iter 1 - EM: NLL=676.7961, 0.12s 
AO iter 1 - LBFGS: NLL=653.8736  mean_cds=1.000e-08  mean_casa=9.504 deg, 0.29s 
AO iter 2 - EM: NLL=636.1672, 0.41s 
AO iter 2 - LBFGS: NLL=619.6210  mean_cds=8.315e-09  mean_casa=8.873 deg, 0.56s 
AO iter 3 - EM: NLL=617.5488, 0.68s 
AO iter 3 - LBFGS: NLL=613.9843  mean_cds=8.400e-09  mean_casa=8.781 deg, 0.83s 
mc_idx = 70/100, 耗时 104.83s 
AO iter 1 - EM: NLL=593.6159, 0.12s 
AO iter 1 - LBFGS: NLL=582.8278  mean_cds=1.053e-08  mean_casa=9.216 deg, 0.30s 
AO iter 2 - EM: NLL=567.6759, 0.42s 
AO iter 2 - LBFGS: NLL=565.1301  mean_cds=1.045e-08  mean_casa=9.070 deg, 0.58s 
AO iter 3 - EM: NLL=563.1984, 0.71s 
AO iter 3 - LBFGS: NLL=560.9354  mean_cds=1.031e-08  mean_casa=8.682 deg, 0.86s 
mc_idx = 71/100, 耗时 106.34s 
AO iter 1 - EM: NLL=639.9066, 0.12s 
AO iter 1 - LBFGS: NLL=622.1500  mean_cds=1.039e-08  mean_casa=9.488 deg, 0.29s 
AO iter 2 - EM: NLL=611.3430, 0.41s 
AO iter 2 - LBFGS: NLL=605.8549  mean_cds=1.012e-08  mean_casa=9.051 deg, 0.56s 
AO iter 3 - EM: NLL=603.0955, 0.68s 
AO iter 3 - LBFGS: NLL=601.9512  mean_cds=1.003e-08  mean_casa=8.951 deg, 0.84s 
mc_idx = 72/100, 耗时 107.83s 
AO iter 1 - EM: NLL=659.4702, 0.12s 
AO iter 1 - LBFGS: NLL=646.4584  mean_cds=1.026e-08  mean_casa=9.562 deg, 0.28s 
AO iter 2 - EM: NLL=639.5866, 0.41s 
AO iter 2 - LBFGS: NLL=633.4402  mean_cds=1.000e-08  mean_casa=9.810 deg, 0.56s 
AO iter 3 - EM: NLL=629.6021, 0.69s 
AO iter 3 - LBFGS: NLL=625.6456  mean_cds=9.723e-09  mean_casa=9.815 deg, 0.84s 
mc_idx = 73/100, 耗时 109.33s 
AO iter 1 - EM: NLL=633.0849, 0.12s 
AO iter 1 - LBFGS: NLL=616.6469  mean_cds=9.553e-09  mean_casa=9.068 deg, 0.28s 
AO iter 2 - EM: NLL=606.5515, 0.40s 
AO iter 2 - LBFGS: NLL=601.6955  mean_cds=9.204e-09  mean_casa=9.007 deg, 0.55s 
AO iter 3 - EM: NLL=599.1430, 0.68s 
AO iter 3 - LBFGS: NLL=592.1321  mean_cds=8.840e-09  mean_casa=8.878 deg, 0.83s 
mc_idx = 74/100, 耗时 110.81s 
AO iter 1 - EM: NLL=661.9546, 0.12s 
AO iter 1 - LBFGS: NLL=638.7048  mean_cds=1.018e-08  mean_casa=9.366 deg, 0.28s 
AO iter 2 - EM: NLL=627.5823, 0.40s 
AO iter 2 - LBFGS: NLL=623.6329  mean_cds=9.821e-09  mean_casa=9.382 deg, 0.56s 
AO iter 3 - EM: NLL=622.5185, 0.68s 
AO iter 3 - LBFGS: NLL=617.7755  mean_cds=9.228e-09  mean_casa=9.233 deg, 0.85s 
mc_idx = 75/100, 耗时 112.31s 
AO iter 1 - EM: NLL=679.6164, 0.12s 
AO iter 1 - LBFGS: NLL=672.0100  mean_cds=1.057e-08  mean_casa=9.902 deg, 0.28s 
AO iter 2 - EM: NLL=667.0265, 0.41s 
AO iter 2 - LBFGS: NLL=662.6481  mean_cds=1.019e-08  mean_casa=10.195 deg, 0.57s 
AO iter 3 - EM: NLL=660.6719, 0.69s 
AO iter 3 - LBFGS: NLL=657.9000  mean_cds=9.866e-09  mean_casa=10.504 deg, 0.84s 
mc_idx = 76/100, 耗时 113.81s 
AO iter 1 - EM: NLL=661.6479, 0.12s 
AO iter 1 - LBFGS: NLL=651.9742  mean_cds=1.025e-08  mean_casa=9.615 deg, 0.28s 
AO iter 2 - EM: NLL=634.9689, 0.40s 
AO iter 2 - LBFGS: NLL=631.5499  mean_cds=9.866e-09  mean_casa=9.564 deg, 0.56s 
AO iter 3 - EM: NLL=629.4372, 0.68s 
AO iter 3 - LBFGS: NLL=627.4654  mean_cds=9.674e-09  mean_casa=9.403 deg, 0.85s 
mc_idx = 77/100, 耗时 115.30s 
AO iter 1 - EM: NLL=707.5902, 0.12s 
AO iter 1 - LBFGS: NLL=681.1783  mean_cds=9.827e-09  mean_casa=9.366 deg, 0.29s 
AO iter 2 - EM: NLL=671.8446, 0.41s 
AO iter 2 - LBFGS: NLL=664.1199  mean_cds=9.512e-09  mean_casa=9.449 deg, 0.57s 
AO iter 3 - EM: NLL=661.9700, 0.69s 
AO iter 3 - LBFGS: NLL=657.5165  mean_cds=9.374e-09  mean_casa=9.597 deg, 0.84s 
mc_idx = 78/100, 耗时 116.79s 
AO iter 1 - EM: NLL=676.3672, 0.12s 
AO iter 1 - LBFGS: NLL=660.2323  mean_cds=1.043e-08  mean_casa=9.303 deg, 0.28s 
AO iter 2 - EM: NLL=645.5536, 0.41s 
AO iter 2 - LBFGS: NLL=638.3469  mean_cds=9.793e-09  mean_casa=9.194 deg, 0.56s 
AO iter 3 - EM: NLL=636.4237, 0.68s 
AO iter 3 - LBFGS: NLL=634.8824  mean_cds=9.697e-09  mean_casa=9.104 deg, 0.85s 
mc_idx = 79/100, 耗时 118.29s 
AO iter 1 - EM: NLL=687.6141, 0.12s 
AO iter 1 - LBFGS: NLL=671.6843  mean_cds=1.030e-08  mean_casa=9.050 deg, 0.29s 
AO iter 2 - EM: NLL=664.8720, 0.41s 
AO iter 2 - LBFGS: NLL=658.3156  mean_cds=1.022e-08  mean_casa=9.062 deg, 0.57s 
AO iter 3 - EM: NLL=656.5661, 0.70s 
AO iter 3 - LBFGS: NLL=650.8330  mean_cds=1.005e-08  mean_casa=9.154 deg, 0.85s 
mc_idx = 80/100, 耗时 119.79s 
AO iter 1 - EM: NLL=634.7182, 0.12s 
AO iter 1 - LBFGS: NLL=619.2553  mean_cds=9.800e-09  mean_casa=9.819 deg, 0.28s 
AO iter 2 - EM: NLL=612.1784, 0.40s 
AO iter 2 - LBFGS: NLL=608.3537  mean_cds=9.380e-09  mean_casa=10.110 deg, 0.55s 
AO iter 3 - EM: NLL=606.3009, 0.68s 
AO iter 3 - LBFGS: NLL=602.5903  mean_cds=9.160e-09  mean_casa=11.315 deg, 0.83s 
mc_idx = 81/100, 耗时 121.27s 
AO iter 1 - EM: NLL=652.7369, 0.12s 
AO iter 1 - LBFGS: NLL=639.2309  mean_cds=1.031e-08  mean_casa=9.709 deg, 0.28s 
AO iter 2 - EM: NLL=624.8660, 0.41s 
AO iter 2 - LBFGS: NLL=615.7421  mean_cds=9.643e-09  mean_casa=9.959 deg, 0.56s 
AO iter 3 - EM: NLL=613.1226, 0.68s 
AO iter 3 - LBFGS: NLL=609.6073  mean_cds=9.043e-09  mean_casa=10.283 deg, 0.83s 
mc_idx = 82/100, 耗时 122.74s 
AO iter 1 - EM: NLL=759.2767, 0.12s 
AO iter 1 - LBFGS: NLL=742.3327  mean_cds=1.057e-08  mean_casa=9.356 deg, 0.29s 
AO iter 2 - EM: NLL=733.0065, 0.41s 
AO iter 2 - LBFGS: NLL=727.6682  mean_cds=1.033e-08  mean_casa=9.418 deg, 0.57s 
AO iter 3 - EM: NLL=725.6749, 0.69s 
AO iter 3 - LBFGS: NLL=722.5614  mean_cds=1.050e-08  mean_casa=9.534 deg, 0.83s 
mc_idx = 83/100, 耗时 124.24s 
AO iter 1 - EM: NLL=736.1147, 0.13s 
AO iter 1 - LBFGS: NLL=698.3263  mean_cds=9.488e-09  mean_casa=9.594 deg, 0.30s 
AO iter 2 - EM: NLL=670.7585, 0.43s 
AO iter 2 - LBFGS: NLL=665.4423  mean_cds=8.795e-09  mean_casa=9.371 deg, 0.59s 
AO iter 3 - EM: NLL=660.1988, 0.71s 
AO iter 3 - LBFGS: NLL=651.3834  mean_cds=7.666e-09  mean_casa=9.353 deg, 0.86s 
mc_idx = 84/100, 耗时 125.74s 
AO iter 1 - EM: NLL=713.1709, 0.12s 
AO iter 1 - LBFGS: NLL=694.2095  mean_cds=1.062e-08  mean_casa=9.389 deg, 0.28s 
AO iter 2 - EM: NLL=682.6748, 0.40s 
AO iter 2 - LBFGS: NLL=676.8890  mean_cds=1.033e-08  mean_casa=9.387 deg, 0.56s 
AO iter 3 - EM: NLL=675.4339, 0.68s 
AO iter 3 - LBFGS: NLL=673.0502  mean_cds=1.017e-08  mean_casa=9.481 deg, 0.84s 
mc_idx = 85/100, 耗时 127.23s 
AO iter 1 - EM: NLL=601.9751, 0.12s 
AO iter 1 - LBFGS: NLL=573.0356  mean_cds=1.002e-08  mean_casa=9.361 deg, 0.29s 
AO iter 2 - EM: NLL=547.2581, 0.42s 
AO iter 2 - LBFGS: NLL=533.7911  mean_cds=1.003e-08  mean_casa=9.167 deg, 0.58s 
AO iter 3 - EM: NLL=531.9586, 0.70s 
AO iter 3 - LBFGS: NLL=528.9812  mean_cds=9.914e-09  mean_casa=9.548 deg, 0.85s 
mc_idx = 86/100, 耗时 128.74s 
AO iter 1 - EM: NLL=732.2267, 0.12s 
AO iter 1 - LBFGS: NLL=707.0429  mean_cds=9.875e-09  mean_casa=9.520 deg, 0.28s 
AO iter 2 - EM: NLL=698.6759, 0.41s 
AO iter 2 - LBFGS: NLL=689.8082  mean_cds=9.402e-09  mean_casa=9.621 deg, 0.56s 
AO iter 3 - EM: NLL=687.0801, 0.69s 
AO iter 3 - LBFGS: NLL=677.7353  mean_cds=8.510e-09  mean_casa=9.818 deg, 0.84s 
mc_idx = 87/100, 耗时 130.23s 
AO iter 1 - EM: NLL=712.4320, 0.12s 
AO iter 1 - LBFGS: NLL=680.4537  mean_cds=1.341e-08  mean_casa=9.475 deg, 0.29s 
AO iter 2 - EM: NLL=663.7184, 0.42s 
AO iter 2 - LBFGS: NLL=662.1794  mean_cds=1.322e-08  mean_casa=9.506 deg, 0.59s 
AO iter 3 - EM: NLL=659.0094, 0.71s 
AO iter 3 - LBFGS: NLL=654.7904  mean_cds=1.164e-08  mean_casa=11.157 deg, 0.86s 
mc_idx = 88/100, 耗时 131.74s 
AO iter 1 - EM: NLL=644.6169, 0.12s 
AO iter 1 - LBFGS: NLL=619.8092  mean_cds=9.482e-09  mean_casa=8.731 deg, 0.29s 
AO iter 2 - EM: NLL=591.5689, 0.41s 
AO iter 2 - LBFGS: NLL=586.0334  mean_cds=9.058e-09  mean_casa=8.859 deg, 0.56s 
AO iter 3 - EM: NLL=583.9449, 0.68s 
AO iter 3 - LBFGS: NLL=579.4667  mean_cds=8.871e-09  mean_casa=9.336 deg, 0.83s 
mc_idx = 89/100, 耗时 133.22s 
AO iter 1 - EM: NLL=671.5909, 0.12s 
AO iter 1 - LBFGS: NLL=662.4152  mean_cds=9.808e-09  mean_casa=12.185 deg, 0.28s 
AO iter 2 - EM: NLL=632.8859, 0.40s 
AO iter 2 - LBFGS: NLL=622.1531  mean_cds=9.970e-09  mean_casa=11.359 deg, 0.57s 
AO iter 3 - EM: NLL=618.7527, 0.69s 
AO iter 3 - LBFGS: NLL=617.4265  mean_cds=1.029e-08  mean_casa=11.553 deg, 0.85s 
mc_idx = 90/100, 耗时 134.71s 
AO iter 1 - EM: NLL=662.2049, 0.12s 
AO iter 1 - LBFGS: NLL=651.5333  mean_cds=1.066e-08  mean_casa=9.237 deg, 0.27s 
AO iter 2 - EM: NLL=645.8702, 0.40s 
AO iter 2 - LBFGS: NLL=641.8667  mean_cds=1.051e-08  mean_casa=9.013 deg, 0.55s 
AO iter 3 - EM: NLL=640.3947, 0.67s 
AO iter 3 - LBFGS: NLL=638.3470  mean_cds=1.042e-08  mean_casa=8.728 deg, 0.83s 
mc_idx = 91/100, 耗时 136.19s 
AO iter 1 - EM: NLL=709.2553, 0.12s 
AO iter 1 - LBFGS: NLL=700.2674  mean_cds=1.046e-08  mean_casa=9.917 deg, 0.28s 
AO iter 2 - EM: NLL=695.2427, 0.41s 
AO iter 2 - LBFGS: NLL=689.1194  mean_cds=1.010e-08  mean_casa=10.319 deg, 0.58s 
AO iter 3 - EM: NLL=685.4742, 0.70s 
AO iter 3 - LBFGS: NLL=682.9725  mean_cds=9.845e-09  mean_casa=10.404 deg, 0.87s 
mc_idx = 92/100, 耗时 137.70s 
AO iter 1 - EM: NLL=658.7881, 0.12s 
AO iter 1 - LBFGS: NLL=645.0025  mean_cds=1.008e-08  mean_casa=8.921 deg, 0.28s 
AO iter 2 - EM: NLL=635.5332, 0.40s 
AO iter 2 - LBFGS: NLL=629.6850  mean_cds=9.908e-09  mean_casa=8.909 deg, 0.58s 
AO iter 3 - EM: NLL=627.4391, 0.70s 
AO iter 3 - LBFGS: NLL=621.5215  mean_cds=9.811e-09  mean_casa=9.051 deg, 0.85s 
mc_idx = 93/100, 耗时 139.20s 
AO iter 1 - EM: NLL=601.7368, 0.12s 
AO iter 1 - LBFGS: NLL=588.0101  mean_cds=1.050e-08  mean_casa=9.327 deg, 0.29s 
AO iter 2 - EM: NLL=579.3094, 0.42s 
AO iter 2 - LBFGS: NLL=575.6201  mean_cds=9.814e-09  mean_casa=8.275 deg, 0.57s 
AO iter 3 - EM: NLL=573.8786, 0.69s 
AO iter 3 - LBFGS: NLL=571.6564  mean_cds=9.607e-09  mean_casa=8.243 deg, 0.86s 
mc_idx = 94/100, 耗时 140.71s 
AO iter 1 - EM: NLL=662.7419, 0.12s 
AO iter 1 - LBFGS: NLL=650.7019  mean_cds=1.021e-08  mean_casa=9.932 deg, 0.28s 
AO iter 2 - EM: NLL=635.7429, 0.40s 
AO iter 2 - LBFGS: NLL=627.8172  mean_cds=9.541e-09  mean_casa=11.237 deg, 0.55s 
AO iter 3 - EM: NLL=623.9173, 0.68s 
AO iter 3 - LBFGS: NLL=622.8942  mean_cds=9.518e-09  mean_casa=11.293 deg, 0.84s 
mc_idx = 95/100, 耗时 142.21s 
AO iter 1 - EM: NLL=653.9777, 0.12s 
AO iter 1 - LBFGS: NLL=636.7328  mean_cds=1.022e-08  mean_casa=9.594 deg, 0.28s 
AO iter 2 - EM: NLL=627.5676, 0.41s 
AO iter 2 - LBFGS: NLL=619.9195  mean_cds=9.577e-09  mean_casa=9.498 deg, 0.56s 
AO iter 3 - EM: NLL=617.6918, 0.68s 
AO iter 3 - LBFGS: NLL=614.4413  mean_cds=9.169e-09  mean_casa=9.480 deg, 0.83s 
mc_idx = 96/100, 耗时 143.70s 
AO iter 1 - EM: NLL=742.1092, 0.12s 
AO iter 1 - LBFGS: NLL=702.1942  mean_cds=1.783e-07  mean_casa=36.437 deg, 0.27s 
AO iter 2 - EM: NLL=697.7132, 0.39s 
AO iter 2 - LBFGS: NLL=673.5891  mean_cds=2.336e-06  mean_casa=72.556 deg, 0.53s 
AO iter 3 - EM: NLL=670.4137, 0.66s 
AO iter 3 - LBFGS: NLL=657.6171  mean_cds=2.322e-06  mean_casa=79.782 deg, 0.80s 
mc_idx = 97/100, 耗时 145.16s 
AO iter 1 - EM: NLL=624.3591, 0.12s 
AO iter 1 - LBFGS: NLL=612.2958  mean_cds=1.052e-08  mean_casa=9.724 deg, 0.28s 
AO iter 2 - EM: NLL=598.4537, 0.40s 
AO iter 2 - LBFGS: NLL=591.5378  mean_cds=1.044e-08  mean_casa=9.833 deg, 0.56s 
AO iter 3 - EM: NLL=589.4290, 0.68s 
AO iter 3 - LBFGS: NLL=587.0191  mean_cds=1.044e-08  mean_casa=9.788 deg, 0.83s 
mc_idx = 98/100, 耗时 146.64s 
AO iter 1 - EM: NLL=699.5082, 0.12s 
AO iter 1 - LBFGS: NLL=684.6380  mean_cds=1.057e-08  mean_casa=9.488 deg, 0.28s 
AO iter 2 - EM: NLL=674.6792, 0.41s 
AO iter 2 - LBFGS: NLL=663.7402  mean_cds=1.034e-08  mean_casa=9.134 deg, 0.57s 
AO iter 3 - EM: NLL=659.8116, 0.69s 
AO iter 3 - LBFGS: NLL=656.9342  mean_cds=1.053e-08  mean_casa=9.216 deg, 0.83s 
mc_idx = 99/100, 耗时 148.13s 
AO iter 1 - EM: NLL=687.2073, 0.12s 
AO iter 1 - LBFGS: NLL=666.8307  mean_cds=1.025e-08  mean_casa=9.604 deg, 0.28s 
AO iter 2 - EM: NLL=654.2415, 0.40s 
AO iter 2 - LBFGS: NLL=642.0933  mean_cds=9.870e-09  mean_casa=9.522 deg, 0.56s 
AO iter 3 - EM: NLL=638.4695, 0.68s 
AO iter 3 - LBFGS: NLL=635.4515  mean_cds=9.815e-09  mean_casa=9.622 deg, 0.83s 
mc_idx = 100/100, 耗时 149.61s 
Prior mismatch: axis 2, actual/assumed SD 2.0
开始MonteCarlo仿真...... 
AO iter 1 - EM: NLL=741.4966, 0.12s 
AO iter 1 - LBFGS: NLL=707.1841  mean_cds=1.018e-08  mean_casa=9.986 deg, 0.29s 
AO iter 2 - EM: NLL=685.7530, 0.41s 
AO iter 2 - LBFGS: NLL=682.8485  mean_cds=1.011e-08  mean_casa=10.035 deg, 0.56s 
AO iter 3 - EM: NLL=679.6520, 0.69s 
AO iter 3 - LBFGS: NLL=676.1706  mean_cds=1.041e-08  mean_casa=10.331 deg, 0.83s 
mc_idx = 1/100, 耗时 1.48s 
AO iter 1 - EM: NLL=620.8514, 0.12s 
AO iter 1 - LBFGS: NLL=603.2890  mean_cds=1.050e-08  mean_casa=9.969 deg, 0.31s 
AO iter 2 - EM: NLL=591.9723, 0.43s 
AO iter 2 - LBFGS: NLL=585.2431  mean_cds=1.016e-08  mean_casa=10.513 deg, 0.60s 
AO iter 3 - EM: NLL=583.3116, 0.73s 
AO iter 3 - LBFGS: NLL=579.5406  mean_cds=1.010e-08  mean_casa=10.626 deg, 0.90s 
mc_idx = 2/100, 耗时 3.02s 
AO iter 1 - EM: NLL=729.8831, 0.12s 
AO iter 1 - LBFGS: NLL=710.3910  mean_cds=9.997e-09  mean_casa=9.480 deg, 0.28s 
AO iter 2 - EM: NLL=684.8815, 0.40s 
AO iter 2 - LBFGS: NLL=678.1641  mean_cds=9.639e-09  mean_casa=9.413 deg, 0.57s 
AO iter 3 - EM: NLL=674.5999, 0.69s 
AO iter 3 - LBFGS: NLL=669.9474  mean_cds=9.325e-09  mean_casa=9.627 deg, 0.85s 
mc_idx = 3/100, 耗时 4.52s 
AO iter 1 - EM: NLL=725.8002, 0.12s 
AO iter 1 - LBFGS: NLL=704.4644  mean_cds=1.050e-08  mean_casa=10.041 deg, 0.28s 
AO iter 2 - EM: NLL=692.6951, 0.41s 
AO iter 2 - LBFGS: NLL=687.2967  mean_cds=1.021e-08  mean_casa=10.563 deg, 0.55s 
AO iter 3 - EM: NLL=684.1815, 0.67s 
AO iter 3 - LBFGS: NLL=683.1554  mean_cds=1.019e-08  mean_casa=10.581 deg, 0.83s 
mc_idx = 4/100, 耗时 5.98s 
AO iter 1 - EM: NLL=755.6563, 0.12s 
AO iter 1 - LBFGS: NLL=714.1884  mean_cds=1.116e-08  mean_casa=11.318 deg, 0.28s 
AO iter 2 - EM: NLL=699.1533, 0.40s 
AO iter 2 - LBFGS: NLL=692.6361  mean_cds=1.251e-08  mean_casa=12.405 deg, 0.56s 
AO iter 3 - EM: NLL=688.9964, 0.69s 
AO iter 3 - LBFGS: NLL=684.3039  mean_cds=1.732e-08  mean_casa=14.078 deg, 0.84s 
mc_idx = 5/100, 耗时 7.47s 
AO iter 1 - EM: NLL=716.7128, 0.12s 
AO iter 1 - LBFGS: NLL=694.4278  mean_cds=1.041e-08  mean_casa=9.528 deg, 0.29s 
AO iter 2 - EM: NLL=684.2433, 0.41s 
AO iter 2 - LBFGS: NLL=674.3263  mean_cds=1.044e-08  mean_casa=9.928 deg, 0.56s 
AO iter 3 - EM: NLL=671.0608, 0.69s 
AO iter 3 - LBFGS: NLL=668.7588  mean_cds=1.057e-08  mean_casa=10.185 deg, 0.84s 
mc_idx = 6/100, 耗时 8.95s 
AO iter 1 - EM: NLL=665.8791, 0.12s 
AO iter 1 - LBFGS: NLL=644.4338  mean_cds=1.052e-08  mean_casa=9.854 deg, 0.29s 
AO iter 2 - EM: NLL=629.8331, 0.41s 
AO iter 2 - LBFGS: NLL=624.9300  mean_cds=1.033e-08  mean_casa=9.953 deg, 0.58s 
AO iter 3 - EM: NLL=622.7901, 0.70s 
AO iter 3 - LBFGS: NLL=620.2138  mean_cds=1.024e-08  mean_casa=10.177 deg, 0.86s 
mc_idx = 7/100, 耗时 10.47s 
AO iter 1 - EM: NLL=629.6226, 0.13s 
AO iter 1 - LBFGS: NLL=608.6265  mean_cds=1.044e-08  mean_casa=9.285 deg, 0.30s 
AO iter 2 - EM: NLL=599.1538, 0.43s 
AO iter 2 - LBFGS: NLL=592.0669  mean_cds=1.014e-08  mean_casa=9.132 deg, 0.60s 
AO iter 3 - EM: NLL=589.5068, 0.72s 
AO iter 3 - LBFGS: NLL=585.4603  mean_cds=9.922e-09  mean_casa=8.830 deg, 0.88s 
mc_idx = 8/100, 耗时 12.01s 
AO iter 1 - EM: NLL=811.2308, 0.12s 
AO iter 1 - LBFGS: NLL=771.5647  mean_cds=1.053e-08  mean_casa=10.162 deg, 0.30s 
AO iter 2 - EM: NLL=745.3701, 0.43s 
AO iter 2 - LBFGS: NLL=731.0181  mean_cds=1.017e-08  mean_casa=10.810 deg, 0.59s 
AO iter 3 - EM: NLL=720.1692, 0.71s 
AO iter 3 - LBFGS: NLL=718.2042  mean_cds=1.014e-08  mean_casa=10.737 deg, 0.87s 
mc_idx = 9/100, 耗时 13.53s 
AO iter 1 - EM: NLL=642.6875, 0.13s 
AO iter 1 - LBFGS: NLL=629.2593  mean_cds=1.069e-08  mean_casa=9.784 deg, 0.31s 
AO iter 2 - EM: NLL=622.8170, 0.43s 
AO iter 2 - LBFGS: NLL=616.4673  mean_cds=1.031e-08  mean_casa=9.716 deg, 0.59s 
AO iter 3 - EM: NLL=612.4129, 0.71s 
AO iter 3 - LBFGS: NLL=610.2077  mean_cds=1.035e-08  mean_casa=9.657 deg, 0.86s 
mc_idx = 10/100, 耗时 15.04s 
AO iter 1 - EM: NLL=644.8214, 0.12s 
AO iter 1 - LBFGS: NLL=627.1881  mean_cds=1.027e-08  mean_casa=9.753 deg, 0.29s 
AO iter 2 - EM: NLL=616.3060, 0.41s 
AO iter 2 - LBFGS: NLL=611.1251  mean_cds=9.840e-09  mean_casa=9.926 deg, 0.56s 
AO iter 3 - EM: NLL=609.5389, 0.69s 
AO iter 3 - LBFGS: NLL=606.9095  mean_cds=9.847e-09  mean_casa=9.991 deg, 0.85s 
mc_idx = 11/100, 耗时 16.55s 
AO iter 1 - EM: NLL=670.2175, 0.13s 
AO iter 1 - LBFGS: NLL=658.9249  mean_cds=1.064e-08  mean_casa=9.786 deg, 0.31s 
AO iter 2 - EM: NLL=646.1753, 0.43s 
AO iter 2 - LBFGS: NLL=637.3877  mean_cds=9.722e-09  mean_casa=10.455 deg, 0.58s 
AO iter 3 - EM: NLL=634.7732, 0.70s 
AO iter 3 - LBFGS: NLL=633.9066  mean_cds=9.789e-09  mean_casa=10.473 deg, 0.85s 
mc_idx = 12/100, 耗时 18.06s 
AO iter 1 - EM: NLL=698.7590, 0.12s 
AO iter 1 - LBFGS: NLL=684.9479  mean_cds=9.899e-09  mean_casa=9.494 deg, 0.28s 
AO iter 2 - EM: NLL=674.8895, 0.41s 
AO iter 2 - LBFGS: NLL=671.2454  mean_cds=9.380e-09  mean_casa=9.538 deg, 0.57s 
AO iter 3 - EM: NLL=667.4449, 0.69s 
AO iter 3 - LBFGS: NLL=664.6180  mean_cds=8.922e-09  mean_casa=9.577 deg, 0.84s 
mc_idx = 13/100, 耗时 19.56s 
AO iter 1 - EM: NLL=677.4588, 0.13s 
AO iter 1 - LBFGS: NLL=646.0010  mean_cds=9.904e-09  mean_casa=9.400 deg, 0.29s 
AO iter 2 - EM: NLL=630.0456, 0.41s 
AO iter 2 - LBFGS: NLL=622.6894  mean_cds=9.263e-09  mean_casa=9.686 deg, 0.57s 
AO iter 3 - EM: NLL=619.8107, 0.69s 
AO iter 3 - LBFGS: NLL=612.0065  mean_cds=8.600e-09  mean_casa=9.935 deg, 0.85s 
mc_idx = 14/100, 耗时 21.06s 
AO iter 1 - EM: NLL=667.3228, 0.12s 
AO iter 1 - LBFGS: NLL=657.7982  mean_cds=1.037e-08  mean_casa=9.767 deg, 0.28s 
AO iter 2 - EM: NLL=644.8543, 0.41s 
AO iter 2 - LBFGS: NLL=642.6733  mean_cds=1.016e-08  mean_casa=9.755 deg, 0.57s 
AO iter 3 - EM: NLL=639.9417, 0.70s 
AO iter 3 - LBFGS: NLL=637.8169  mean_cds=9.790e-09  mean_casa=9.655 deg, 0.86s 
mc_idx = 15/100, 耗时 22.59s 
AO iter 1 - EM: NLL=681.7361, 0.12s 
AO iter 1 - LBFGS: NLL=667.2404  mean_cds=9.978e-09  mean_casa=9.905 deg, 0.29s 
AO iter 2 - EM: NLL=659.4469, 0.41s 
AO iter 2 - LBFGS: NLL=648.3771  mean_cds=9.633e-09  mean_casa=10.351 deg, 0.58s 
AO iter 3 - EM: NLL=645.7166, 0.70s 
AO iter 3 - LBFGS: NLL=641.4384  mean_cds=9.093e-09  mean_casa=10.805 deg, 0.85s 
mc_idx = 16/100, 耗时 24.10s 
AO iter 1 - EM: NLL=692.8943, 0.13s 
AO iter 1 - LBFGS: NLL=668.2618  mean_cds=1.045e-08  mean_casa=9.783 deg, 0.29s 
AO iter 2 - EM: NLL=656.8846, 0.42s 
AO iter 2 - LBFGS: NLL=641.3347  mean_cds=1.109e-08  mean_casa=10.392 deg, 0.57s 
AO iter 3 - EM: NLL=637.9762, 0.70s 
AO iter 3 - LBFGS: NLL=635.9179  mean_cds=1.088e-08  mean_casa=10.455 deg, 0.86s 
mc_idx = 17/100, 耗时 25.62s 
AO iter 1 - EM: NLL=726.1577, 0.12s 
AO iter 1 - LBFGS: NLL=720.1669  mean_cds=1.066e-08  mean_casa=9.828 deg, 0.28s 
AO iter 2 - EM: NLL=710.9594, 0.41s 
AO iter 2 - LBFGS: NLL=708.1481  mean_cds=1.041e-08  mean_casa=9.874 deg, 0.56s 
AO iter 3 - EM: NLL=705.0367, 0.69s 
AO iter 3 - LBFGS: NLL=702.9252  mean_cds=1.027e-08  mean_casa=9.774 deg, 0.84s 
mc_idx = 18/100, 耗时 27.12s 
AO iter 1 - EM: NLL=686.6523, 0.12s 
AO iter 1 - LBFGS: NLL=670.4821  mean_cds=1.040e-08  mean_casa=9.642 deg, 0.28s 
AO iter 2 - EM: NLL=655.7732, 0.41s 
AO iter 2 - LBFGS: NLL=638.5218  mean_cds=1.058e-08  mean_casa=10.183 deg, 0.56s 
AO iter 3 - EM: NLL=635.1089, 0.68s 
AO iter 3 - LBFGS: NLL=626.2945  mean_cds=1.027e-08  mean_casa=10.561 deg, 0.84s 
mc_idx = 19/100, 耗时 28.61s 
AO iter 1 - EM: NLL=643.3660, 0.13s 
AO iter 1 - LBFGS: NLL=625.6103  mean_cds=1.015e-08  mean_casa=9.524 deg, 0.30s 
AO iter 2 - EM: NLL=613.5554, 0.42s 
AO iter 2 - LBFGS: NLL=609.7220  mean_cds=9.854e-09  mean_casa=9.628 deg, 0.59s 
AO iter 3 - EM: NLL=608.7036, 0.73s 
AO iter 3 - LBFGS: NLL=602.7616  mean_cds=9.569e-09  mean_casa=10.236 deg, 0.90s 
mc_idx = 20/100, 耗时 30.16s 
AO iter 1 - EM: NLL=679.4141, 0.12s 
AO iter 1 - LBFGS: NLL=661.3797  mean_cds=1.033e-08  mean_casa=9.709 deg, 0.30s 
AO iter 2 - EM: NLL=649.4047, 0.42s 
AO iter 2 - LBFGS: NLL=638.2291  mean_cds=8.725e-09  mean_casa=10.482 deg, 0.58s 
AO iter 3 - EM: NLL=632.1170, 0.70s 
AO iter 3 - LBFGS: NLL=627.5763  mean_cds=8.825e-09  mean_casa=9.884 deg, 0.85s 
mc_idx = 21/100, 耗时 31.66s 
AO iter 1 - EM: NLL=654.7508, 0.13s 
AO iter 1 - LBFGS: NLL=639.3796  mean_cds=1.042e-08  mean_casa=9.965 deg, 0.31s 
AO iter 2 - EM: NLL=627.5428, 0.44s 
AO iter 2 - LBFGS: NLL=618.7706  mean_cds=1.040e-08  mean_casa=11.197 deg, 0.59s 
AO iter 3 - EM: NLL=612.2794, 0.74s 
AO iter 3 - LBFGS: NLL=609.3687  mean_cds=1.039e-08  mean_casa=11.556 deg, 0.91s 
mc_idx = 22/100, 耗时 33.23s 
AO iter 1 - EM: NLL=589.5460, 0.12s 
AO iter 1 - LBFGS: NLL=569.7707  mean_cds=1.021e-08  mean_casa=9.710 deg, 0.29s 
AO iter 2 - EM: NLL=563.7114, 0.41s 
AO iter 2 - LBFGS: NLL=550.4382  mean_cds=9.251e-09  mean_casa=10.242 deg, 0.56s 
AO iter 3 - EM: NLL=549.2768, 0.69s 
AO iter 3 - LBFGS: NLL=546.3909  mean_cds=9.205e-09  mean_casa=10.304 deg, 0.85s 
mc_idx = 23/100, 耗时 34.72s 
AO iter 1 - EM: NLL=615.1913, 0.12s 
AO iter 1 - LBFGS: NLL=598.5939  mean_cds=1.005e-08  mean_casa=9.250 deg, 0.28s 
AO iter 2 - EM: NLL=587.0865, 0.41s 
AO iter 2 - LBFGS: NLL=582.5048  mean_cds=9.644e-09  mean_casa=9.396 deg, 0.57s 
AO iter 3 - EM: NLL=581.2559, 0.69s 
AO iter 3 - LBFGS: NLL=576.2787  mean_cds=9.192e-09  mean_casa=9.361 deg, 0.84s 
mc_idx = 24/100, 耗时 36.22s 
AO iter 1 - EM: NLL=618.9591, 0.14s 
AO iter 1 - LBFGS: NLL=600.4098  mean_cds=1.021e-08  mean_casa=9.602 deg, 0.31s 
AO iter 2 - EM: NLL=589.6015, 0.43s 
AO iter 2 - LBFGS: NLL=586.4946  mean_cds=1.009e-08  mean_casa=9.567 deg, 0.59s 
AO iter 3 - EM: NLL=583.4910, 0.71s 
AO iter 3 - LBFGS: NLL=579.9593  mean_cds=9.666e-09  mean_casa=9.719 deg, 0.86s 
mc_idx = 25/100, 耗时 37.73s 
AO iter 1 - EM: NLL=653.5374, 0.12s 
AO iter 1 - LBFGS: NLL=638.2335  mean_cds=1.046e-08  mean_casa=9.586 deg, 0.29s 
AO iter 2 - EM: NLL=627.3955, 0.42s 
AO iter 2 - LBFGS: NLL=620.3869  mean_cds=1.010e-08  mean_casa=9.647 deg, 0.58s 
AO iter 3 - EM: NLL=617.2835, 0.71s 
AO iter 3 - LBFGS: NLL=611.9530  mean_cds=9.712e-09  mean_casa=9.551 deg, 0.86s 
mc_idx = 26/100, 耗时 39.25s 
AO iter 1 - EM: NLL=763.0635, 0.12s 
AO iter 1 - LBFGS: NLL=715.3046  mean_cds=1.012e-08  mean_casa=10.498 deg, 0.29s 
AO iter 2 - EM: NLL=692.2531, 0.41s 
AO iter 2 - LBFGS: NLL=681.4833  mean_cds=9.990e-09  mean_casa=10.368 deg, 0.57s 
AO iter 3 - EM: NLL=674.5410, 0.70s 
AO iter 3 - LBFGS: NLL=673.3409  mean_cds=9.974e-09  mean_casa=10.415 deg, 0.85s 
mc_idx = 27/100, 耗时 40.75s 
AO iter 1 - EM: NLL=673.0330, 0.12s 
AO iter 1 - LBFGS: NLL=664.7596  mean_cds=1.073e-08  mean_casa=9.839 deg, 0.29s 
AO iter 2 - EM: NLL=659.0737, 0.41s 
AO iter 2 - LBFGS: NLL=650.1884  mean_cds=1.234e-08  mean_casa=11.171 deg, 0.56s 
AO iter 3 - EM: NLL=639.8210, 0.69s 
AO iter 3 - LBFGS: NLL=637.0607  mean_cds=1.210e-08  mean_casa=11.071 deg, 0.87s 
mc_idx = 28/100, 耗时 42.28s 
AO iter 1 - EM: NLL=644.1833, 0.12s 
AO iter 1 - LBFGS: NLL=625.4417  mean_cds=1.066e-08  mean_casa=9.725 deg, 0.29s 
AO iter 2 - EM: NLL=608.4116, 0.42s 
AO iter 2 - LBFGS: NLL=605.6896  mean_cds=1.049e-08  mean_casa=9.588 deg, 0.57s 
AO iter 3 - EM: NLL=601.6977, 0.69s 
AO iter 3 - LBFGS: NLL=599.9504  mean_cds=1.036e-08  mean_casa=9.563 deg, 0.86s 
mc_idx = 29/100, 耗时 43.79s 
AO iter 1 - EM: NLL=692.4039, 0.12s 
AO iter 1 - LBFGS: NLL=674.5827  mean_cds=1.061e-08  mean_casa=9.864 deg, 0.31s 
AO iter 2 - EM: NLL=645.4349, 0.43s 
AO iter 2 - LBFGS: NLL=637.2150  mean_cds=1.017e-08  mean_casa=10.635 deg, 0.59s 
AO iter 3 - EM: NLL=634.9736, 0.71s 
AO iter 3 - LBFGS: NLL=633.0658  mean_cds=1.009e-08  mean_casa=10.802 deg, 0.87s 
mc_idx = 30/100, 耗时 45.33s 
AO iter 1 - EM: NLL=654.3529, 0.12s 
AO iter 1 - LBFGS: NLL=641.5400  mean_cds=1.045e-08  mean_casa=9.490 deg, 0.29s 
AO iter 2 - EM: NLL=634.3605, 0.42s 
AO iter 2 - LBFGS: NLL=626.7122  mean_cds=9.490e-09  mean_casa=9.477 deg, 0.57s 
AO iter 3 - EM: NLL=624.2049, 0.70s 
AO iter 3 - LBFGS: NLL=623.0829  mean_cds=9.505e-09  mean_casa=9.631 deg, 0.85s 
mc_idx = 31/100, 耗时 46.84s 
AO iter 1 - EM: NLL=620.0339, 0.13s 
AO iter 1 - LBFGS: NLL=603.7274  mean_cds=1.084e-08  mean_casa=9.594 deg, 0.29s 
AO iter 2 - EM: NLL=595.1648, 0.41s 
AO iter 2 - LBFGS: NLL=590.5026  mean_cds=1.076e-08  mean_casa=9.441 deg, 0.56s 
AO iter 3 - EM: NLL=587.3645, 0.69s 
AO iter 3 - LBFGS: NLL=586.3004  mean_cds=1.058e-08  mean_casa=9.380 deg, 0.85s 
mc_idx = 32/100, 耗时 48.35s 
AO iter 1 - EM: NLL=685.4354, 0.12s 
AO iter 1 - LBFGS: NLL=672.2412  mean_cds=1.081e-08  mean_casa=9.848 deg, 0.29s 
AO iter 2 - EM: NLL=661.1287, 0.41s 
AO iter 2 - LBFGS: NLL=657.8727  mean_cds=1.084e-08  mean_casa=10.123 deg, 0.57s 
AO iter 3 - EM: NLL=656.7546, 0.69s 
AO iter 3 - LBFGS: NLL=653.7984  mean_cds=1.092e-08  mean_casa=10.499 deg, 0.85s 
mc_idx = 33/100, 耗时 49.85s 
AO iter 1 - EM: NLL=758.2917, 0.12s 
AO iter 1 - LBFGS: NLL=747.6603  mean_cds=1.084e-08  mean_casa=9.987 deg, 0.28s 
AO iter 2 - EM: NLL=727.0912, 0.41s 
AO iter 2 - LBFGS: NLL=721.7777  mean_cds=1.060e-08  mean_casa=10.451 deg, 0.56s 
AO iter 3 - EM: NLL=718.9440, 0.68s 
AO iter 3 - LBFGS: NLL=716.5984  mean_cds=1.055e-08  mean_casa=10.592 deg, 0.84s 
mc_idx = 34/100, 耗时 51.34s 
AO iter 1 - EM: NLL=730.0186, 0.12s 
AO iter 1 - LBFGS: NLL=691.9116  mean_cds=1.010e-08  mean_casa=8.989 deg, 0.29s 
AO iter 2 - EM: NLL=679.5017, 0.41s 
AO iter 2 - LBFGS: NLL=671.6861  mean_cds=9.693e-09  mean_casa=9.102 deg, 0.58s 
AO iter 3 - EM: NLL=670.0678, 0.70s 
AO iter 3 - LBFGS: NLL=665.7718  mean_cds=9.607e-09  mean_casa=9.305 deg, 0.86s 
mc_idx = 35/100, 耗时 52.84s 
AO iter 1 - EM: NLL=622.6379, 0.13s 
AO iter 1 - LBFGS: NLL=593.5608  mean_cds=9.071e-09  mean_casa=9.592 deg, 0.28s 
AO iter 2 - EM: NLL=580.2363, 0.41s 
AO iter 2 - LBFGS: NLL=571.0663  mean_cds=8.455e-09  mean_casa=10.144 deg, 0.57s 
AO iter 3 - EM: NLL=568.7018, 0.69s 
AO iter 3 - LBFGS: NLL=564.3516  mean_cds=8.093e-09  mean_casa=10.848 deg, 0.87s 
mc_idx = 36/100, 耗时 54.37s 
AO iter 1 - EM: NLL=776.6580, 0.13s 
AO iter 1 - LBFGS: NLL=763.2150  mean_cds=1.058e-08  mean_casa=10.190 deg, 0.30s 
AO iter 2 - EM: NLL=754.5048, 0.42s 
AO iter 2 - LBFGS: NLL=750.0810  mean_cds=1.015e-08  mean_casa=10.502 deg, 0.57s 
AO iter 3 - EM: NLL=747.9254, 0.70s 
AO iter 3 - LBFGS: NLL=744.2961  mean_cds=9.722e-09  mean_casa=10.836 deg, 0.86s 
mc_idx = 37/100, 耗时 55.89s 
AO iter 1 - EM: NLL=703.5205, 0.13s 
AO iter 1 - LBFGS: NLL=687.9982  mean_cds=1.048e-08  mean_casa=9.839 deg, 0.29s 
AO iter 2 - EM: NLL=667.7261, 0.42s 
AO iter 2 - LBFGS: NLL=663.4782  mean_cds=1.013e-08  mean_casa=9.666 deg, 0.57s 
AO iter 3 - EM: NLL=659.6516, 0.69s 
AO iter 3 - LBFGS: NLL=657.8847  mean_cds=9.933e-09  mean_casa=9.626 deg, 0.84s 
mc_idx = 38/100, 耗时 57.44s 
AO iter 1 - EM: NLL=682.3697, 0.13s 
AO iter 1 - LBFGS: NLL=662.0089  mean_cds=1.023e-08  mean_casa=9.863 deg, 0.30s 
AO iter 2 - EM: NLL=651.8843, 0.42s 
AO iter 2 - LBFGS: NLL=639.1443  mean_cds=8.760e-09  mean_casa=10.281 deg, 0.58s 
AO iter 3 - EM: NLL=632.7652, 0.70s 
AO iter 3 - LBFGS: NLL=628.7890  mean_cds=8.624e-09  mean_casa=10.411 deg, 0.86s 
mc_idx = 39/100, 耗时 58.96s 
AO iter 1 - EM: NLL=697.8707, 0.12s 
AO iter 1 - LBFGS: NLL=679.4024  mean_cds=9.820e-09  mean_casa=9.936 deg, 0.29s 
AO iter 2 - EM: NLL=661.5442, 0.41s 
AO iter 2 - LBFGS: NLL=651.5441  mean_cds=9.016e-09  mean_casa=10.597 deg, 0.56s 
AO iter 3 - EM: NLL=648.7316, 0.68s 
AO iter 3 - LBFGS: NLL=643.7859  mean_cds=8.745e-09  mean_casa=11.043 deg, 0.84s 
mc_idx = 40/100, 耗时 60.44s 
AO iter 1 - EM: NLL=705.1609, 0.13s 
AO iter 1 - LBFGS: NLL=685.1698  mean_cds=1.096e-08  mean_casa=10.759 deg, 0.30s 
AO iter 2 - EM: NLL=660.9412, 0.43s 
AO iter 2 - LBFGS: NLL=639.2959  mean_cds=1.062e-08  mean_casa=10.783 deg, 0.59s 
AO iter 3 - EM: NLL=635.7271, 0.71s 
AO iter 3 - LBFGS: NLL=634.3810  mean_cds=1.083e-08  mean_casa=11.012 deg, 0.87s 
mc_idx = 41/100, 耗时 61.96s 
AO iter 1 - EM: NLL=699.2569, 0.12s 
AO iter 1 - LBFGS: NLL=678.3594  mean_cds=1.116e-08  mean_casa=10.175 deg, 0.28s 
AO iter 2 - EM: NLL=658.4497, 0.40s 
AO iter 2 - LBFGS: NLL=642.2362  mean_cds=9.899e-09  mean_casa=10.288 deg, 0.57s 
AO iter 3 - EM: NLL=631.9078, 0.69s 
AO iter 3 - LBFGS: NLL=627.0579  mean_cds=9.391e-09  mean_casa=10.638 deg, 0.85s 
mc_idx = 42/100, 耗时 63.46s 
AO iter 1 - EM: NLL=675.2294, 0.13s 
AO iter 1 - LBFGS: NLL=659.5075  mean_cds=1.035e-08  mean_casa=9.898 deg, 0.33s 
AO iter 2 - EM: NLL=652.1605, 0.45s 
AO iter 2 - LBFGS: NLL=644.7807  mean_cds=9.253e-09  mean_casa=10.703 deg, 0.60s 
AO iter 3 - EM: NLL=641.2527, 0.73s 
AO iter 3 - LBFGS: NLL=639.3815  mean_cds=9.487e-09  mean_casa=10.994 deg, 0.88s 
mc_idx = 43/100, 耗时 64.99s 
AO iter 1 - EM: NLL=671.9381, 0.12s 
AO iter 1 - LBFGS: NLL=659.1598  mean_cds=1.017e-08  mean_casa=9.916 deg, 0.29s 
AO iter 2 - EM: NLL=644.0039, 0.41s 
AO iter 2 - LBFGS: NLL=638.9353  mean_cds=9.715e-09  mean_casa=10.090 deg, 0.56s 
AO iter 3 - EM: NLL=636.1385, 0.68s 
AO iter 3 - LBFGS: NLL=631.8068  mean_cds=9.536e-09  mean_casa=10.415 deg, 0.83s 
mc_idx = 44/100, 耗时 66.47s 
AO iter 1 - EM: NLL=683.7579, 0.12s 
AO iter 1 - LBFGS: NLL=671.3240  mean_cds=1.014e-08  mean_casa=9.807 deg, 0.29s 
AO iter 2 - EM: NLL=670.4380, 0.41s 
AO iter 2 - LBFGS: NLL=658.8627  mean_cds=9.911e-09  mean_casa=9.921 deg, 0.58s 
AO iter 3 - EM: NLL=649.9841, 0.70s 
AO iter 3 - LBFGS: NLL=647.7190  mean_cds=9.727e-09  mean_casa=10.000 deg, 0.87s 
mc_idx = 45/100, 耗时 68.00s 
AO iter 1 - EM: NLL=752.9401, 0.12s 
AO iter 1 - LBFGS: NLL=742.6299  mean_cds=1.054e-08  mean_casa=9.912 deg, 0.30s 
AO iter 2 - EM: NLL=730.1003, 0.42s 
AO iter 2 - LBFGS: NLL=717.0807  mean_cds=1.002e-08  mean_casa=10.789 deg, 0.58s 
AO iter 3 - EM: NLL=712.8548, 0.71s 
AO iter 3 - LBFGS: NLL=707.2568  mean_cds=9.955e-09  mean_casa=10.455 deg, 0.85s 
mc_idx = 46/100, 耗时 69.50s 
AO iter 1 - EM: NLL=711.8771, 0.12s 
AO iter 1 - LBFGS: NLL=696.9453  mean_cds=9.454e-09  mean_casa=9.396 deg, 0.28s 
AO iter 2 - EM: NLL=682.1861, 0.40s 
AO iter 2 - LBFGS: NLL=673.3046  mean_cds=9.293e-09  mean_casa=9.420 deg, 0.56s 
AO iter 3 - EM: NLL=667.8103, 0.69s 
AO iter 3 - LBFGS: NLL=663.0398  mean_cds=9.198e-09  mean_casa=9.560 deg, 0.84s 
mc_idx = 47/100, 耗时 70.99s 
AO iter 1 - EM: NLL=601.4699, 0.13s 
AO iter 1 - LBFGS: NLL=587.7681  mean_cds=8.747e-09  mean_casa=9.580 deg, 0.29s 
AO iter 2 - EM: NLL=564.8939, 0.42s 
AO iter 2 - LBFGS: NLL=560.2117  mean_cds=8.438e-09  mean_casa=9.778 deg, 0.57s 
AO iter 3 - EM: NLL=556.9417, 0.69s 
AO iter 3 - LBFGS: NLL=552.1717  mean_cds=7.638e-09  mean_casa=9.496 deg, 0.84s 
mc_idx = 48/100, 耗时 72.48s 
AO iter 1 - EM: NLL=648.7155, 0.12s 
AO iter 1 - LBFGS: NLL=627.5419  mean_cds=1.052e-08  mean_casa=9.282 deg, 0.29s 
AO iter 2 - EM: NLL=616.4768, 0.41s 
AO iter 2 - LBFGS: NLL=609.7264  mean_cds=1.017e-08  mean_casa=9.346 deg, 0.56s 
AO iter 3 - EM: NLL=607.1232, 0.68s 
AO iter 3 - LBFGS: NLL=604.6776  mean_cds=1.002e-08  mean_casa=9.341 deg, 0.86s 
mc_idx = 49/100, 耗时 74.01s 
AO iter 1 - EM: NLL=682.7168, 0.12s 
AO iter 1 - LBFGS: NLL=666.1892  mean_cds=1.061e-08  mean_casa=9.881 deg, 0.29s 
AO iter 2 - EM: NLL=655.2548, 0.41s 
AO iter 2 - LBFGS: NLL=651.6101  mean_cds=1.038e-08  mean_casa=10.348 deg, 0.57s 
AO iter 3 - EM: NLL=650.8017, 0.69s 
AO iter 3 - LBFGS: NLL=648.8915  mean_cds=1.029e-08  mean_casa=10.571 deg, 0.85s 
mc_idx = 50/100, 耗时 75.52s 
AO iter 1 - EM: NLL=692.0584, 0.12s 
AO iter 1 - LBFGS: NLL=652.6548  mean_cds=9.546e-09  mean_casa=9.479 deg, 0.29s 
AO iter 2 - EM: NLL=642.5805, 0.41s 
AO iter 2 - LBFGS: NLL=638.8111  mean_cds=9.528e-09  mean_casa=9.690 deg, 0.57s 
AO iter 3 - EM: NLL=636.6510, 0.69s 
AO iter 3 - LBFGS: NLL=633.2493  mean_cds=9.319e-09  mean_casa=9.901 deg, 0.85s 
mc_idx = 51/100, 耗时 77.02s 
AO iter 1 - EM: NLL=803.8256, 0.12s 
AO iter 1 - LBFGS: NLL=763.3929  mean_cds=1.041e-08  mean_casa=10.352 deg, 0.31s 
AO iter 2 - EM: NLL=730.0428, 0.44s 
AO iter 2 - LBFGS: NLL=722.0357  mean_cds=9.161e-09  mean_casa=10.314 deg, 0.59s 
AO iter 3 - EM: NLL=720.3136, 0.72s 
AO iter 3 - LBFGS: NLL=718.7176  mean_cds=9.102e-09  mean_casa=10.621 deg, 0.87s 
mc_idx = 52/100, 耗时 78.54s 
AO iter 1 - EM: NLL=640.6289, 0.12s 
AO iter 1 - LBFGS: NLL=613.4695  mean_cds=1.026e-08  mean_casa=9.471 deg, 0.30s 
AO iter 2 - EM: NLL=602.3636, 0.42s 
AO iter 2 - LBFGS: NLL=593.5344  mean_cds=1.034e-08  mean_casa=10.451 deg, 0.57s 
AO iter 3 - EM: NLL=590.5957, 0.70s 
AO iter 3 - LBFGS: NLL=587.6532  mean_cds=1.040e-08  mean_casa=10.143 deg, 0.87s 
mc_idx = 53/100, 耗时 80.08s 
AO iter 1 - EM: NLL=657.3476, 0.13s 
AO iter 1 - LBFGS: NLL=639.9420  mean_cds=9.770e-09  mean_casa=9.884 deg, 0.29s 
AO iter 2 - EM: NLL=630.2732, 0.41s 
AO iter 2 - LBFGS: NLL=623.7775  mean_cds=9.241e-09  mean_casa=10.072 deg, 0.57s 
AO iter 3 - EM: NLL=621.6771, 0.70s 
AO iter 3 - LBFGS: NLL=616.7005  mean_cds=8.509e-09  mean_casa=10.173 deg, 0.85s 
mc_idx = 54/100, 耗时 81.58s 
AO iter 1 - EM: NLL=740.0857, 0.12s 
AO iter 1 - LBFGS: NLL=732.3394  mean_cds=1.073e-08  mean_casa=9.862 deg, 0.28s 
AO iter 2 - EM: NLL=715.9130, 0.40s 
AO iter 2 - LBFGS: NLL=710.3306  mean_cds=1.083e-08  mean_casa=9.959 deg, 0.56s 
AO iter 3 - EM: NLL=707.3088, 0.70s 
AO iter 3 - LBFGS: NLL=704.9810  mean_cds=1.079e-08  mean_casa=9.998 deg, 0.85s 
mc_idx = 55/100, 耗时 83.08s 
AO iter 1 - EM: NLL=705.5287, 0.12s 
AO iter 1 - LBFGS: NLL=688.0171  mean_cds=1.053e-08  mean_casa=9.689 deg, 0.29s 
AO iter 2 - EM: NLL=681.3239, 0.41s 
AO iter 2 - LBFGS: NLL=674.8838  mean_cds=1.036e-08  mean_casa=9.858 deg, 0.56s 
AO iter 3 - EM: NLL=671.5552, 0.69s 
AO iter 3 - LBFGS: NLL=664.8095  mean_cds=1.023e-08  mean_casa=9.973 deg, 0.84s 
mc_idx = 56/100, 耗时 84.57s 
AO iter 1 - EM: NLL=680.4967, 0.12s 
AO iter 1 - LBFGS: NLL=672.2737  mean_cds=1.074e-08  mean_casa=9.758 deg, 0.28s 
AO iter 2 - EM: NLL=662.1673, 0.41s 
AO iter 2 - LBFGS: NLL=659.1570  mean_cds=1.043e-08  mean_casa=9.611 deg, 0.56s 
AO iter 3 - EM: NLL=656.5088, 0.68s 
AO iter 3 - LBFGS: NLL=654.4483  mean_cds=1.023e-08  mean_casa=9.357 deg, 0.85s 
mc_idx = 57/100, 耗时 86.08s 
AO iter 1 - EM: NLL=706.6688, 0.13s 
AO iter 1 - LBFGS: NLL=687.8838  mean_cds=1.064e-08  mean_casa=9.694 deg, 0.34s 
AO iter 2 - EM: NLL=678.1181, 0.46s 
AO iter 2 - LBFGS: NLL=671.2240  mean_cds=1.053e-08  mean_casa=9.969 deg, 0.61s 
AO iter 3 - EM: NLL=669.7493, 0.73s 
AO iter 3 - LBFGS: NLL=668.2075  mean_cds=1.049e-08  mean_casa=10.102 deg, 0.89s 
mc_idx = 58/100, 耗时 87.63s 
AO iter 1 - EM: NLL=624.9066, 0.12s 
AO iter 1 - LBFGS: NLL=602.9896  mean_cds=1.057e-08  mean_casa=9.153 deg, 0.28s 
AO iter 2 - EM: NLL=579.1076, 0.41s 
AO iter 2 - LBFGS: NLL=567.5740  mean_cds=1.097e-08  mean_casa=9.883 deg, 0.56s 
AO iter 3 - EM: NLL=565.1121, 0.69s 
AO iter 3 - LBFGS: NLL=562.9018  mean_cds=1.122e-08  mean_casa=9.909 deg, 0.84s 
mc_idx = 59/100, 耗时 89.13s 
AO iter 1 - EM: NLL=826.4867, 0.12s 
AO iter 1 - LBFGS: NLL=806.9208  mean_cds=1.208e-08  mean_casa=420.527 deg, 0.30s 
AO iter 2 - EM: NLL=790.5518, 0.43s 
AO iter 2 - LBFGS: NLL=766.9123  mean_cds=1.160e-08  mean_casa=420.722 deg, 0.59s 
AO iter 3 - EM: NLL=760.6390, 0.71s 
AO iter 3 - LBFGS: NLL=755.7554  mean_cds=1.156e-08  mean_casa=420.825 deg, 0.88s 
mc_idx = 60/100, 耗时 90.67s 
AO iter 1 - EM: NLL=644.8649, 0.12s 
AO iter 1 - LBFGS: NLL=634.2190  mean_cds=1.039e-08  mean_casa=10.013 deg, 0.28s 
AO iter 2 - EM: NLL=631.7555, 0.40s 
AO iter 2 - LBFGS: NLL=629.3769  mean_cds=1.037e-08  mean_casa=10.045 deg, 0.56s 
AO iter 3 - EM: NLL=623.6495, 0.68s 
AO iter 3 - LBFGS: NLL=622.0177  mean_cds=1.022e-08  mean_casa=10.075 deg, 0.83s 
mc_idx = 61/100, 耗时 92.16s 
AO iter 1 - EM: NLL=740.8188, 0.12s 
AO iter 1 - LBFGS: NLL=708.2949  mean_cds=1.025e-08  mean_casa=9.453 deg, 0.30s 
AO iter 2 - EM: NLL=690.2439, 0.43s 
AO iter 2 - LBFGS: NLL=682.3000  mean_cds=1.045e-08  mean_casa=9.631 deg, 0.60s 
AO iter 3 - EM: NLL=680.3340, 0.72s 
AO iter 3 - LBFGS: NLL=678.8390  mean_cds=1.051e-08  mean_casa=9.709 deg, 0.88s 
mc_idx = 62/100, 耗时 93.68s 
AO iter 1 - EM: NLL=649.1784, 0.12s 
AO iter 1 - LBFGS: NLL=627.9575  mean_cds=9.472e-09  mean_casa=9.445 deg, 0.28s 
AO iter 2 - EM: NLL=621.5848, 0.40s 
AO iter 2 - LBFGS: NLL=616.7508  mean_cds=8.856e-09  mean_casa=9.547 deg, 0.57s 
AO iter 3 - EM: NLL=615.1039, 0.69s 
AO iter 3 - LBFGS: NLL=610.7244  mean_cds=7.917e-09  mean_casa=10.559 deg, 0.84s 
mc_idx = 63/100, 耗时 95.19s 
AO iter 1 - EM: NLL=703.9665, 0.12s 
AO iter 1 - LBFGS: NLL=690.1628  mean_cds=1.067e-08  mean_casa=9.793 deg, 0.29s 
AO iter 2 - EM: NLL=684.9507, 0.41s 
AO iter 2 - LBFGS: NLL=674.2141  mean_cds=1.054e-08  mean_casa=9.884 deg, 0.56s 
AO iter 3 - EM: NLL=669.6550, 0.68s 
AO iter 3 - LBFGS: NLL=668.1252  mean_cds=1.047e-08  mean_casa=9.830 deg, 0.85s 
mc_idx = 64/100, 耗时 96.69s 
AO iter 1 - EM: NLL=617.1668, 0.12s 
AO iter 1 - LBFGS: NLL=603.5109  mean_cds=1.069e-08  mean_casa=9.264 deg, 0.29s 
AO iter 2 - EM: NLL=596.9473, 0.41s 
AO iter 2 - LBFGS: NLL=592.3160  mean_cds=1.072e-08  mean_casa=9.232 deg, 0.57s 
AO iter 3 - EM: NLL=590.7301, 0.69s 
AO iter 3 - LBFGS: NLL=588.8154  mean_cds=1.083e-08  mean_casa=9.075 deg, 0.86s 
mc_idx = 65/100, 耗时 98.21s 
AO iter 1 - EM: NLL=613.2480, 0.13s 
AO iter 1 - LBFGS: NLL=595.7555  mean_cds=1.010e-08  mean_casa=9.438 deg, 0.29s 
AO iter 2 - EM: NLL=584.5632, 0.42s 
AO iter 2 - LBFGS: NLL=579.5710  mean_cds=9.911e-09  mean_casa=9.540 deg, 0.57s 
AO iter 3 - EM: NLL=577.7553, 0.69s 
AO iter 3 - LBFGS: NLL=574.9452  mean_cds=9.646e-09  mean_casa=9.653 deg, 0.84s 
mc_idx = 66/100, 耗时 99.70s 
AO iter 1 - EM: NLL=662.4258, 0.13s 
AO iter 1 - LBFGS: NLL=649.1838  mean_cds=1.068e-08  mean_casa=9.917 deg, 0.29s 
AO iter 2 - EM: NLL=634.0614, 0.41s 
AO iter 2 - LBFGS: NLL=625.6426  mean_cds=1.080e-08  mean_casa=10.252 deg, 0.56s 
AO iter 3 - EM: NLL=621.4082, 0.69s 
AO iter 3 - LBFGS: NLL=614.7628  mean_cds=1.153e-08  mean_casa=11.516 deg, 0.84s 
mc_idx = 67/100, 耗时 101.19s 
AO iter 1 - EM: NLL=695.7312, 0.12s 
AO iter 1 - LBFGS: NLL=667.1181  mean_cds=1.014e-08  mean_casa=10.120 deg, 0.28s 
AO iter 2 - EM: NLL=656.1127, 0.40s 
AO iter 2 - LBFGS: NLL=652.1844  mean_cds=9.911e-09  mean_casa=10.299 deg, 0.56s 
AO iter 3 - EM: NLL=649.8373, 0.69s 
AO iter 3 - LBFGS: NLL=644.6545  mean_cds=9.529e-09  mean_casa=11.201 deg, 0.85s 
mc_idx = 68/100, 耗时 102.70s 
AO iter 1 - EM: NLL=690.5837, 0.12s 
AO iter 1 - LBFGS: NLL=669.4714  mean_cds=9.910e-09  mean_casa=9.005 deg, 0.28s 
AO iter 2 - EM: NLL=663.0354, 0.40s 
AO iter 2 - LBFGS: NLL=657.9025  mean_cds=9.183e-09  mean_casa=8.936 deg, 0.56s 
AO iter 3 - EM: NLL=656.4157, 0.68s 
AO iter 3 - LBFGS: NLL=655.6437  mean_cds=9.109e-09  mean_casa=8.941 deg, 0.83s 
mc_idx = 69/100, 耗时 104.18s 
AO iter 1 - EM: NLL=686.0564, 0.12s 
AO iter 1 - LBFGS: NLL=665.8597  mean_cds=1.034e-08  mean_casa=9.757 deg, 0.29s 
AO iter 2 - EM: NLL=651.8535, 0.41s 
AO iter 2 - LBFGS: NLL=636.2574  mean_cds=9.071e-09  mean_casa=9.849 deg, 0.56s 
AO iter 3 - EM: NLL=634.7589, 0.69s 
AO iter 3 - LBFGS: NLL=632.3576  mean_cds=8.911e-09  mean_casa=9.822 deg, 0.85s 
mc_idx = 70/100, 耗时 105.67s 
AO iter 1 - EM: NLL=606.6943, 0.12s 
AO iter 1 - LBFGS: NLL=599.0099  mean_cds=1.058e-08  mean_casa=9.433 deg, 0.28s 
AO iter 2 - EM: NLL=586.3231, 0.40s 
AO iter 2 - LBFGS: NLL=583.5775  mean_cds=1.061e-08  mean_casa=9.378 deg, 0.57s 
AO iter 3 - EM: NLL=581.5661, 0.69s 
AO iter 3 - LBFGS: NLL=576.8757  mean_cds=1.073e-08  mean_casa=8.880 deg, 0.85s 
mc_idx = 71/100, 耗时 107.17s 
AO iter 1 - EM: NLL=641.9330, 0.12s 
AO iter 1 - LBFGS: NLL=624.8415  mean_cds=1.051e-08  mean_casa=9.525 deg, 0.28s 
AO iter 2 - EM: NLL=615.5089, 0.40s 
AO iter 2 - LBFGS: NLL=611.6096  mean_cds=1.046e-08  mean_casa=9.324 deg, 0.56s 
AO iter 3 - EM: NLL=608.5927, 0.68s 
AO iter 3 - LBFGS: NLL=604.0448  mean_cds=1.023e-08  mean_casa=8.800 deg, 0.84s 
mc_idx = 72/100, 耗时 108.66s 
AO iter 1 - EM: NLL=662.5604, 0.12s 
AO iter 1 - LBFGS: NLL=650.2403  mean_cds=1.039e-08  mean_casa=9.729 deg, 0.28s 
AO iter 2 - EM: NLL=642.2092, 0.41s 
AO iter 2 - LBFGS: NLL=635.6265  mean_cds=1.025e-08  mean_casa=9.924 deg, 0.57s 
AO iter 3 - EM: NLL=632.8203, 0.69s 
AO iter 3 - LBFGS: NLL=630.3103  mean_cds=1.020e-08  mean_casa=10.021 deg, 0.84s 
mc_idx = 73/100, 耗时 110.16s 
AO iter 1 - EM: NLL=643.9848, 0.12s 
AO iter 1 - LBFGS: NLL=628.8450  mean_cds=9.488e-09  mean_casa=9.210 deg, 0.29s 
AO iter 2 - EM: NLL=618.5586, 0.42s 
AO iter 2 - LBFGS: NLL=612.6144  mean_cds=9.204e-09  mean_casa=9.195 deg, 0.57s 
AO iter 3 - EM: NLL=610.3091, 0.69s 
AO iter 3 - LBFGS: NLL=605.7654  mean_cds=8.900e-09  mean_casa=9.336 deg, 0.84s 
mc_idx = 74/100, 耗时 111.64s 
AO iter 1 - EM: NLL=671.5560, 0.12s 
AO iter 1 - LBFGS: NLL=661.6671  mean_cds=9.618e-09  mean_casa=9.076 deg, 0.29s 
AO iter 2 - EM: NLL=649.9437, 0.41s 
AO iter 2 - LBFGS: NLL=644.4002  mean_cds=9.426e-09  mean_casa=9.129 deg, 0.59s 
AO iter 3 - EM: NLL=642.2115, 0.71s 
AO iter 3 - LBFGS: NLL=635.4186  mean_cds=9.573e-09  mean_casa=9.296 deg, 0.86s 
mc_idx = 75/100, 耗时 113.15s 
AO iter 1 - EM: NLL=683.2912, 0.12s 
AO iter 1 - LBFGS: NLL=676.0935  mean_cds=1.034e-08  mean_casa=9.982 deg, 0.29s 
AO iter 2 - EM: NLL=667.1447, 0.41s 
AO iter 2 - LBFGS: NLL=662.1475  mean_cds=1.008e-08  mean_casa=10.396 deg, 0.57s 
AO iter 3 - EM: NLL=659.8157, 0.69s 
AO iter 3 - LBFGS: NLL=657.1464  mean_cds=9.989e-09  mean_casa=10.972 deg, 0.84s 
mc_idx = 76/100, 耗时 114.65s 
AO iter 1 - EM: NLL=664.8456, 0.12s 
AO iter 1 - LBFGS: NLL=658.0517  mean_cds=1.058e-08  mean_casa=9.818 deg, 0.28s 
AO iter 2 - EM: NLL=644.4996, 0.41s 
AO iter 2 - LBFGS: NLL=641.5653  mean_cds=1.033e-08  mean_casa=9.856 deg, 0.56s 
AO iter 3 - EM: NLL=637.5260, 0.69s 
AO iter 3 - LBFGS: NLL=635.2882  mean_cds=1.006e-08  mean_casa=9.771 deg, 0.85s 
mc_idx = 77/100, 耗时 116.17s 
AO iter 1 - EM: NLL=721.2071, 0.13s 
AO iter 1 - LBFGS: NLL=693.1637  mean_cds=9.798e-09  mean_casa=9.868 deg, 0.28s 
AO iter 2 - EM: NLL=682.9059, 0.40s 
AO iter 2 - LBFGS: NLL=674.5271  mean_cds=9.544e-09  mean_casa=10.054 deg, 0.55s 
AO iter 3 - EM: NLL=671.9500, 0.67s 
AO iter 3 - LBFGS: NLL=670.4409  mean_cds=9.331e-09  mean_casa=10.198 deg, 0.83s 
mc_idx = 78/100, 耗时 117.66s 
AO iter 1 - EM: NLL=692.3498, 0.12s 
AO iter 1 - LBFGS: NLL=679.1957  mean_cds=1.059e-08  mean_casa=9.576 deg, 0.28s 
AO iter 2 - EM: NLL=668.9270, 0.41s 
AO iter 2 - LBFGS: NLL=662.4436  mean_cds=1.023e-08  mean_casa=9.616 deg, 0.56s 
AO iter 3 - EM: NLL=658.0783, 0.68s 
AO iter 3 - LBFGS: NLL=656.2152  mean_cds=1.016e-08  mean_casa=9.558 deg, 0.84s 
mc_idx = 79/100, 耗时 119.15s 
AO iter 1 - EM: NLL=701.3101, 0.12s 
AO iter 1 - LBFGS: NLL=679.7177  mean_cds=1.042e-08  mean_casa=9.226 deg, 0.29s 
AO iter 2 - EM: NLL=674.6693, 0.41s 
AO iter 2 - LBFGS: NLL=667.7062  mean_cds=1.063e-08  mean_casa=9.829 deg, 0.57s 
AO iter 3 - EM: NLL=665.7918, 0.69s 
AO iter 3 - LBFGS: NLL=660.4668  mean_cds=1.092e-08  mean_casa=10.365 deg, 0.83s 
mc_idx = 80/100, 耗时 120.63s 
AO iter 1 - EM: NLL=668.8860, 0.12s 
AO iter 1 - LBFGS: NLL=649.9478  mean_cds=9.870e-09  mean_casa=10.124 deg, 0.28s 
AO iter 2 - EM: NLL=639.2874, 0.41s 
AO iter 2 - LBFGS: NLL=632.9264  mean_cds=9.483e-09  mean_casa=10.783 deg, 0.56s 
AO iter 3 - EM: NLL=630.3326, 0.69s 
AO iter 3 - LBFGS: NLL=627.8188  mean_cds=9.580e-09  mean_casa=11.483 deg, 0.83s 
mc_idx = 81/100, 耗时 122.11s 
AO iter 1 - EM: NLL=670.2487, 0.12s 
AO iter 1 - LBFGS: NLL=653.0277  mean_cds=1.058e-08  mean_casa=9.748 deg, 0.31s 
AO iter 2 - EM: NLL=641.7657, 0.43s 
AO iter 2 - LBFGS: NLL=635.3178  mean_cds=1.043e-08  mean_casa=9.740 deg, 0.59s 
AO iter 3 - EM: NLL=631.9849, 0.71s 
AO iter 3 - LBFGS: NLL=629.0023  mean_cds=9.921e-09  mean_casa=9.810 deg, 0.86s 
mc_idx = 82/100, 耗时 123.63s 
AO iter 1 - EM: NLL=782.3980, 0.12s 
AO iter 1 - LBFGS: NLL=768.5243  mean_cds=1.074e-08  mean_casa=9.632 deg, 0.30s 
AO iter 2 - EM: NLL=763.2755, 0.43s 
AO iter 2 - LBFGS: NLL=756.4929  mean_cds=1.070e-08  mean_casa=9.675 deg, 0.60s 
AO iter 3 - EM: NLL=755.0029, 0.72s 
AO iter 3 - LBFGS: NLL=753.0699  mean_cds=1.077e-08  mean_casa=9.687 deg, 0.88s 
mc_idx = 83/100, 耗时 125.17s 
AO iter 1 - EM: NLL=764.2662, 0.12s 
AO iter 1 - LBFGS: NLL=746.1380  mean_cds=9.683e-09  mean_casa=9.248 deg, 0.28s 
AO iter 2 - EM: NLL=714.0355, 0.41s 
AO iter 2 - LBFGS: NLL=693.0000  mean_cds=9.399e-09  mean_casa=9.332 deg, 0.57s 
AO iter 3 - EM: NLL=683.6318, 0.69s 
AO iter 3 - LBFGS: NLL=678.7481  mean_cds=9.212e-09  mean_casa=9.321 deg, 0.86s 
mc_idx = 84/100, 耗时 126.69s 
AO iter 1 - EM: NLL=720.0816, 0.12s 
AO iter 1 - LBFGS: NLL=698.5827  mean_cds=1.089e-08  mean_casa=9.174 deg, 0.28s 
AO iter 2 - EM: NLL=688.5481, 0.41s 
AO iter 2 - LBFGS: NLL=681.8143  mean_cds=1.070e-08  mean_casa=9.262 deg, 0.57s 
AO iter 3 - EM: NLL=680.2933, 0.70s 
AO iter 3 - LBFGS: NLL=674.0503  mean_cds=1.075e-08  mean_casa=9.498 deg, 0.85s 
mc_idx = 85/100, 耗时 128.19s 
AO iter 1 - EM: NLL=609.3487, 0.13s 
AO iter 1 - LBFGS: NLL=573.9854  mean_cds=1.021e-08  mean_casa=9.245 deg, 0.29s 
AO iter 2 - EM: NLL=550.0199, 0.41s 
AO iter 2 - LBFGS: NLL=543.6250  mean_cds=9.966e-09  mean_casa=9.244 deg, 0.57s 
AO iter 3 - EM: NLL=541.2131, 0.69s 
AO iter 3 - LBFGS: NLL=537.6228  mean_cds=9.946e-09  mean_casa=9.483 deg, 0.84s 
mc_idx = 86/100, 耗时 129.69s 
AO iter 1 - EM: NLL=747.4016, 0.12s 
AO iter 1 - LBFGS: NLL=720.8475  mean_cds=9.901e-09  mean_casa=9.623 deg, 0.28s 
AO iter 2 - EM: NLL=712.0679, 0.41s 
AO iter 2 - LBFGS: NLL=698.9558  mean_cds=9.333e-09  mean_casa=9.750 deg, 0.59s 
AO iter 3 - EM: NLL=694.8471, 0.71s 
AO iter 3 - LBFGS: NLL=684.6929  mean_cds=7.675e-09  mean_casa=11.647 deg, 0.88s 
mc_idx = 87/100, 耗时 131.23s 
AO iter 1 - EM: NLL=713.6871, 0.12s 
AO iter 1 - LBFGS: NLL=691.7630  mean_cds=1.006e-08  mean_casa=9.048 deg, 0.29s 
AO iter 2 - EM: NLL=682.4540, 0.41s 
AO iter 2 - LBFGS: NLL=668.4913  mean_cds=9.879e-09  mean_casa=9.202 deg, 0.57s 
AO iter 3 - EM: NLL=665.6871, 0.69s 
AO iter 3 - LBFGS: NLL=661.7508  mean_cds=9.915e-09  mean_casa=9.371 deg, 0.85s 
mc_idx = 88/100, 耗时 132.75s 
AO iter 1 - EM: NLL=671.0870, 0.12s 
AO iter 1 - LBFGS: NLL=647.8099  mean_cds=1.033e-08  mean_casa=9.652 deg, 0.29s 
AO iter 2 - EM: NLL=624.6861, 0.41s 
AO iter 2 - LBFGS: NLL=617.9065  mean_cds=9.898e-09  mean_casa=9.724 deg, 0.57s 
AO iter 3 - EM: NLL=612.5930, 0.69s 
AO iter 3 - LBFGS: NLL=609.6266  mean_cds=9.404e-09  mean_casa=9.983 deg, 0.85s 
mc_idx = 89/100, 耗时 134.24s 
AO iter 1 - EM: NLL=690.9844, 0.14s 
AO iter 1 - LBFGS: NLL=672.3094  mean_cds=9.660e-09  mean_casa=11.264 deg, 0.31s 
AO iter 2 - EM: NLL=657.9289, 0.43s 
AO iter 2 - LBFGS: NLL=653.7361  mean_cds=1.018e-08  mean_casa=12.093 deg, 0.58s 
AO iter 3 - EM: NLL=643.7575, 0.71s 
AO iter 3 - LBFGS: NLL=640.7256  mean_cds=1.041e-08  mean_casa=12.454 deg, 0.86s 
mc_idx = 90/100, 耗时 135.75s 
AO iter 1 - EM: NLL=670.8215, 0.12s 
AO iter 1 - LBFGS: NLL=659.1654  mean_cds=1.073e-08  mean_casa=8.959 deg, 0.28s 
AO iter 2 - EM: NLL=651.0538, 0.40s 
AO iter 2 - LBFGS: NLL=644.8975  mean_cds=1.090e-08  mean_casa=8.893 deg, 0.56s 
AO iter 3 - EM: NLL=642.4866, 0.68s 
AO iter 3 - LBFGS: NLL=641.7544  mean_cds=1.083e-08  mean_casa=8.843 deg, 0.84s 
mc_idx = 91/100, 耗时 137.24s 
AO iter 1 - EM: NLL=749.9245, 0.12s 
AO iter 1 - LBFGS: NLL=739.4052  mean_cds=1.020e-08  mean_casa=10.218 deg, 0.28s 
AO iter 2 - EM: NLL=729.0178, 0.40s 
AO iter 2 - LBFGS: NLL=724.9653  mean_cds=1.021e-08  mean_casa=10.315 deg, 0.56s 
AO iter 3 - EM: NLL=720.8358, 0.69s 
AO iter 3 - LBFGS: NLL=711.0135  mean_cds=9.897e-09  mean_casa=11.730 deg, 0.84s 
mc_idx = 92/100, 耗时 138.73s 
AO iter 1 - EM: NLL=677.2690, 0.12s 
AO iter 1 - LBFGS: NLL=655.8713  mean_cds=1.044e-08  mean_casa=8.989 deg, 0.28s 
AO iter 2 - EM: NLL=650.6345, 0.40s 
AO iter 2 - LBFGS: NLL=644.0624  mean_cds=1.034e-08  mean_casa=9.123 deg, 0.56s 
AO iter 3 - EM: NLL=641.8825, 0.68s 
AO iter 3 - LBFGS: NLL=637.6647  mean_cds=1.025e-08  mean_casa=9.352 deg, 0.84s 
mc_idx = 93/100, 耗时 140.22s 
AO iter 1 - EM: NLL=613.3425, 0.12s 
AO iter 1 - LBFGS: NLL=599.3985  mean_cds=1.055e-08  mean_casa=9.479 deg, 0.29s 
AO iter 2 - EM: NLL=589.6395, 0.41s 
AO iter 2 - LBFGS: NLL=581.9688  mean_cds=9.722e-09  mean_casa=9.239 deg, 0.56s 
AO iter 3 - EM: NLL=580.9403, 0.68s 
AO iter 3 - LBFGS: NLL=579.1287  mean_cds=9.440e-09  mean_casa=9.176 deg, 0.84s 
mc_idx = 94/100, 耗时 141.73s 
AO iter 1 - EM: NLL=660.5212, 0.12s 
AO iter 1 - LBFGS: NLL=651.5442  mean_cds=1.054e-08  mean_casa=9.943 deg, 0.29s 
AO iter 2 - EM: NLL=642.4505, 0.42s 
AO iter 2 - LBFGS: NLL=637.7224  mean_cds=1.017e-08  mean_casa=10.406 deg, 0.57s 
AO iter 3 - EM: NLL=632.4128, 0.69s 
AO iter 3 - LBFGS: NLL=629.4863  mean_cds=9.916e-09  mean_casa=10.667 deg, 0.85s 
mc_idx = 95/100, 耗时 143.24s 
AO iter 1 - EM: NLL=668.2885, 0.12s 
AO iter 1 - LBFGS: NLL=651.0772  mean_cds=1.036e-08  mean_casa=9.685 deg, 0.29s 
AO iter 2 - EM: NLL=640.0179, 0.41s 
AO iter 2 - LBFGS: NLL=632.4919  mean_cds=1.024e-08  mean_casa=9.633 deg, 0.57s 
AO iter 3 - EM: NLL=629.3719, 0.69s 
AO iter 3 - LBFGS: NLL=627.3533  mean_cds=1.015e-08  mean_casa=9.616 deg, 0.86s 
mc_idx = 96/100, 耗时 144.75s 
AO iter 1 - EM: NLL=765.2522, 0.12s 
AO iter 1 - LBFGS: NLL=701.6631  mean_cds=2.333e-08  mean_casa=11.020 deg, 0.28s 
AO iter 2 - EM: NLL=666.0171, 0.40s 
AO iter 2 - LBFGS: NLL=661.5220  mean_cds=2.288e-08  mean_casa=10.767 deg, 0.56s 
AO iter 3 - EM: NLL=661.1344, 0.68s 
AO iter 3 - LBFGS: NLL=657.8466  mean_cds=2.193e-08  mean_casa=10.664 deg, 0.83s 
mc_idx = 97/100, 耗时 146.23s 
AO iter 1 - EM: NLL=628.6716, 0.13s 
AO iter 1 - LBFGS: NLL=617.1418  mean_cds=1.059e-08  mean_casa=9.731 deg, 0.29s 
AO iter 2 - EM: NLL=604.2702, 0.41s 
AO iter 2 - LBFGS: NLL=596.3941  mean_cds=1.108e-08  mean_casa=10.284 deg, 0.57s 
AO iter 3 - EM: NLL=595.5125, 0.69s 
AO iter 3 - LBFGS: NLL=592.8193  mean_cds=1.099e-08  mean_casa=10.060 deg, 0.84s 
mc_idx = 98/100, 耗时 147.72s 
AO iter 1 - EM: NLL=716.2373, 0.12s 
AO iter 1 - LBFGS: NLL=704.4436  mean_cds=1.073e-08  mean_casa=9.616 deg, 0.28s 
AO iter 2 - EM: NLL=688.9855, 0.41s 
AO iter 2 - LBFGS: NLL=679.2922  mean_cds=1.117e-08  mean_casa=9.555 deg, 0.56s 
AO iter 3 - EM: NLL=673.9053, 0.69s 
AO iter 3 - LBFGS: NLL=671.5879  mean_cds=1.113e-08  mean_casa=9.520 deg, 0.84s 
mc_idx = 99/100, 耗时 149.21s 
AO iter 1 - EM: NLL=696.5408, 0.12s 
AO iter 1 - LBFGS: NLL=676.2157  mean_cds=1.024e-08  mean_casa=9.763 deg, 0.29s 
AO iter 2 - EM: NLL=666.8687, 0.41s 
AO iter 2 - LBFGS: NLL=656.1972  mean_cds=9.654e-09  mean_casa=9.939 deg, 0.57s 
AO iter 3 - EM: NLL=651.9985, 0.69s 
AO iter 3 - LBFGS: NLL=650.1075  mean_cds=9.610e-09  mean_casa=10.007 deg, 0.86s 
mc_idx = 100/100, 耗时 150.72s 
Prior mismatch: axis 2, actual/assumed SD 4.0
开始MonteCarlo仿真...... 
AO iter 1 - EM: NLL=843.9285, 0.12s 
AO iter 1 - LBFGS: NLL=809.2222  mean_cds=1.943e-08  mean_casa=9.897 deg, 0.30s 
AO iter 2 - EM: NLL=788.6044, 0.42s 
AO iter 2 - LBFGS: NLL=772.3896  mean_cds=1.261e-08  mean_casa=11.281 deg, 0.59s 
AO iter 3 - EM: NLL=754.6878, 0.71s 
AO iter 3 - LBFGS: NLL=742.3716  mean_cds=1.162e-08  mean_casa=11.307 deg, 0.89s 
mc_idx = 1/100, 耗时 1.55s 
AO iter 1 - EM: NLL=644.7165, 0.12s 
AO iter 1 - LBFGS: NLL=623.6098  mean_cds=1.058e-08  mean_casa=10.519 deg, 0.31s 
AO iter 2 - EM: NLL=611.6260, 0.44s 
AO iter 2 - LBFGS: NLL=606.0776  mean_cds=1.046e-08  mean_casa=11.109 deg, 0.60s 
AO iter 3 - EM: NLL=602.7375, 0.73s 
AO iter 3 - LBFGS: NLL=596.9728  mean_cds=1.053e-08  mean_casa=12.024 deg, 0.89s 
mc_idx = 2/100, 耗时 3.09s 
AO iter 1 - EM: NLL=748.5433, 0.12s 
AO iter 1 - LBFGS: NLL=732.2512  mean_cds=1.466e-08  mean_casa=11.537 deg, 0.29s 
AO iter 2 - EM: NLL=708.7570, 0.41s 
AO iter 2 - LBFGS: NLL=696.7322  mean_cds=1.336e-08  mean_casa=11.765 deg, 0.58s 
AO iter 3 - EM: NLL=692.2162, 0.70s 
AO iter 3 - LBFGS: NLL=689.8750  mean_cds=1.244e-08  mean_casa=12.186 deg, 0.85s 
mc_idx = 3/100, 耗时 4.59s 
AO iter 1 - EM: NLL=778.3547, 0.12s 
AO iter 1 - LBFGS: NLL=750.5784  mean_cds=1.078e-08  mean_casa=10.134 deg, 0.29s 
AO iter 2 - EM: NLL=739.2286, 0.42s 
AO iter 2 - LBFGS: NLL=736.4026  mean_cds=1.076e-08  mean_casa=10.177 deg, 0.58s 
AO iter 3 - EM: NLL=728.8404, 0.70s 
AO iter 3 - LBFGS: NLL=727.2855  mean_cds=1.079e-08  mean_casa=10.265 deg, 0.88s 
mc_idx = 4/100, 耗时 6.14s 
AO iter 1 - EM: NLL=774.2138, 0.12s 
AO iter 1 - LBFGS: NLL=729.9675  mean_cds=2.468e-08  mean_casa=15.473 deg, 0.29s 
AO iter 2 - EM: NLL=714.2968, 0.42s 
AO iter 2 - LBFGS: NLL=709.7178  mean_cds=2.565e-08  mean_casa=18.282 deg, 0.57s 
AO iter 3 - EM: NLL=707.2913, 0.69s 
AO iter 3 - LBFGS: NLL=705.9856  mean_cds=2.408e-08  mean_casa=18.510 deg, 0.84s 
mc_idx = 5/100, 耗时 7.63s 
AO iter 1 - EM: NLL=737.3642, 0.12s 
AO iter 1 - LBFGS: NLL=714.6220  mean_cds=1.069e-08  mean_casa=9.419 deg, 0.29s 
AO iter 2 - EM: NLL=704.3340, 0.41s 
AO iter 2 - LBFGS: NLL=690.8761  mean_cds=1.112e-08  mean_casa=9.423 deg, 0.56s 
AO iter 3 - EM: NLL=687.7895, 0.69s 
AO iter 3 - LBFGS: NLL=683.0128  mean_cds=1.099e-08  mean_casa=9.627 deg, 0.85s 
mc_idx = 6/100, 耗时 9.13s 
AO iter 1 - EM: NLL=709.3571, 0.13s 
AO iter 1 - LBFGS: NLL=692.6669  mean_cds=1.126e-08  mean_casa=15.191 deg, 0.32s 
AO iter 2 - EM: NLL=666.5752, 0.44s 
AO iter 2 - LBFGS: NLL=654.2861  mean_cds=1.149e-08  mean_casa=14.442 deg, 0.61s 
AO iter 3 - EM: NLL=646.8484, 0.75s 
AO iter 3 - LBFGS: NLL=643.6712  mean_cds=1.183e-08  mean_casa=14.309 deg, 0.90s 
mc_idx = 7/100, 耗时 10.69s 
AO iter 1 - EM: NLL=677.4083, 0.12s 
AO iter 1 - LBFGS: NLL=657.0299  mean_cds=1.053e-08  mean_casa=9.568 deg, 0.29s 
AO iter 2 - EM: NLL=627.5587, 0.42s 
AO iter 2 - LBFGS: NLL=621.0019  mean_cds=1.025e-08  mean_casa=9.434 deg, 0.59s 
AO iter 3 - EM: NLL=618.7279, 0.71s 
AO iter 3 - LBFGS: NLL=614.5330  mean_cds=1.018e-08  mean_casa=9.334 deg, 0.88s 
mc_idx = 8/100, 耗时 12.22s 
AO iter 1 - EM: NLL=862.1731, 0.12s 
AO iter 1 - LBFGS: NLL=819.7457  mean_cds=1.145e-08  mean_casa=9.869 deg, 0.30s 
AO iter 2 - EM: NLL=796.3456, 0.42s 
AO iter 2 - LBFGS: NLL=790.1816  mean_cds=1.120e-08  mean_casa=9.960 deg, 0.58s 
AO iter 3 - EM: NLL=781.5992, 0.70s 
AO iter 3 - LBFGS: NLL=777.5123  mean_cds=1.101e-08  mean_casa=10.074 deg, 0.86s 
mc_idx = 9/100, 耗时 13.73s 
AO iter 1 - EM: NLL=655.8209, 0.12s 
AO iter 1 - LBFGS: NLL=638.4757  mean_cds=1.071e-08  mean_casa=9.792 deg, 0.29s 
AO iter 2 - EM: NLL=629.8009, 0.41s 
AO iter 2 - LBFGS: NLL=622.9665  mean_cds=1.041e-08  mean_casa=9.575 deg, 0.57s 
AO iter 3 - EM: NLL=620.2074, 0.69s 
AO iter 3 - LBFGS: NLL=618.4772  mean_cds=1.042e-08  mean_casa=9.531 deg, 0.84s 
mc_idx = 10/100, 耗时 15.23s 
AO iter 1 - EM: NLL=655.1883, 0.12s 
AO iter 1 - LBFGS: NLL=639.1050  mean_cds=1.037e-08  mean_casa=10.003 deg, 0.29s 
AO iter 2 - EM: NLL=625.3645, 0.42s 
AO iter 2 - LBFGS: NLL=621.6808  mean_cds=1.010e-08  mean_casa=10.210 deg, 0.57s 
AO iter 3 - EM: NLL=619.4149, 0.70s 
AO iter 3 - LBFGS: NLL=616.5049  mean_cds=1.003e-08  mean_casa=10.470 deg, 0.85s 
mc_idx = 11/100, 耗时 16.73s 
AO iter 1 - EM: NLL=692.3780, 0.12s 
AO iter 1 - LBFGS: NLL=679.9749  mean_cds=1.073e-08  mean_casa=10.135 deg, 0.31s 
AO iter 2 - EM: NLL=664.5941, 0.43s 
AO iter 2 - LBFGS: NLL=656.0939  mean_cds=1.083e-08  mean_casa=11.140 deg, 0.59s 
AO iter 3 - EM: NLL=651.8326, 0.71s 
AO iter 3 - LBFGS: NLL=650.0975  mean_cds=1.094e-08  mean_casa=11.246 deg, 0.86s 
mc_idx = 12/100, 耗时 18.25s 
AO iter 1 - EM: NLL=726.9054, 0.12s 
AO iter 1 - LBFGS: NLL=703.3830  mean_cds=9.621e-09  mean_casa=10.240 deg, 0.28s 
AO iter 2 - EM: NLL=693.6159, 0.41s 
AO iter 2 - LBFGS: NLL=690.8604  mean_cds=9.587e-09  mean_casa=10.269 deg, 0.58s 
AO iter 3 - EM: NLL=689.0481, 0.71s 
AO iter 3 - LBFGS: NLL=686.7106  mean_cds=9.389e-09  mean_casa=10.450 deg, 0.86s 
mc_idx = 13/100, 耗时 19.76s 
AO iter 1 - EM: NLL=705.6192, 0.12s 
AO iter 1 - LBFGS: NLL=664.3274  mean_cds=1.011e-08  mean_casa=10.201 deg, 0.29s 
AO iter 2 - EM: NLL=647.0303, 0.41s 
AO iter 2 - LBFGS: NLL=636.2614  mean_cds=9.666e-09  mean_casa=10.854 deg, 0.56s 
AO iter 3 - EM: NLL=633.3305, 0.68s 
AO iter 3 - LBFGS: NLL=625.5269  mean_cds=9.561e-09  mean_casa=10.373 deg, 0.83s 
mc_idx = 14/100, 耗时 21.24s 
AO iter 1 - EM: NLL=730.2117, 0.12s 
AO iter 1 - LBFGS: NLL=686.3079  mean_cds=1.141e-08  mean_casa=9.646 deg, 0.30s 
AO iter 2 - EM: NLL=672.2472, 0.42s 
AO iter 2 - LBFGS: NLL=669.1001  mean_cds=1.140e-08  mean_casa=9.626 deg, 0.59s 
AO iter 3 - EM: NLL=664.3619, 0.72s 
AO iter 3 - LBFGS: NLL=660.6636  mean_cds=1.159e-08  mean_casa=9.605 deg, 0.87s 
mc_idx = 15/100, 耗时 22.76s 
AO iter 1 - EM: NLL=693.9794, 0.12s 
AO iter 1 - LBFGS: NLL=677.8982  mean_cds=1.050e-08  mean_casa=9.852 deg, 0.29s 
AO iter 2 - EM: NLL=668.8990, 0.41s 
AO iter 2 - LBFGS: NLL=658.6340  mean_cds=9.736e-09  mean_casa=10.656 deg, 0.56s 
AO iter 3 - EM: NLL=654.1835, 0.68s 
AO iter 3 - LBFGS: NLL=651.7465  mean_cds=9.633e-09  mean_casa=10.947 deg, 0.83s 
mc_idx = 16/100, 耗时 24.25s 
AO iter 1 - EM: NLL=707.6591, 0.12s 
AO iter 1 - LBFGS: NLL=689.9760  mean_cds=1.065e-08  mean_casa=10.031 deg, 0.29s 
AO iter 2 - EM: NLL=679.2836, 0.41s 
AO iter 2 - LBFGS: NLL=670.3604  mean_cds=1.068e-08  mean_casa=10.750 deg, 0.56s 
AO iter 3 - EM: NLL=667.1957, 0.69s 
AO iter 3 - LBFGS: NLL=664.9812  mean_cds=1.083e-08  mean_casa=10.892 deg, 0.84s 
mc_idx = 17/100, 耗时 25.75s 
AO iter 1 - EM: NLL=760.2859, 0.12s 
AO iter 1 - LBFGS: NLL=753.8163  mean_cds=1.043e-08  mean_casa=9.934 deg, 0.29s 
AO iter 2 - EM: NLL=737.0006, 0.41s 
AO iter 2 - LBFGS: NLL=732.8827  mean_cds=1.011e-08  mean_casa=10.104 deg, 0.58s 
AO iter 3 - EM: NLL=726.7615, 0.71s 
AO iter 3 - LBFGS: NLL=723.9118  mean_cds=9.913e-09  mean_casa=10.155 deg, 0.86s 
mc_idx = 18/100, 耗时 27.27s 
AO iter 1 - EM: NLL=704.7437, 0.12s 
AO iter 1 - LBFGS: NLL=681.4230  mean_cds=1.084e-08  mean_casa=9.901 deg, 0.31s 
AO iter 2 - EM: NLL=666.5989, 0.43s 
AO iter 2 - LBFGS: NLL=652.8063  mean_cds=1.077e-08  mean_casa=10.758 deg, 0.58s 
AO iter 3 - EM: NLL=648.3536, 0.71s 
AO iter 3 - LBFGS: NLL=645.3711  mean_cds=1.087e-08  mean_casa=10.999 deg, 0.87s 
mc_idx = 19/100, 耗时 28.79s 
AO iter 1 - EM: NLL=665.4888, 0.12s 
AO iter 1 - LBFGS: NLL=641.7919  mean_cds=1.046e-08  mean_casa=9.576 deg, 0.28s 
AO iter 2 - EM: NLL=629.7563, 0.41s 
AO iter 2 - LBFGS: NLL=618.7090  mean_cds=1.028e-08  mean_casa=9.650 deg, 0.57s 
AO iter 3 - EM: NLL=617.1278, 0.70s 
AO iter 3 - LBFGS: NLL=614.2512  mean_cds=1.020e-08  mean_casa=9.702 deg, 0.85s 
mc_idx = 20/100, 耗时 30.32s 
AO iter 1 - EM: NLL=693.1700, 0.13s 
AO iter 1 - LBFGS: NLL=681.0390  mean_cds=1.063e-08  mean_casa=9.764 deg, 0.31s 
AO iter 2 - EM: NLL=659.1838, 0.43s 
AO iter 2 - LBFGS: NLL=656.5494  mean_cds=1.031e-08  mean_casa=9.719 deg, 0.59s 
AO iter 3 - EM: NLL=652.8220, 0.71s 
AO iter 3 - LBFGS: NLL=651.1125  mean_cds=1.019e-08  mean_casa=9.760 deg, 0.86s 
mc_idx = 21/100, 耗时 31.83s 
AO iter 1 - EM: NLL=676.9650, 0.12s 
AO iter 1 - LBFGS: NLL=662.9896  mean_cds=1.091e-08  mean_casa=10.358 deg, 0.28s 
AO iter 2 - EM: NLL=615.8109, 0.41s 
AO iter 2 - LBFGS: NLL=603.5529  mean_cds=1.269e-08  mean_casa=12.015 deg, 0.55s 
AO iter 3 - EM: NLL=601.2019, 0.68s 
AO iter 3 - LBFGS: NLL=599.0286  mean_cds=1.293e-08  mean_casa=12.231 deg, 0.82s 
mc_idx = 22/100, 耗时 33.31s 
AO iter 1 - EM: NLL=634.2098, 0.12s 
AO iter 1 - LBFGS: NLL=619.2326  mean_cds=1.059e-08  mean_casa=10.001 deg, 0.30s 
AO iter 2 - EM: NLL=606.4676, 0.43s 
AO iter 2 - LBFGS: NLL=596.4997  mean_cds=1.039e-08  mean_casa=10.319 deg, 0.60s 
AO iter 3 - EM: NLL=594.9033, 0.73s 
AO iter 3 - LBFGS: NLL=593.1902  mean_cds=1.037e-08  mean_casa=10.371 deg, 0.91s 
mc_idx = 23/100, 耗时 34.86s 
AO iter 1 - EM: NLL=625.2775, 0.12s 
AO iter 1 - LBFGS: NLL=603.3464  mean_cds=1.012e-08  mean_casa=9.072 deg, 0.29s 
AO iter 2 - EM: NLL=594.8460, 0.42s 
AO iter 2 - LBFGS: NLL=589.0686  mean_cds=1.013e-08  mean_casa=9.391 deg, 0.58s 
AO iter 3 - EM: NLL=587.2850, 0.70s 
AO iter 3 - LBFGS: NLL=583.3425  mean_cds=1.059e-08  mean_casa=9.942 deg, 0.86s 
mc_idx = 24/100, 耗时 36.37s 
AO iter 1 - EM: NLL=626.8621, 0.12s 
AO iter 1 - LBFGS: NLL=606.5156  mean_cds=1.044e-08  mean_casa=9.686 deg, 0.30s 
AO iter 2 - EM: NLL=593.5338, 0.42s 
AO iter 2 - LBFGS: NLL=587.1966  mean_cds=1.039e-08  mean_casa=9.786 deg, 0.57s 
AO iter 3 - EM: NLL=584.5795, 0.70s 
AO iter 3 - LBFGS: NLL=582.1371  mean_cds=1.036e-08  mean_casa=10.062 deg, 0.87s 
mc_idx = 25/100, 耗时 37.88s 
AO iter 1 - EM: NLL=670.0719, 0.12s 
AO iter 1 - LBFGS: NLL=657.9315  mean_cds=1.075e-08  mean_casa=9.811 deg, 0.29s 
AO iter 2 - EM: NLL=645.1677, 0.41s 
AO iter 2 - LBFGS: NLL=632.2408  mean_cds=9.805e-09  mean_casa=10.077 deg, 0.55s 
AO iter 3 - EM: NLL=625.2066, 0.68s 
AO iter 3 - LBFGS: NLL=623.5767  mean_cds=9.704e-09  mean_casa=10.092 deg, 0.84s 
mc_idx = 26/100, 耗时 39.35s 
AO iter 1 - EM: NLL=801.9008, 0.12s 
AO iter 1 - LBFGS: NLL=768.1250  mean_cds=1.277e-08  mean_casa=10.112 deg, 0.29s 
AO iter 2 - EM: NLL=747.4183, 0.41s 
AO iter 2 - LBFGS: NLL=717.6683  mean_cds=1.086e-08  mean_casa=10.513 deg, 0.57s 
AO iter 3 - EM: NLL=711.7513, 0.69s 
AO iter 3 - LBFGS: NLL=706.7816  mean_cds=1.023e-08  mean_casa=10.775 deg, 0.86s 
mc_idx = 27/100, 耗时 40.85s 
AO iter 1 - EM: NLL=675.5779, 0.12s 
AO iter 1 - LBFGS: NLL=666.9229  mean_cds=1.065e-08  mean_casa=9.804 deg, 0.29s 
AO iter 2 - EM: NLL=658.2614, 0.41s 
AO iter 2 - LBFGS: NLL=654.6280  mean_cds=1.167e-08  mean_casa=10.327 deg, 0.56s 
AO iter 3 - EM: NLL=640.0672, 0.68s 
AO iter 3 - LBFGS: NLL=634.3862  mean_cds=1.157e-08  mean_casa=10.260 deg, 0.85s 
mc_idx = 28/100, 耗时 42.34s 
AO iter 1 - EM: NLL=660.6298, 0.13s 
AO iter 1 - LBFGS: NLL=643.1214  mean_cds=1.069e-08  mean_casa=9.863 deg, 0.29s 
AO iter 2 - EM: NLL=622.8135, 0.42s 
AO iter 2 - LBFGS: NLL=620.2493  mean_cds=1.061e-08  mean_casa=9.947 deg, 0.57s 
AO iter 3 - EM: NLL=617.6448, 0.70s 
AO iter 3 - LBFGS: NLL=614.9282  mean_cds=1.057e-08  mean_casa=10.182 deg, 0.86s 
mc_idx = 29/100, 耗时 43.85s 
AO iter 1 - EM: NLL=704.2802, 0.12s 
AO iter 1 - LBFGS: NLL=690.8552  mean_cds=1.073e-08  mean_casa=10.037 deg, 0.29s 
AO iter 2 - EM: NLL=669.3010, 0.41s 
AO iter 2 - LBFGS: NLL=661.4471  mean_cds=1.046e-08  mean_casa=10.770 deg, 0.58s 
AO iter 3 - EM: NLL=656.6815, 0.70s 
AO iter 3 - LBFGS: NLL=652.9086  mean_cds=1.043e-08  mean_casa=11.310 deg, 0.85s 
mc_idx = 30/100, 耗时 45.35s 
AO iter 1 - EM: NLL=662.8276, 0.12s 
AO iter 1 - LBFGS: NLL=646.6370  mean_cds=1.047e-08  mean_casa=9.498 deg, 0.28s 
AO iter 2 - EM: NLL=640.0080, 0.40s 
AO iter 2 - LBFGS: NLL=632.5490  mean_cds=1.025e-08  mean_casa=9.836 deg, 0.55s 
AO iter 3 - EM: NLL=631.1318, 0.68s 
AO iter 3 - LBFGS: NLL=629.4429  mean_cds=1.029e-08  mean_casa=10.012 deg, 0.84s 
mc_idx = 31/100, 耗时 46.84s 
AO iter 1 - EM: NLL=719.8718, 0.12s 
AO iter 1 - LBFGS: NLL=713.2207  mean_cds=1.105e-08  mean_casa=10.065 deg, 0.29s 
AO iter 2 - EM: NLL=686.3189, 0.42s 
AO iter 2 - LBFGS: NLL=683.9996  mean_cds=1.101e-08  mean_casa=10.181 deg, 0.57s 
AO iter 3 - EM: NLL=678.6379, 0.69s 
AO iter 3 - LBFGS: NLL=673.5916  mean_cds=1.078e-08  mean_casa=10.458 deg, 0.84s 
mc_idx = 32/100, 耗时 48.33s 
AO iter 1 - EM: NLL=700.2104, 0.12s 
AO iter 1 - LBFGS: NLL=687.4862  mean_cds=1.103e-08  mean_casa=9.990 deg, 0.28s 
AO iter 2 - EM: NLL=676.8355, 0.41s 
AO iter 2 - LBFGS: NLL=670.3228  mean_cds=1.119e-08  mean_casa=10.497 deg, 0.57s 
AO iter 3 - EM: NLL=667.2743, 0.69s 
AO iter 3 - LBFGS: NLL=659.9552  mean_cds=1.202e-08  mean_casa=13.099 deg, 0.84s 
mc_idx = 33/100, 耗时 49.82s 
AO iter 1 - EM: NLL=804.4956, 0.12s 
AO iter 1 - LBFGS: NLL=788.1876  mean_cds=1.086e-08  mean_casa=10.299 deg, 0.28s 
AO iter 2 - EM: NLL=759.2928, 0.41s 
AO iter 2 - LBFGS: NLL=751.8763  mean_cds=1.071e-08  mean_casa=10.878 deg, 0.56s 
AO iter 3 - EM: NLL=746.5938, 0.68s 
AO iter 3 - LBFGS: NLL=743.1750  mean_cds=1.068e-08  mean_casa=11.169 deg, 0.84s 
mc_idx = 34/100, 耗时 51.32s 
AO iter 1 - EM: NLL=775.1233, 0.12s 
AO iter 1 - LBFGS: NLL=752.5096  mean_cds=1.018e-08  mean_casa=10.455 deg, 0.28s 
AO iter 2 - EM: NLL=734.1516, 0.41s 
AO iter 2 - LBFGS: NLL=722.4342  mean_cds=1.069e-08  mean_casa=11.963 deg, 0.57s 
AO iter 3 - EM: NLL=718.1867, 0.69s 
AO iter 3 - LBFGS: NLL=716.0069  mean_cds=1.044e-08  mean_casa=12.375 deg, 0.84s 
mc_idx = 35/100, 耗时 52.81s 
AO iter 1 - EM: NLL=648.5904, 0.13s 
AO iter 1 - LBFGS: NLL=625.1688  mean_cds=9.555e-09  mean_casa=9.674 deg, 0.28s 
AO iter 2 - EM: NLL=615.3033, 0.41s 
AO iter 2 - LBFGS: NLL=603.8773  mean_cds=8.788e-09  mean_casa=10.230 deg, 0.57s 
AO iter 3 - EM: NLL=598.9489, 0.69s 
AO iter 3 - LBFGS: NLL=593.9161  mean_cds=8.645e-09  mean_casa=10.558 deg, 0.85s 
mc_idx = 36/100, 耗时 54.31s 
AO iter 1 - EM: NLL=960.2705, 0.13s 
AO iter 1 - LBFGS: NLL=941.6141  mean_cds=1.031e-08  mean_casa=14.304 deg, 0.33s 
AO iter 2 - EM: NLL=888.3317, 0.46s 
AO iter 2 - LBFGS: NLL=847.7710  mean_cds=9.964e-09  mean_casa=13.327 deg, 0.62s 
AO iter 3 - EM: NLL=835.3453, 0.75s 
AO iter 3 - LBFGS: NLL=829.7299  mean_cds=1.001e-08  mean_casa=12.843 deg, 0.90s 
mc_idx = 37/100, 耗时 55.85s 
AO iter 1 - EM: NLL=880.7878, 0.13s 
AO iter 1 - LBFGS: NLL=839.5517  mean_cds=1.048e-08  mean_casa=10.477 deg, 0.31s 
AO iter 2 - EM: NLL=781.6313, 0.43s 
AO iter 2 - LBFGS: NLL=769.6281  mean_cds=1.028e-08  mean_casa=10.192 deg, 0.59s 
AO iter 3 - EM: NLL=756.0897, 0.71s 
AO iter 3 - LBFGS: NLL=747.9488  mean_cds=9.778e-09  mean_casa=10.462 deg, 0.87s 
mc_idx = 38/100, 耗时 57.38s 
AO iter 1 - EM: NLL=724.8728, 0.12s 
AO iter 1 - LBFGS: NLL=703.9903  mean_cds=1.021e-08  mean_casa=9.999 deg, 0.30s 
AO iter 2 - EM: NLL=675.6376, 0.42s 
AO iter 2 - LBFGS: NLL=660.7024  mean_cds=8.897e-09  mean_casa=11.336 deg, 0.58s 
AO iter 3 - EM: NLL=657.2997, 0.71s 
AO iter 3 - LBFGS: NLL=653.5832  mean_cds=8.622e-09  mean_casa=11.706 deg, 0.86s 
mc_idx = 39/100, 耗时 58.89s 
AO iter 1 - EM: NLL=723.2951, 0.12s 
AO iter 1 - LBFGS: NLL=694.0730  mean_cds=9.776e-09  mean_casa=10.776 deg, 0.29s 
AO iter 2 - EM: NLL=693.3081, 0.42s 
AO iter 2 - LBFGS: NLL=681.4093  mean_cds=9.378e-09  mean_casa=11.410 deg, 0.58s 
AO iter 3 - EM: NLL=665.6803, 0.70s 
AO iter 3 - LBFGS: NLL=658.9180  mean_cds=8.975e-09  mean_casa=12.091 deg, 0.86s 
mc_idx = 40/100, 耗时 60.39s 
AO iter 1 - EM: NLL=739.7712, 0.12s 
AO iter 1 - LBFGS: NLL=719.9592  mean_cds=1.091e-08  mean_casa=11.090 deg, 0.30s 
AO iter 2 - EM: NLL=683.9213, 0.42s 
AO iter 2 - LBFGS: NLL=675.6088  mean_cds=1.102e-08  mean_casa=11.312 deg, 0.58s 
AO iter 3 - EM: NLL=672.6232, 0.71s 
AO iter 3 - LBFGS: NLL=670.6283  mean_cds=1.134e-08  mean_casa=11.661 deg, 0.86s 
mc_idx = 41/100, 耗时 61.90s 
AO iter 1 - EM: NLL=778.2721, 0.12s 
AO iter 1 - LBFGS: NLL=749.4799  mean_cds=1.067e-08  mean_casa=13.023 deg, 0.28s 
AO iter 2 - EM: NLL=682.5037, 0.40s 
AO iter 2 - LBFGS: NLL=669.5595  mean_cds=1.038e-08  mean_casa=11.659 deg, 0.56s 
AO iter 3 - EM: NLL=662.7519, 0.68s 
AO iter 3 - LBFGS: NLL=659.0798  mean_cds=1.006e-08  mean_casa=11.649 deg, 0.83s 
mc_idx = 42/100, 耗时 63.40s 
AO iter 1 - EM: NLL=689.3042, 0.12s 
AO iter 1 - LBFGS: NLL=674.5340  mean_cds=1.059e-08  mean_casa=10.027 deg, 0.29s 
AO iter 2 - EM: NLL=666.2797, 0.42s 
AO iter 2 - LBFGS: NLL=662.8909  mean_cds=1.042e-08  mean_casa=10.389 deg, 0.57s 
AO iter 3 - EM: NLL=661.3472, 0.70s 
AO iter 3 - LBFGS: NLL=659.0131  mean_cds=1.022e-08  mean_casa=10.850 deg, 0.85s 
mc_idx = 43/100, 耗时 64.89s 
AO iter 1 - EM: NLL=714.1839, 0.12s 
AO iter 1 - LBFGS: NLL=696.0839  mean_cds=1.023e-08  mean_casa=10.289 deg, 0.29s 
AO iter 2 - EM: NLL=669.8344, 0.41s 
AO iter 2 - LBFGS: NLL=662.1003  mean_cds=9.997e-09  mean_casa=10.765 deg, 0.57s 
AO iter 3 - EM: NLL=657.5884, 0.70s 
AO iter 3 - LBFGS: NLL=653.4562  mean_cds=9.831e-09  mean_casa=11.035 deg, 0.86s 
mc_idx = 44/100, 耗时 66.40s 
AO iter 1 - EM: NLL=748.6043, 0.12s 
AO iter 1 - LBFGS: NLL=739.1601  mean_cds=1.059e-08  mean_casa=10.123 deg, 0.30s 
AO iter 2 - EM: NLL=718.9239, 0.43s 
AO iter 2 - LBFGS: NLL=713.6270  mean_cds=1.036e-08  mean_casa=10.368 deg, 0.61s 
AO iter 3 - EM: NLL=710.4113, 0.74s 
AO iter 3 - LBFGS: NLL=706.5515  mean_cds=1.001e-08  mean_casa=10.640 deg, 0.89s 
mc_idx = 45/100, 耗时 67.95s 
AO iter 1 - EM: NLL=777.5170, 0.12s 
AO iter 1 - LBFGS: NLL=766.4808  mean_cds=1.059e-08  mean_casa=10.114 deg, 0.30s 
AO iter 2 - EM: NLL=753.8460, 0.42s 
AO iter 2 - LBFGS: NLL=743.0919  mean_cds=1.038e-08  mean_casa=11.056 deg, 0.57s 
AO iter 3 - EM: NLL=737.5686, 0.70s 
AO iter 3 - LBFGS: NLL=732.7686  mean_cds=1.016e-08  mean_casa=11.645 deg, 0.85s 
mc_idx = 46/100, 耗时 69.45s 
AO iter 1 - EM: NLL=799.8159, 0.12s 
AO iter 1 - LBFGS: NLL=761.5115  mean_cds=1.011e-08  mean_casa=10.360 deg, 0.31s 
AO iter 2 - EM: NLL=728.8193, 0.43s 
AO iter 2 - LBFGS: NLL=720.8278  mean_cds=9.808e-09  mean_casa=10.443 deg, 0.58s 
AO iter 3 - EM: NLL=715.3993, 0.71s 
AO iter 3 - LBFGS: NLL=713.9956  mean_cds=9.763e-09  mean_casa=10.681 deg, 0.86s 
mc_idx = 47/100, 耗时 70.97s 
AO iter 1 - EM: NLL=625.0379, 0.13s 
AO iter 1 - LBFGS: NLL=601.9367  mean_cds=8.769e-09  mean_casa=10.329 deg, 0.29s 
AO iter 2 - EM: NLL=580.2969, 0.41s 
AO iter 2 - LBFGS: NLL=576.0402  mean_cds=8.611e-09  mean_casa=10.742 deg, 0.56s 
AO iter 3 - EM: NLL=572.2787, 0.68s 
AO iter 3 - LBFGS: NLL=568.6528  mean_cds=8.307e-09  mean_casa=11.307 deg, 0.83s 
mc_idx = 48/100, 耗时 72.45s 
AO iter 1 - EM: NLL=691.3346, 0.13s 
AO iter 1 - LBFGS: NLL=669.4660  mean_cds=1.113e-08  mean_casa=9.751 deg, 0.29s 
AO iter 2 - EM: NLL=661.4093, 0.42s 
AO iter 2 - LBFGS: NLL=653.2007  mean_cds=1.132e-08  mean_casa=10.515 deg, 0.58s 
AO iter 3 - EM: NLL=650.7685, 0.70s 
AO iter 3 - LBFGS: NLL=648.9589  mean_cds=1.141e-08  mean_casa=10.538 deg, 0.86s 
mc_idx = 49/100, 耗时 73.99s 
AO iter 1 - EM: NLL=707.5564, 0.12s 
AO iter 1 - LBFGS: NLL=693.2613  mean_cds=1.398e-08  mean_casa=12.189 deg, 0.30s 
AO iter 2 - EM: NLL=683.7478, 0.43s 
AO iter 2 - LBFGS: NLL=673.4873  mean_cds=1.367e-08  mean_casa=12.302 deg, 0.62s 
AO iter 3 - EM: NLL=670.4430, 0.74s 
AO iter 3 - LBFGS: NLL=668.7964  mean_cds=1.367e-08  mean_casa=12.554 deg, 0.89s 
mc_idx = 50/100, 耗时 75.54s 
AO iter 1 - EM: NLL=763.0077, 0.12s 
AO iter 1 - LBFGS: NLL=740.8590  mean_cds=1.044e-08  mean_casa=10.529 deg, 0.29s 
AO iter 2 - EM: NLL=733.3501, 0.42s 
AO iter 2 - LBFGS: NLL=727.7697  mean_cds=1.021e-08  mean_casa=10.822 deg, 0.58s 
AO iter 3 - EM: NLL=722.0983, 0.70s 
AO iter 3 - LBFGS: NLL=714.8443  mean_cds=1.019e-08  mean_casa=11.530 deg, 0.85s 
mc_idx = 51/100, 耗时 77.03s 
AO iter 1 - EM: NLL=878.2715, 0.12s 
AO iter 1 - LBFGS: NLL=845.4150  mean_cds=1.116e-08  mean_casa=9.958 deg, 0.32s 
AO iter 2 - EM: NLL=828.5214, 0.44s 
AO iter 2 - LBFGS: NLL=824.6517  mean_cds=1.103e-08  mean_casa=10.122 deg, 0.60s 
AO iter 3 - EM: NLL=820.3433, 0.72s 
AO iter 3 - LBFGS: NLL=816.6920  mean_cds=1.079e-08  mean_casa=10.368 deg, 0.87s 
mc_idx = 52/100, 耗时 78.55s 
AO iter 1 - EM: NLL=716.4079, 0.12s 
AO iter 1 - LBFGS: NLL=688.5600  mean_cds=1.118e-08  mean_casa=9.724 deg, 0.29s 
AO iter 2 - EM: NLL=645.1251, 0.42s 
AO iter 2 - LBFGS: NLL=635.3155  mean_cds=1.174e-08  mean_casa=9.811 deg, 0.57s 
AO iter 3 - EM: NLL=631.4939, 0.69s 
AO iter 3 - LBFGS: NLL=629.2602  mean_cds=1.193e-08  mean_casa=9.882 deg, 0.84s 
mc_idx = 53/100, 耗时 80.05s 
AO iter 1 - EM: NLL=712.8801, 0.12s 
AO iter 1 - LBFGS: NLL=698.0810  mean_cds=1.025e-08  mean_casa=10.210 deg, 0.28s 
AO iter 2 - EM: NLL=688.2510, 0.40s 
AO iter 2 - LBFGS: NLL=680.0597  mean_cds=9.815e-09  mean_casa=10.231 deg, 0.57s 
AO iter 3 - EM: NLL=675.1801, 0.70s 
AO iter 3 - LBFGS: NLL=670.8746  mean_cds=9.427e-09  mean_casa=10.420 deg, 0.86s 
mc_idx = 54/100, 耗时 81.56s 
AO iter 1 - EM: NLL=929.6719, 0.12s 
AO iter 1 - LBFGS: NLL=893.2345  mean_cds=1.091e-08  mean_casa=10.799 deg, 0.29s 
AO iter 2 - EM: NLL=854.4162, 0.42s 
AO iter 2 - LBFGS: NLL=850.4093  mean_cds=1.095e-08  mean_casa=10.818 deg, 0.59s 
AO iter 3 - EM: NLL=842.1005, 0.72s 
AO iter 3 - LBFGS: NLL=837.4170  mean_cds=1.107e-08  mean_casa=11.211 deg, 0.88s 
mc_idx = 55/100, 耗时 83.10s 
AO iter 1 - EM: NLL=740.9384, 0.12s 
AO iter 1 - LBFGS: NLL=723.4138  mean_cds=1.058e-08  mean_casa=9.793 deg, 0.32s 
AO iter 2 - EM: NLL=698.6094, 0.44s 
AO iter 2 - LBFGS: NLL=687.5108  mean_cds=1.032e-08  mean_casa=10.268 deg, 0.59s 
AO iter 3 - EM: NLL=683.5477, 0.71s 
AO iter 3 - LBFGS: NLL=680.6929  mean_cds=1.033e-08  mean_casa=10.327 deg, 0.87s 
mc_idx = 56/100, 耗时 84.62s 
AO iter 1 - EM: NLL=717.1868, 0.12s 
AO iter 1 - LBFGS: NLL=704.9775  mean_cds=1.069e-08  mean_casa=9.829 deg, 0.29s 
AO iter 2 - EM: NLL=686.2727, 0.42s 
AO iter 2 - LBFGS: NLL=679.5798  mean_cds=1.156e-08  mean_casa=10.960 deg, 0.56s 
AO iter 3 - EM: NLL=676.0675, 0.69s 
AO iter 3 - LBFGS: NLL=673.6593  mean_cds=1.173e-08  mean_casa=10.946 deg, 0.84s 
mc_idx = 57/100, 耗时 86.11s 
AO iter 1 - EM: NLL=725.2915, 0.13s 
AO iter 1 - LBFGS: NLL=708.0713  mean_cds=1.076e-08  mean_casa=9.920 deg, 0.31s 
AO iter 2 - EM: NLL=698.5523, 0.43s 
AO iter 2 - LBFGS: NLL=689.7576  mean_cds=1.076e-08  mean_casa=10.553 deg, 0.58s 
AO iter 3 - EM: NLL=688.6781, 0.72s 
AO iter 3 - LBFGS: NLL=687.0971  mean_cds=1.074e-08  mean_casa=10.661 deg, 0.87s 
mc_idx = 58/100, 耗时 87.63s 
AO iter 1 - EM: NLL=641.7585, 0.12s 
AO iter 1 - LBFGS: NLL=607.8109  mean_cds=1.122e-08  mean_casa=9.563 deg, 0.29s 
AO iter 2 - EM: NLL=590.7540, 0.41s 
AO iter 2 - LBFGS: NLL=580.3653  mean_cds=1.290e-08  mean_casa=10.418 deg, 0.56s 
AO iter 3 - EM: NLL=579.0102, 0.69s 
AO iter 3 - LBFGS: NLL=575.4827  mean_cds=1.329e-08  mean_casa=11.275 deg, 0.84s 
mc_idx = 59/100, 耗时 89.12s 
AO iter 1 - EM: NLL=851.8436, 0.12s 
AO iter 1 - LBFGS: NLL=833.5517  mean_cds=6.505e+38  mean_casa=193.448 deg, 0.27s 
AO iter 2 - EM: NLL=786.4456, 0.39s 
AO iter 2 - LBFGS: NLL=776.1304  mean_cds=6.505e+38  mean_casa=179.891 deg, 0.54s 
AO iter 3 - EM: NLL=773.5203, 0.67s 
AO iter 3 - LBFGS: NLL=769.9585  mean_cds=6.505e+38  mean_casa=178.453 deg, 0.83s 
mc_idx = 60/100, 耗时 90.60s 
AO iter 1 - EM: NLL=705.7167, 0.12s 
AO iter 1 - LBFGS: NLL=691.7455  mean_cds=1.066e-08  mean_casa=10.157 deg, 0.30s 
AO iter 2 - EM: NLL=682.2067, 0.42s 
AO iter 2 - LBFGS: NLL=676.0133  mean_cds=1.018e-08  mean_casa=10.278 deg, 0.60s 
AO iter 3 - EM: NLL=667.4918, 0.72s 
AO iter 3 - LBFGS: NLL=665.3365  mean_cds=1.023e-08  mean_casa=10.243 deg, 0.88s 
mc_idx = 61/100, 耗时 92.13s 
AO iter 1 - EM: NLL=960.7220, 0.13s 
AO iter 1 - LBFGS: NLL=910.3123  mean_cds=1.017e-08  mean_casa=15.088 deg, 0.33s 
AO iter 2 - EM: NLL=872.3833, 0.46s 
AO iter 2 - LBFGS: NLL=848.7054  mean_cds=1.072e-08  mean_casa=13.316 deg, 0.63s 
AO iter 3 - EM: NLL=837.7467, 0.75s 
AO iter 3 - LBFGS: NLL=835.6795  mean_cds=1.083e-08  mean_casa=12.829 deg, 0.90s 
mc_idx = 62/100, 耗时 93.68s 
AO iter 1 - EM: NLL=671.0720, 0.13s 
AO iter 1 - LBFGS: NLL=644.3487  mean_cds=9.713e-09  mean_casa=10.065 deg, 0.30s 
AO iter 2 - EM: NLL=636.0823, 0.44s 
AO iter 2 - LBFGS: NLL=630.3991  mean_cds=9.507e-09  mean_casa=10.656 deg, 0.60s 
AO iter 3 - EM: NLL=628.0279, 0.73s 
AO iter 3 - LBFGS: NLL=624.9008  mean_cds=1.002e-08  mean_casa=11.788 deg, 0.87s 
mc_idx = 63/100, 耗时 95.20s 
AO iter 1 - EM: NLL=962.9622, 0.12s 
AO iter 1 - LBFGS: NLL=884.7984  mean_cds=7.855e-06  mean_casa=2036263240478684198707927578834894848.000 deg, 0.27s 
AO iter 2 - EM: NLL=851.2286, 0.39s 
AO iter 2 - LBFGS: NLL=847.2079  mean_cds=7.828e-06  mean_casa=2036263240478684198707927578834894848.000 deg, 0.53s 
AO iter 3 - EM: NLL=835.9311, 0.65s 
AO iter 3 - LBFGS: NLL=835.3145  mean_cds=7.806e-06  mean_casa=2036263240478684198707927578834894848.000 deg, 0.80s 
mc_idx = 64/100, 耗时 96.66s 
AO iter 1 - EM: NLL=652.7118, 0.12s 
AO iter 1 - LBFGS: NLL=646.5229  mean_cds=1.080e-08  mean_casa=9.844 deg, 0.29s 
AO iter 2 - EM: NLL=634.9544, 0.42s 
AO iter 2 - LBFGS: NLL=631.6365  mean_cds=1.091e-08  mean_casa=9.903 deg, 0.58s 
AO iter 3 - EM: NLL=628.6048, 0.70s 
AO iter 3 - LBFGS: NLL=627.0909  mean_cds=1.091e-08  mean_casa=9.866 deg, 0.87s 
mc_idx = 65/100, 耗时 98.19s 
AO iter 1 - EM: NLL=645.7852, 0.12s 
AO iter 1 - LBFGS: NLL=627.2026  mean_cds=9.379e-09  mean_casa=9.916 deg, 0.27s 
AO iter 2 - EM: NLL=620.1444, 0.40s 
AO iter 2 - LBFGS: NLL=617.2519  mean_cds=9.484e-09  mean_casa=10.219 deg, 0.56s 
AO iter 3 - EM: NLL=614.2290, 0.69s 
AO iter 3 - LBFGS: NLL=613.1432  mean_cds=9.439e-09  mean_casa=10.454 deg, 0.84s 
mc_idx = 66/100, 耗时 99.68s 
AO iter 1 - EM: NLL=697.3903, 0.13s 
AO iter 1 - LBFGS: NLL=684.2003  mean_cds=1.096e-08  mean_casa=10.973 deg, 0.31s 
AO iter 2 - EM: NLL=670.1393, 0.44s 
AO iter 2 - LBFGS: NLL=660.8225  mean_cds=1.141e-08  mean_casa=11.754 deg, 0.59s 
AO iter 3 - EM: NLL=657.7069, 0.71s 
AO iter 3 - LBFGS: NLL=651.2396  mean_cds=1.157e-08  mean_casa=13.296 deg, 0.87s 
mc_idx = 67/100, 耗时 101.20s 
AO iter 1 - EM: NLL=776.3992, 0.12s 
AO iter 1 - LBFGS: NLL=710.8841  mean_cds=1.004e-08  mean_casa=11.245 deg, 0.29s 
AO iter 2 - EM: NLL=695.1704, 0.41s 
AO iter 2 - LBFGS: NLL=687.7759  mean_cds=9.844e-09  mean_casa=12.057 deg, 0.56s 
AO iter 3 - EM: NLL=684.7969, 0.69s 
AO iter 3 - LBFGS: NLL=683.2309  mean_cds=9.828e-09  mean_casa=12.365 deg, 0.84s 
mc_idx = 68/100, 耗时 102.69s 
AO iter 1 - EM: NLL=759.5573, 0.12s 
AO iter 1 - LBFGS: NLL=739.4867  mean_cds=1.047e-08  mean_casa=9.512 deg, 0.28s 
AO iter 2 - EM: NLL=727.8027, 0.40s 
AO iter 2 - LBFGS: NLL=722.1129  mean_cds=1.029e-08  mean_casa=9.561 deg, 0.56s 
AO iter 3 - EM: NLL=718.8447, 0.68s 
AO iter 3 - LBFGS: NLL=715.9863  mean_cds=1.028e-08  mean_casa=9.418 deg, 0.84s 
mc_idx = 69/100, 耗时 104.19s 
AO iter 1 - EM: NLL=731.2744, 0.12s 
AO iter 1 - LBFGS: NLL=709.8474  mean_cds=1.068e-08  mean_casa=9.995 deg, 0.31s 
AO iter 2 - EM: NLL=689.2498, 0.43s 
AO iter 2 - LBFGS: NLL=672.8544  mean_cds=1.105e-08  mean_casa=10.874 deg, 0.58s 
AO iter 3 - EM: NLL=668.4647, 0.70s 
AO iter 3 - LBFGS: NLL=666.3772  mean_cds=1.105e-08  mean_casa=11.027 deg, 0.87s 
mc_idx = 70/100, 耗时 105.71s 
AO iter 1 - EM: NLL=667.7357, 0.12s 
AO iter 1 - LBFGS: NLL=659.2531  mean_cds=1.087e-08  mean_casa=9.933 deg, 0.29s 
AO iter 2 - EM: NLL=636.2578, 0.41s 
AO iter 2 - LBFGS: NLL=630.7585  mean_cds=1.107e-08  mean_casa=10.075 deg, 0.58s 
AO iter 3 - EM: NLL=624.2585, 0.70s 
AO iter 3 - LBFGS: NLL=615.9713  mean_cds=1.195e-08  mean_casa=10.154 deg, 0.85s 
mc_idx = 71/100, 耗时 107.22s 
AO iter 1 - EM: NLL=655.9583, 0.12s 
AO iter 1 - LBFGS: NLL=638.8083  mean_cds=1.071e-08  mean_casa=9.708 deg, 0.30s 
AO iter 2 - EM: NLL=629.5771, 0.42s 
AO iter 2 - LBFGS: NLL=620.0087  mean_cds=1.075e-08  mean_casa=9.423 deg, 0.58s 
AO iter 3 - EM: NLL=617.4823, 0.71s 
AO iter 3 - LBFGS: NLL=616.5311  mean_cds=1.070e-08  mean_casa=9.359 deg, 0.86s 
mc_idx = 72/100, 耗时 108.75s 
AO iter 1 - EM: NLL=667.0691, 0.12s 
AO iter 1 - LBFGS: NLL=656.0885  mean_cds=1.071e-08  mean_casa=9.804 deg, 0.29s 
AO iter 2 - EM: NLL=645.8041, 0.42s 
AO iter 2 - LBFGS: NLL=642.1883  mean_cds=1.053e-08  mean_casa=9.934 deg, 0.58s 
AO iter 3 - EM: NLL=638.8396, 0.70s 
AO iter 3 - LBFGS: NLL=636.3327  mean_cds=1.037e-08  mean_casa=9.981 deg, 0.87s 
mc_idx = 73/100, 耗时 110.27s 
AO iter 1 - EM: NLL=676.8727, 0.12s 
AO iter 1 - LBFGS: NLL=661.8762  mean_cds=1.034e-08  mean_casa=10.019 deg, 0.30s 
AO iter 2 - EM: NLL=649.2656, 0.42s 
AO iter 2 - LBFGS: NLL=637.6520  mean_cds=9.711e-09  mean_casa=10.630 deg, 0.59s 
AO iter 3 - EM: NLL=634.3835, 0.71s 
AO iter 3 - LBFGS: NLL=632.1069  mean_cds=9.611e-09  mean_casa=10.739 deg, 0.86s 
mc_idx = 74/100, 耗时 111.78s 
AO iter 1 - EM: NLL=701.9681, 0.12s 
AO iter 1 - LBFGS: NLL=667.9007  mean_cds=1.063e-08  mean_casa=9.684 deg, 0.28s 
AO iter 2 - EM: NLL=655.4166, 0.41s 
AO iter 2 - LBFGS: NLL=649.8679  mean_cds=1.030e-08  mean_casa=9.950 deg, 0.56s 
AO iter 3 - EM: NLL=648.3481, 0.69s 
AO iter 3 - LBFGS: NLL=643.3780  mean_cds=1.018e-08  mean_casa=10.384 deg, 0.85s 
mc_idx = 75/100, 耗时 113.28s 
AO iter 1 - EM: NLL=694.5903, 0.12s 
AO iter 1 - LBFGS: NLL=684.4798  mean_cds=1.011e-08  mean_casa=10.371 deg, 0.28s 
AO iter 2 - EM: NLL=671.5329, 0.41s 
AO iter 2 - LBFGS: NLL=664.3878  mean_cds=1.060e-08  mean_casa=13.576 deg, 0.58s 
AO iter 3 - EM: NLL=662.3959, 0.71s 
AO iter 3 - LBFGS: NLL=656.3171  mean_cds=1.022e-08  mean_casa=13.487 deg, 0.86s 
mc_idx = 76/100, 耗时 114.82s 
AO iter 1 - EM: NLL=684.5577, 0.12s 
AO iter 1 - LBFGS: NLL=673.8348  mean_cds=1.028e-08  mean_casa=10.115 deg, 0.29s 
AO iter 2 - EM: NLL=662.1359, 0.41s 
AO iter 2 - LBFGS: NLL=660.0427  mean_cds=1.035e-08  mean_casa=10.206 deg, 0.57s 
AO iter 3 - EM: NLL=652.8030, 0.69s 
AO iter 3 - LBFGS: NLL=651.0468  mean_cds=1.047e-08  mean_casa=10.207 deg, 0.84s 
mc_idx = 77/100, 耗时 116.31s 
AO iter 1 - EM: NLL=765.8601, 0.13s 
AO iter 1 - LBFGS: NLL=746.5955  mean_cds=1.071e-08  mean_casa=10.344 deg, 0.28s 
AO iter 2 - EM: NLL=726.3782, 0.41s 
AO iter 2 - LBFGS: NLL=720.2166  mean_cds=1.028e-08  mean_casa=10.560 deg, 0.56s 
AO iter 3 - EM: NLL=718.2509, 0.69s 
AO iter 3 - LBFGS: NLL=714.0451  mean_cds=1.016e-08  mean_casa=10.745 deg, 0.84s 
mc_idx = 78/100, 耗时 117.79s 
AO iter 1 - EM: NLL=759.2225, 0.12s 
AO iter 1 - LBFGS: NLL=744.0767  mean_cds=1.084e-08  mean_casa=9.891 deg, 0.30s 
AO iter 2 - EM: NLL=728.7750, 0.42s 
AO iter 2 - LBFGS: NLL=711.3642  mean_cds=1.153e-08  mean_casa=10.033 deg, 0.59s 
AO iter 3 - EM: NLL=706.7048, 0.72s 
AO iter 3 - LBFGS: NLL=700.2254  mean_cds=1.092e-08  mean_casa=10.329 deg, 0.87s 
mc_idx = 79/100, 耗时 119.31s 
AO iter 1 - EM: NLL=750.8612, 0.12s 
AO iter 1 - LBFGS: NLL=715.4895  mean_cds=1.103e-08  mean_casa=11.029 deg, 0.28s 
AO iter 2 - EM: NLL=707.7086, 0.41s 
AO iter 2 - LBFGS: NLL=702.6709  mean_cds=1.117e-08  mean_casa=11.344 deg, 0.57s 
AO iter 3 - EM: NLL=700.7983, 0.70s 
AO iter 3 - LBFGS: NLL=693.6732  mean_cds=1.261e-08  mean_casa=12.069 deg, 0.85s 
mc_idx = 80/100, 耗时 120.82s 
AO iter 1 - EM: NLL=760.5674, 0.12s 
AO iter 1 - LBFGS: NLL=725.0736  mean_cds=1.053e-08  mean_casa=10.476 deg, 0.29s 
AO iter 2 - EM: NLL=712.3011, 0.41s 
AO iter 2 - LBFGS: NLL=706.5012  mean_cds=1.046e-08  mean_casa=10.418 deg, 0.57s 
AO iter 3 - EM: NLL=701.8549, 0.69s 
AO iter 3 - LBFGS: NLL=697.2171  mean_cds=1.077e-08  mean_casa=11.291 deg, 0.86s 
mc_idx = 81/100, 耗时 122.33s 
AO iter 1 - EM: NLL=735.7916, 0.13s 
AO iter 1 - LBFGS: NLL=727.7152  mean_cds=1.067e-08  mean_casa=10.082 deg, 0.29s 
AO iter 2 - EM: NLL=699.1938, 0.42s 
AO iter 2 - LBFGS: NLL=695.4199  mean_cds=1.060e-08  mean_casa=10.101 deg, 0.60s 
AO iter 3 - EM: NLL=691.9021, 0.72s 
AO iter 3 - LBFGS: NLL=689.2537  mean_cds=1.046e-08  mean_casa=10.202 deg, 0.89s 
mc_idx = 82/100, 耗时 123.88s 
AO iter 1 - EM: NLL=896.9420, 0.12s 
AO iter 1 - LBFGS: NLL=889.9431  mean_cds=1.100e-08  mean_casa=10.410 deg, 0.30s 
AO iter 2 - EM: NLL=871.0674, 0.42s 
AO iter 2 - LBFGS: NLL=866.2025  mean_cds=1.125e-08  mean_casa=10.916 deg, 0.59s 
AO iter 3 - EM: NLL=860.4164, 0.72s 
AO iter 3 - LBFGS: NLL=857.0336  mean_cds=1.137e-08  mean_casa=11.307 deg, 0.88s 
mc_idx = 83/100, 耗时 125.41s 
AO iter 1 - EM: NLL=878.4518, 0.12s 
AO iter 1 - LBFGS: NLL=826.0841  mean_cds=1.037e-08  mean_casa=11.174 deg, 0.29s 
AO iter 2 - EM: NLL=783.6461, 0.41s 
AO iter 2 - LBFGS: NLL=751.7902  mean_cds=1.009e-08  mean_casa=10.297 deg, 0.58s 
AO iter 3 - EM: NLL=744.6528, 0.70s 
AO iter 3 - LBFGS: NLL=738.4429  mean_cds=9.940e-09  mean_casa=10.046 deg, 0.87s 
mc_idx = 84/100, 耗时 126.94s 
AO iter 1 - EM: NLL=765.2174, 0.12s 
AO iter 1 - LBFGS: NLL=749.1884  mean_cds=1.089e-08  mean_casa=9.724 deg, 0.29s 
AO iter 2 - EM: NLL=741.8040, 0.41s 
AO iter 2 - LBFGS: NLL=732.5644  mean_cds=1.116e-08  mean_casa=9.944 deg, 0.57s 
AO iter 3 - EM: NLL=730.5273, 0.69s 
AO iter 3 - LBFGS: NLL=726.0975  mean_cds=1.122e-08  mean_casa=9.972 deg, 0.85s 
mc_idx = 85/100, 耗时 128.43s 
AO iter 1 - EM: NLL=632.2799, 0.12s 
AO iter 1 - LBFGS: NLL=602.2495  mean_cds=1.018e-08  mean_casa=9.408 deg, 0.28s 
AO iter 2 - EM: NLL=588.2950, 0.40s 
AO iter 2 - LBFGS: NLL=580.0781  mean_cds=9.864e-09  mean_casa=9.601 deg, 0.55s 
AO iter 3 - EM: NLL=577.2353, 0.68s 
AO iter 3 - LBFGS: NLL=573.6083  mean_cds=9.777e-09  mean_casa=9.878 deg, 0.84s 
mc_idx = 86/100, 耗时 129.92s 
AO iter 1 - EM: NLL=796.3907, 0.12s 
AO iter 1 - LBFGS: NLL=755.6723  mean_cds=8.153e-09  mean_casa=11.788 deg, 0.29s 
AO iter 2 - EM: NLL=736.4479, 0.41s 
AO iter 2 - LBFGS: NLL=724.1626  mean_cds=8.184e-09  mean_casa=11.955 deg, 0.56s 
AO iter 3 - EM: NLL=717.9013, 0.69s 
AO iter 3 - LBFGS: NLL=714.4018  mean_cds=8.173e-09  mean_casa=12.105 deg, 0.84s 
mc_idx = 87/100, 耗时 131.42s 
AO iter 1 - EM: NLL=726.1171, 0.12s 
AO iter 1 - LBFGS: NLL=701.2379  mean_cds=1.072e-08  mean_casa=12.540 deg, 0.28s 
AO iter 2 - EM: NLL=687.5542, 0.40s 
AO iter 2 - LBFGS: NLL=681.0602  mean_cds=1.055e-08  mean_casa=12.266 deg, 0.57s 
AO iter 3 - EM: NLL=679.7918, 0.69s 
AO iter 3 - LBFGS: NLL=674.9082  mean_cds=1.047e-08  mean_casa=11.629 deg, 0.86s 
mc_idx = 88/100, 耗时 132.94s 
AO iter 1 - EM: NLL=825.9840, 0.13s 
AO iter 1 - LBFGS: NLL=783.6265  mean_cds=1.056e-08  mean_casa=10.429 deg, 0.30s 
AO iter 2 - EM: NLL=743.7246, 0.42s 
AO iter 2 - LBFGS: NLL=728.4946  mean_cds=1.014e-08  mean_casa=10.882 deg, 0.59s 
AO iter 3 - EM: NLL=708.6828, 0.72s 
AO iter 3 - LBFGS: NLL=702.7817  mean_cds=1.005e-08  mean_casa=11.539 deg, 0.87s 
mc_idx = 89/100, 耗时 134.46s 
AO iter 1 - EM: NLL=733.4456, 0.12s 
AO iter 1 - LBFGS: NLL=713.6434  mean_cds=1.047e-08  mean_casa=10.018 deg, 0.29s 
AO iter 2 - EM: NLL=702.6277, 0.41s 
AO iter 2 - LBFGS: NLL=692.4601  mean_cds=1.053e-08  mean_casa=11.115 deg, 0.56s 
AO iter 3 - EM: NLL=689.8890, 0.68s 
AO iter 3 - LBFGS: NLL=687.5073  mean_cds=1.081e-08  mean_casa=11.608 deg, 0.84s 
mc_idx = 90/100, 耗时 135.95s 
AO iter 1 - EM: NLL=722.2691, 0.12s 
AO iter 1 - LBFGS: NLL=710.2832  mean_cds=1.071e-08  mean_casa=9.625 deg, 0.28s 
AO iter 2 - EM: NLL=689.2548, 0.40s 
AO iter 2 - LBFGS: NLL=684.5536  mean_cds=1.095e-08  mean_casa=9.642 deg, 0.56s 
AO iter 3 - EM: NLL=679.3415, 0.69s 
AO iter 3 - LBFGS: NLL=675.9603  mean_cds=1.090e-08  mean_casa=9.443 deg, 0.85s 
mc_idx = 91/100, 耗时 137.46s 
AO iter 1 - EM: NLL=847.6296, 0.12s 
AO iter 1 - LBFGS: NLL=832.9831  mean_cds=1.085e-08  mean_casa=10.317 deg, 0.31s 
AO iter 2 - EM: NLL=812.2242, 0.43s 
AO iter 2 - LBFGS: NLL=809.5861  mean_cds=1.089e-08  mean_casa=10.411 deg, 0.59s 
AO iter 3 - EM: NLL=803.0476, 0.72s 
AO iter 3 - LBFGS: NLL=798.0032  mean_cds=1.094e-08  mean_casa=10.633 deg, 0.89s 
mc_idx = 92/100, 耗时 139.01s 
AO iter 1 - EM: NLL=726.4938, 0.12s 
AO iter 1 - LBFGS: NLL=699.9780  mean_cds=1.101e-08  mean_casa=10.179 deg, 0.30s 
AO iter 2 - EM: NLL=686.3514, 0.42s 
AO iter 2 - LBFGS: NLL=680.4648  mean_cds=1.099e-08  mean_casa=10.445 deg, 0.59s 
AO iter 3 - EM: NLL=678.2141, 0.71s 
AO iter 3 - LBFGS: NLL=670.2027  mean_cds=1.157e-08  mean_casa=12.437 deg, 0.87s 
mc_idx = 93/100, 耗时 140.54s 
AO iter 1 - EM: NLL=638.6138, 0.12s 
AO iter 1 - LBFGS: NLL=620.6946  mean_cds=1.054e-08  mean_casa=9.839 deg, 0.29s 
AO iter 2 - EM: NLL=605.0448, 0.41s 
AO iter 2 - LBFGS: NLL=595.5585  mean_cds=1.010e-08  mean_casa=10.626 deg, 0.56s 
AO iter 3 - EM: NLL=592.2048, 0.68s 
AO iter 3 - LBFGS: NLL=589.8553  mean_cds=9.766e-09  mean_casa=10.772 deg, 0.84s 
mc_idx = 94/100, 耗时 142.04s 
AO iter 1 - EM: NLL=671.2927, 0.12s 
AO iter 1 - LBFGS: NLL=663.8484  mean_cds=1.067e-08  mean_casa=9.951 deg, 0.29s 
AO iter 2 - EM: NLL=648.9456, 0.41s 
AO iter 2 - LBFGS: NLL=646.4938  mean_cds=1.048e-08  mean_casa=10.097 deg, 0.56s 
AO iter 3 - EM: NLL=643.3134, 0.69s 
AO iter 3 - LBFGS: NLL=641.5262  mean_cds=1.042e-08  mean_casa=10.160 deg, 0.86s 
mc_idx = 95/100, 耗时 143.55s 
AO iter 1 - EM: NLL=724.7540, 0.12s 
AO iter 1 - LBFGS: NLL=701.7461  mean_cds=1.057e-08  mean_casa=10.109 deg, 0.29s 
AO iter 2 - EM: NLL=682.9563, 0.41s 
AO iter 2 - LBFGS: NLL=674.7835  mean_cds=1.068e-08  mean_casa=10.132 deg, 0.56s 
AO iter 3 - EM: NLL=669.6464, 0.69s 
AO iter 3 - LBFGS: NLL=666.9895  mean_cds=1.088e-08  mean_casa=10.226 deg, 0.84s 
mc_idx = 96/100, 耗时 145.04s 
AO iter 1 - EM: NLL=806.5610, 0.12s 
AO iter 1 - LBFGS: NLL=792.2119  mean_cds=2.768e+07  mean_casa=46.403 deg, 0.28s 
AO iter 2 - EM: NLL=775.7532, 0.40s 
AO iter 2 - LBFGS: NLL=767.0750  mean_cds=2.768e+07  mean_casa=44.772 deg, 0.54s 
AO iter 3 - EM: NLL=763.7602, 0.67s 
AO iter 3 - LBFGS: NLL=758.2096  mean_cds=2.768e+07  mean_casa=42.967 deg, 0.81s 
mc_idx = 97/100, 耗时 146.51s 
AO iter 1 - EM: NLL=648.0657, 0.12s 
AO iter 1 - LBFGS: NLL=635.4659  mean_cds=1.069e-08  mean_casa=9.928 deg, 0.30s 
AO iter 2 - EM: NLL=622.2780, 0.42s 
AO iter 2 - LBFGS: NLL=608.9197  mean_cds=1.121e-08  mean_casa=11.324 deg, 0.57s 
AO iter 3 - EM: NLL=603.3970, 0.69s 
AO iter 3 - LBFGS: NLL=601.9312  mean_cds=1.122e-08  mean_casa=11.654 deg, 0.85s 
mc_idx = 98/100, 耗时 148.01s 
AO iter 1 - EM: NLL=767.3086, 0.12s 
AO iter 1 - LBFGS: NLL=749.4529  mean_cds=1.092e-08  mean_casa=10.061 deg, 0.30s 
AO iter 2 - EM: NLL=720.1339, 0.42s 
AO iter 2 - LBFGS: NLL=715.6508  mean_cds=1.093e-08  mean_casa=10.274 deg, 0.58s 
AO iter 3 - EM: NLL=709.9286, 0.70s 
AO iter 3 - LBFGS: NLL=705.6788  mean_cds=1.119e-08  mean_casa=10.634 deg, 0.86s 
mc_idx = 99/100, 耗时 149.53s 
AO iter 1 - EM: NLL=739.8098, 0.12s 
AO iter 1 - LBFGS: NLL=724.2723  mean_cds=1.008e-08  mean_casa=10.097 deg, 0.29s 
AO iter 2 - EM: NLL=711.6862, 0.41s 
AO iter 2 - LBFGS: NLL=699.8916  mean_cds=9.776e-09  mean_casa=10.425 deg, 0.58s 
AO iter 3 - EM: NLL=695.9734, 0.70s 
AO iter 3 - LBFGS: NLL=686.2613  mean_cds=9.044e-09  mean_casa=12.937 deg, 0.87s 
mc_idx = 100/100, 耗时 151.07s 
