时延分辨率:4.1 ns, 角度分辨率:3.6 deg 
平均每簇参数自由度: 时延-5.4, 角度-11.2, 总-60.4 
RMS时延扩展:100.22 ns, 相干带宽(50%):2.00 MHz, 相干带宽(90%):0.20 MHz
开始MonteCarlo仿真...... 
AO iter 1 - EM: NLL=2445.0142, 0.13s 
AO iter 1 - LBFGS: NLL=2435.1348  mean_cds=1.425e-08  mean_casa=11.219 deg, 0.30s 
AO iter 2 - EM: NLL=2431.4096, 0.43s 
AO iter 2 - LBFGS: NLL=2428.6690  mean_cds=1.409e-08  mean_casa=11.505 deg, 0.62s 
AO iter 3 - EM: NLL=2428.1680, 0.75s 
AO iter 3 - LBFGS: NLL=2425.7762  mean_cds=1.488e-08  mean_casa=12.593 deg, 0.91s 
mc_idx = 1/100, 耗时 1.61s 
AO iter 1 - EM: NLL=2408.1056, 0.12s 
AO iter 1 - LBFGS: NLL=2400.6836  mean_cds=1.104e-08  mean_casa=10.230 deg, 0.28s 
AO iter 2 - EM: NLL=2396.9795, 0.41s 
AO iter 2 - LBFGS: NLL=2394.6627  mean_cds=1.076e-08  mean_casa=10.457 deg, 0.58s 
AO iter 3 - EM: NLL=2394.0787, 0.70s 
AO iter 3 - LBFGS: NLL=2392.7405  mean_cds=1.089e-08  mean_casa=11.282 deg, 0.85s 
mc_idx = 2/100, 耗时 3.15s 
AO iter 1 - EM: NLL=2359.0853, 0.12s 
AO iter 1 - LBFGS: NLL=2343.1499  mean_cds=1.120e-08  mean_casa=9.440 deg, 0.27s 
AO iter 2 - EM: NLL=2338.5662, 0.40s 
AO iter 2 - LBFGS: NLL=2338.1685  mean_cds=1.130e-08  mean_casa=9.488 deg, 0.55s 
AO iter 3 - EM: NLL=2337.8841, 0.68s 
AO iter 3 - LBFGS: NLL=2337.5243  mean_cds=1.144e-08  mean_casa=9.591 deg, 0.84s 
mc_idx = 3/100, 耗时 4.66s 
AO iter 1 - EM: NLL=2423.2495, 0.12s 
AO iter 1 - LBFGS: NLL=2418.1919  mean_cds=1.050e-08  mean_casa=9.517 deg, 0.28s 
AO iter 2 - EM: NLL=2414.9757, 0.41s 
AO iter 2 - LBFGS: NLL=2411.6632  mean_cds=1.061e-08  mean_casa=11.051 deg, 0.55s 
AO iter 3 - EM: NLL=2411.6253, 0.69s 
AO iter 3 - LBFGS: NLL=2409.7314  mean_cds=9.849e-09  mean_casa=10.665 deg, 0.84s 
mc_idx = 4/100, 耗时 6.17s 
AO iter 1 - EM: NLL=2324.6293, 0.12s 
AO iter 1 - LBFGS: NLL=2321.2564  mean_cds=1.084e-08  mean_casa=9.065 deg, 0.27s 
AO iter 2 - EM: NLL=2315.5723, 0.39s 
AO iter 2 - LBFGS: NLL=2310.7759  mean_cds=1.090e-08  mean_casa=9.432 deg, 0.54s 
AO iter 3 - EM: NLL=2309.8877, 0.67s 
AO iter 3 - LBFGS: NLL=2309.2322  mean_cds=1.097e-08  mean_casa=9.702 deg, 0.83s 
mc_idx = 5/100, 耗时 7.66s 
AO iter 1 - EM: NLL=2421.6915, 0.12s 
AO iter 1 - LBFGS: NLL=2417.0773  mean_cds=1.111e-08  mean_casa=9.971 deg, 0.27s 
AO iter 2 - EM: NLL=2413.7085, 0.39s 
AO iter 2 - LBFGS: NLL=2409.9436  mean_cds=1.146e-08  mean_casa=10.704 deg, 0.55s 
AO iter 3 - EM: NLL=2409.4285, 0.68s 
AO iter 3 - LBFGS: NLL=2408.1892  mean_cds=1.129e-08  mean_casa=10.598 deg, 0.83s 
mc_idx = 6/100, 耗时 9.16s 
AO iter 1 - EM: NLL=2387.7757, 0.13s 
AO iter 1 - LBFGS: NLL=2378.7060  mean_cds=1.032e-08  mean_casa=9.544 deg, 0.29s 
AO iter 2 - EM: NLL=2373.7361, 0.41s 
AO iter 2 - LBFGS: NLL=2370.4700  mean_cds=1.047e-08  mean_casa=10.314 deg, 0.56s 
AO iter 3 - EM: NLL=2369.9200, 0.68s 
AO iter 3 - LBFGS: NLL=2369.0795  mean_cds=1.049e-08  mean_casa=10.307 deg, 0.84s 
mc_idx = 7/100, 耗时 10.66s 
AO iter 1 - EM: NLL=2399.5461, 0.12s 
AO iter 1 - LBFGS: NLL=2396.4399  mean_cds=1.121e-08  mean_casa=9.488 deg, 0.29s 
AO iter 2 - EM: NLL=2392.8054, 0.41s 
AO iter 2 - LBFGS: NLL=2391.4907  mean_cds=1.135e-08  mean_casa=9.540 deg, 0.57s 
AO iter 3 - EM: NLL=2390.4949, 0.69s 
AO iter 3 - LBFGS: NLL=2390.0854  mean_cds=1.148e-08  mean_casa=9.454 deg, 0.85s 
mc_idx = 8/100, 耗时 12.17s 
AO iter 1 - EM: NLL=2415.0244, 0.13s 
AO iter 1 - LBFGS: NLL=2409.4065  mean_cds=1.085e-08  mean_casa=10.094 deg, 0.29s 
AO iter 2 - EM: NLL=2404.3497, 0.41s 
AO iter 2 - LBFGS: NLL=2402.5221  mean_cds=1.160e-08  mean_casa=10.860 deg, 0.57s 
AO iter 3 - EM: NLL=2401.6291, 0.69s 
AO iter 3 - LBFGS: NLL=2400.9568  mean_cds=1.189e-08  mean_casa=10.754 deg, 0.85s 
mc_idx = 9/100, 耗时 13.68s 
AO iter 1 - EM: NLL=2432.4388, 0.12s 
AO iter 1 - LBFGS: NLL=2422.1201  mean_cds=1.060e-08  mean_casa=12.158 deg, 0.27s 
AO iter 2 - EM: NLL=2411.2288, 0.39s 
AO iter 2 - LBFGS: NLL=2406.9308  mean_cds=1.623e-08  mean_casa=17.041 deg, 0.55s 
AO iter 3 - EM: NLL=2404.6794, 0.67s 
AO iter 3 - LBFGS: NLL=2404.2664  mean_cds=1.593e-08  mean_casa=16.099 deg, 0.83s 
mc_idx = 10/100, 耗时 15.17s 
AO iter 1 - EM: NLL=2350.7394, 0.13s 
AO iter 1 - LBFGS: NLL=2343.5039  mean_cds=1.159e-08  mean_casa=10.978 deg, 0.28s 
AO iter 2 - EM: NLL=2342.8094, 0.41s 
AO iter 2 - LBFGS: NLL=2340.9417  mean_cds=1.088e-08  mean_casa=10.888 deg, 0.58s 
AO iter 3 - EM: NLL=2340.5063, 0.70s 
AO iter 3 - LBFGS: NLL=2339.9045  mean_cds=1.059e-08  mean_casa=11.543 deg, 0.86s 
mc_idx = 11/100, 耗时 16.71s 
AO iter 1 - EM: NLL=2382.5047, 0.12s 
AO iter 1 - LBFGS: NLL=2378.8371  mean_cds=1.026e-08  mean_casa=10.253 deg, 0.29s 
AO iter 2 - EM: NLL=2375.9360, 0.43s 
AO iter 2 - LBFGS: NLL=2373.5480  mean_cds=1.133e-08  mean_casa=11.531 deg, 0.60s 
AO iter 3 - EM: NLL=2372.8213, 0.73s 
AO iter 3 - LBFGS: NLL=2371.9977  mean_cds=1.184e-08  mean_casa=11.289 deg, 0.88s 
mc_idx = 12/100, 耗时 18.25s 
AO iter 1 - EM: NLL=2356.9653, 0.12s 
AO iter 1 - LBFGS: NLL=2352.1970  mean_cds=9.899e-09  mean_casa=10.054 deg, 0.27s 
AO iter 2 - EM: NLL=2349.1283, 0.40s 
AO iter 2 - LBFGS: NLL=2348.0117  mean_cds=9.644e-09  mean_casa=10.745 deg, 0.55s 
AO iter 3 - EM: NLL=2347.1886, 0.67s 
AO iter 3 - LBFGS: NLL=2346.7756  mean_cds=9.298e-09  mean_casa=10.903 deg, 0.83s 
mc_idx = 13/100, 耗时 19.73s 
AO iter 1 - EM: NLL=2418.4111, 0.12s 
AO iter 1 - LBFGS: NLL=2415.6564  mean_cds=1.080e-08  mean_casa=9.914 deg, 0.28s 
AO iter 2 - EM: NLL=2413.1644, 0.40s 
AO iter 2 - LBFGS: NLL=2412.0052  mean_cds=1.095e-08  mean_casa=10.304 deg, 0.55s 
AO iter 3 - EM: NLL=2411.6778, 0.68s 
AO iter 3 - LBFGS: NLL=2410.6361  mean_cds=1.142e-08  mean_casa=10.693 deg, 0.84s 
mc_idx = 14/100, 耗时 21.22s 
AO iter 1 - EM: NLL=2359.0985, 0.13s 
AO iter 1 - LBFGS: NLL=2350.1185  mean_cds=9.756e-09  mean_casa=7.857 deg, 0.27s 
AO iter 2 - EM: NLL=2344.6720, 0.40s 
AO iter 2 - LBFGS: NLL=2343.3102  mean_cds=1.004e-08  mean_casa=7.854 deg, 0.55s 
AO iter 3 - EM: NLL=2342.7643, 0.67s 
AO iter 3 - LBFGS: NLL=2342.1025  mean_cds=1.023e-08  mean_casa=8.184 deg, 0.82s 
mc_idx = 15/100, 耗时 22.70s 
AO iter 1 - EM: NLL=2376.3125, 0.12s 
AO iter 1 - LBFGS: NLL=2367.9491  mean_cds=1.050e-08  mean_casa=9.213 deg, 0.29s 
AO iter 2 - EM: NLL=2362.8716, 0.41s 
AO iter 2 - LBFGS: NLL=2361.6432  mean_cds=1.055e-08  mean_casa=9.347 deg, 0.56s 
AO iter 3 - EM: NLL=2360.8714, 0.69s 
AO iter 3 - LBFGS: NLL=2358.7293  mean_cds=1.197e-08  mean_casa=9.258 deg, 0.83s 
mc_idx = 16/100, 耗时 24.19s 
AO iter 1 - EM: NLL=2405.1196, 0.12s 
AO iter 1 - LBFGS: NLL=2397.7898  mean_cds=1.007e-08  mean_casa=9.827 deg, 0.28s 
AO iter 2 - EM: NLL=2392.3533, 0.40s 
AO iter 2 - LBFGS: NLL=2390.7030  mean_cds=9.735e-09  mean_casa=10.104 deg, 0.56s 
AO iter 3 - EM: NLL=2389.7411, 0.69s 
AO iter 3 - LBFGS: NLL=2386.4145  mean_cds=8.821e-09  mean_casa=11.072 deg, 0.85s 
mc_idx = 17/100, 耗时 25.70s 
AO iter 1 - EM: NLL=2414.5658, 0.12s 
AO iter 1 - LBFGS: NLL=2410.9931  mean_cds=1.437e-08  mean_casa=10.213 deg, 0.27s 
AO iter 2 - EM: NLL=2407.1233, 0.40s 
AO iter 2 - LBFGS: NLL=2404.4392  mean_cds=1.390e-08  mean_casa=10.156 deg, 0.56s 
AO iter 3 - EM: NLL=2404.0176, 0.68s 
AO iter 3 - LBFGS: NLL=2402.2600  mean_cds=1.265e-08  mean_casa=10.509 deg, 0.84s 
mc_idx = 18/100, 耗时 27.20s 
AO iter 1 - EM: NLL=2389.3357, 0.12s 
AO iter 1 - LBFGS: NLL=2386.1740  mean_cds=1.171e-08  mean_casa=10.339 deg, 0.27s 
AO iter 2 - EM: NLL=2382.6369, 0.40s 
AO iter 2 - LBFGS: NLL=2381.3261  mean_cds=1.225e-08  mean_casa=10.524 deg, 0.55s 
AO iter 3 - EM: NLL=2380.6161, 0.67s 
AO iter 3 - LBFGS: NLL=2378.7955  mean_cds=1.354e-08  mean_casa=11.393 deg, 0.83s 
mc_idx = 19/100, 耗时 28.69s 
AO iter 1 - EM: NLL=2404.2779, 0.13s 
AO iter 1 - LBFGS: NLL=2399.8208  mean_cds=1.037e-08  mean_casa=9.614 deg, 0.28s 
AO iter 2 - EM: NLL=2396.7004, 0.41s 
AO iter 2 - LBFGS: NLL=2394.1047  mean_cds=9.808e-09  mean_casa=10.287 deg, 0.57s 
AO iter 3 - EM: NLL=2392.8733, 0.69s 
AO iter 3 - LBFGS: NLL=2391.2908  mean_cds=9.523e-09  mean_casa=10.173 deg, 0.84s 
mc_idx = 20/100, 耗时 30.22s 
AO iter 1 - EM: NLL=2438.1165, 0.12s 
AO iter 1 - LBFGS: NLL=2432.7929  mean_cds=1.108e-08  mean_casa=9.925 deg, 0.28s 
AO iter 2 - EM: NLL=2429.1128, 0.40s 
AO iter 2 - LBFGS: NLL=2427.9244  mean_cds=1.097e-08  mean_casa=9.982 deg, 0.55s 
AO iter 3 - EM: NLL=2426.9331, 0.68s 
AO iter 3 - LBFGS: NLL=2425.7802  mean_cds=1.036e-08  mean_casa=9.942 deg, 0.83s 
mc_idx = 21/100, 耗时 31.74s 
AO iter 1 - EM: NLL=2431.3632, 0.13s 
AO iter 1 - LBFGS: NLL=2422.4217  mean_cds=1.015e-08  mean_casa=11.753 deg, 0.28s 
AO iter 2 - EM: NLL=2419.2668, 0.40s 
AO iter 2 - LBFGS: NLL=2418.3025  mean_cds=1.046e-08  mean_casa=12.844 deg, 0.55s 
AO iter 3 - EM: NLL=2417.3061, 0.67s 
AO iter 3 - LBFGS: NLL=2416.6532  mean_cds=1.043e-08  mean_casa=13.850 deg, 0.82s 
mc_idx = 22/100, 耗时 33.21s 
AO iter 1 - EM: NLL=2368.9624, 0.12s 
AO iter 1 - LBFGS: NLL=2364.5355  mean_cds=1.007e-08  mean_casa=9.079 deg, 0.28s 
AO iter 2 - EM: NLL=2360.2495, 0.40s 
AO iter 2 - LBFGS: NLL=2356.8701  mean_cds=9.926e-09  mean_casa=9.278 deg, 0.56s 
AO iter 3 - EM: NLL=2355.7720, 0.68s 
AO iter 3 - LBFGS: NLL=2355.0038  mean_cds=1.008e-08  mean_casa=9.346 deg, 0.83s 
mc_idx = 23/100, 耗时 34.71s 
AO iter 1 - EM: NLL=2391.0861, 0.14s 
AO iter 1 - LBFGS: NLL=2384.1171  mean_cds=1.075e-08  mean_casa=8.656 deg, 0.30s 
AO iter 2 - EM: NLL=2380.9511, 0.43s 
AO iter 2 - LBFGS: NLL=2379.5113  mean_cds=1.091e-08  mean_casa=8.754 deg, 0.58s 
AO iter 3 - EM: NLL=2379.0119, 0.70s 
AO iter 3 - LBFGS: NLL=2377.8644  mean_cds=1.125e-08  mean_casa=8.781 deg, 0.85s 
mc_idx = 24/100, 耗时 36.26s 
AO iter 1 - EM: NLL=2361.2017, 0.14s 
AO iter 1 - LBFGS: NLL=2354.3783  mean_cds=1.260e-08  mean_casa=11.152 deg, 0.30s 
AO iter 2 - EM: NLL=2352.4887, 0.42s 
AO iter 2 - LBFGS: NLL=2350.4990  mean_cds=1.365e-08  mean_casa=13.480 deg, 0.57s 
AO iter 3 - EM: NLL=2349.8802, 0.69s 
AO iter 3 - LBFGS: NLL=2348.6753  mean_cds=1.334e-08  mean_casa=13.581 deg, 0.85s 
mc_idx = 25/100, 耗时 37.79s 
AO iter 1 - EM: NLL=2349.2337, 0.13s 
AO iter 1 - LBFGS: NLL=2343.1533  mean_cds=9.850e-09  mean_casa=7.659 deg, 0.29s 
AO iter 2 - EM: NLL=2341.3762, 0.42s 
AO iter 2 - LBFGS: NLL=2338.8720  mean_cds=9.703e-09  mean_casa=7.501 deg, 0.58s 
AO iter 3 - EM: NLL=2338.1471, 0.71s 
AO iter 3 - LBFGS: NLL=2335.7421  mean_cds=1.517e-08  mean_casa=6.830 deg, 0.86s 
mc_idx = 26/100, 耗时 39.31s 
AO iter 1 - EM: NLL=2405.4723, 0.13s 
AO iter 1 - LBFGS: NLL=2387.0680  mean_cds=9.307e-09  mean_casa=9.494 deg, 0.27s 
AO iter 2 - EM: NLL=2384.9834, 0.40s 
AO iter 2 - LBFGS: NLL=2382.6109  mean_cds=7.475e-09  mean_casa=10.550 deg, 0.54s 
AO iter 3 - EM: NLL=2381.5691, 0.66s 
AO iter 3 - LBFGS: NLL=2380.5802  mean_cds=6.315e-09  mean_casa=11.574 deg, 0.81s 
mc_idx = 27/100, 耗时 40.79s 
AO iter 1 - EM: NLL=2376.5214, 0.12s 
AO iter 1 - LBFGS: NLL=2374.1857  mean_cds=1.077e-08  mean_casa=9.862 deg, 0.28s 
AO iter 2 - EM: NLL=2372.6717, 0.41s 
AO iter 2 - LBFGS: NLL=2371.3859  mean_cds=1.064e-08  mean_casa=10.074 deg, 0.56s 
AO iter 3 - EM: NLL=2370.6206, 0.68s 
AO iter 3 - LBFGS: NLL=2369.2922  mean_cds=1.043e-08  mean_casa=10.197 deg, 0.84s 
mc_idx = 28/100, 耗时 42.28s 
AO iter 1 - EM: NLL=2395.6495, 0.12s 
AO iter 1 - LBFGS: NLL=2390.7821  mean_cds=1.327e-08  mean_casa=9.228 deg, 0.27s 
AO iter 2 - EM: NLL=2387.8845, 0.40s 
AO iter 2 - LBFGS: NLL=2383.5600  mean_cds=1.180e-08  mean_casa=9.251 deg, 0.55s 
AO iter 3 - EM: NLL=2382.6626, 0.67s 
AO iter 3 - LBFGS: NLL=2382.0862  mean_cds=1.223e-08  mean_casa=9.264 deg, 0.82s 
mc_idx = 29/100, 耗时 43.78s 
AO iter 1 - EM: NLL=2383.6857, 0.12s 
AO iter 1 - LBFGS: NLL=2375.5459  mean_cds=1.049e-08  mean_casa=11.153 deg, 0.28s 
AO iter 2 - EM: NLL=2373.7233, 0.40s 
AO iter 2 - LBFGS: NLL=2371.4678  mean_cds=1.076e-08  mean_casa=11.552 deg, 0.55s 
AO iter 3 - EM: NLL=2370.9682, 0.67s 
AO iter 3 - LBFGS: NLL=2370.2627  mean_cds=1.035e-08  mean_casa=11.257 deg, 0.82s 
mc_idx = 30/100, 耗时 45.25s 
AO iter 1 - EM: NLL=2378.1266, 0.12s 
AO iter 1 - LBFGS: NLL=2375.4621  mean_cds=1.044e-08  mean_casa=10.702 deg, 0.28s 
AO iter 2 - EM: NLL=2374.0918, 0.41s 
AO iter 2 - LBFGS: NLL=2373.3169  mean_cds=1.014e-08  mean_casa=10.773 deg, 0.57s 
AO iter 3 - EM: NLL=2372.8825, 0.69s 
AO iter 3 - LBFGS: NLL=2372.3280  mean_cds=9.887e-09  mean_casa=11.026 deg, 0.85s 
mc_idx = 31/100, 耗时 46.76s 
AO iter 1 - EM: NLL=2332.1686, 0.12s 
AO iter 1 - LBFGS: NLL=2327.0616  mean_cds=1.028e-08  mean_casa=8.989 deg, 0.27s 
AO iter 2 - EM: NLL=2324.6639, 0.39s 
AO iter 2 - LBFGS: NLL=2322.9923  mean_cds=1.059e-08  mean_casa=8.939 deg, 0.54s 
AO iter 3 - EM: NLL=2322.4066, 0.66s 
AO iter 3 - LBFGS: NLL=2321.2747  mean_cds=1.034e-08  mean_casa=8.688 deg, 0.81s 
mc_idx = 32/100, 耗时 48.22s 
AO iter 1 - EM: NLL=2397.2003, 0.12s 
AO iter 1 - LBFGS: NLL=2385.6761  mean_cds=1.299e-08  mean_casa=11.195 deg, 0.28s 
AO iter 2 - EM: NLL=2382.9297, 0.40s 
AO iter 2 - LBFGS: NLL=2381.0771  mean_cds=1.280e-08  mean_casa=11.245 deg, 0.55s 
AO iter 3 - EM: NLL=2380.1200, 0.67s 
AO iter 3 - LBFGS: NLL=2379.2904  mean_cds=1.330e-08  mean_casa=11.392 deg, 0.82s 
mc_idx = 33/100, 耗时 49.70s 
AO iter 1 - EM: NLL=2389.6841, 0.13s 
AO iter 1 - LBFGS: NLL=2385.8841  mean_cds=1.089e-08  mean_casa=9.939 deg, 0.29s 
AO iter 2 - EM: NLL=2383.1669, 0.41s 
AO iter 2 - LBFGS: NLL=2381.9844  mean_cds=1.113e-08  mean_casa=10.302 deg, 0.57s 
AO iter 3 - EM: NLL=2381.6403, 0.69s 
AO iter 3 - LBFGS: NLL=2381.0437  mean_cds=1.135e-08  mean_casa=10.329 deg, 0.84s 
mc_idx = 34/100, 耗时 51.20s 
AO iter 1 - EM: NLL=2381.0146, 0.12s 
AO iter 1 - LBFGS: NLL=2375.1588  mean_cds=1.151e-08  mean_casa=9.752 deg, 0.27s 
AO iter 2 - EM: NLL=2371.7222, 0.39s 
AO iter 2 - LBFGS: NLL=2370.5492  mean_cds=1.196e-08  mean_casa=10.104 deg, 0.54s 
AO iter 3 - EM: NLL=2369.1962, 0.66s 
AO iter 3 - LBFGS: NLL=2368.6767  mean_cds=1.256e-08  mean_casa=10.760 deg, 0.81s 
mc_idx = 35/100, 耗时 52.66s 
AO iter 1 - EM: NLL=2450.8823, 0.12s 
AO iter 1 - LBFGS: NLL=2441.1057  mean_cds=1.132e-08  mean_casa=12.720 deg, 0.28s 
AO iter 2 - EM: NLL=2438.1258, 0.40s 
AO iter 2 - LBFGS: NLL=2434.5091  mean_cds=1.207e-08  mean_casa=15.117 deg, 0.55s 
AO iter 3 - EM: NLL=2433.3861, 0.67s 
AO iter 3 - LBFGS: NLL=2431.9188  mean_cds=1.177e-08  mean_casa=16.899 deg, 0.82s 
mc_idx = 36/100, 耗时 54.13s 
AO iter 1 - EM: NLL=2374.1209, 0.12s 
AO iter 1 - LBFGS: NLL=2369.4158  mean_cds=8.964e-09  mean_casa=10.131 deg, 0.27s 
AO iter 2 - EM: NLL=2366.3730, 0.39s 
AO iter 2 - LBFGS: NLL=2364.6257  mean_cds=8.801e-09  mean_casa=10.425 deg, 0.55s 
AO iter 3 - EM: NLL=2364.1069, 0.67s 
AO iter 3 - LBFGS: NLL=2362.9413  mean_cds=8.688e-09  mean_casa=11.155 deg, 0.82s 
mc_idx = 37/100, 耗时 55.63s 
AO iter 1 - EM: NLL=2342.8466, 0.12s 
AO iter 1 - LBFGS: NLL=2333.0464  mean_cds=9.488e-09  mean_casa=8.017 deg, 0.27s 
AO iter 2 - EM: NLL=2331.1375, 0.40s 
AO iter 2 - LBFGS: NLL=2330.2770  mean_cds=9.584e-09  mean_casa=7.910 deg, 0.56s 
AO iter 3 - EM: NLL=2330.0003, 0.68s 
AO iter 3 - LBFGS: NLL=2328.7431  mean_cds=9.469e-09  mean_casa=7.464 deg, 0.84s 
mc_idx = 38/100, 耗时 57.12s 
AO iter 1 - EM: NLL=2342.5709, 0.12s 
AO iter 1 - LBFGS: NLL=2335.5224  mean_cds=9.383e-09  mean_casa=9.638 deg, 0.28s 
AO iter 2 - EM: NLL=2332.1816, 0.40s 
AO iter 2 - LBFGS: NLL=2327.2667  mean_cds=1.033e-08  mean_casa=11.357 deg, 0.57s 
AO iter 3 - EM: NLL=2326.0092, 0.69s 
AO iter 3 - LBFGS: NLL=2324.1772  mean_cds=8.919e-09  mean_casa=10.802 deg, 0.85s 
mc_idx = 39/100, 耗时 58.62s 
AO iter 1 - EM: NLL=2386.5537, 0.13s 
AO iter 1 - LBFGS: NLL=2370.8062  mean_cds=1.136e-08  mean_casa=11.734 deg, 0.27s 
AO iter 2 - EM: NLL=2366.3894, 0.40s 
AO iter 2 - LBFGS: NLL=2365.2326  mean_cds=1.144e-08  mean_casa=11.658 deg, 0.56s 
AO iter 3 - EM: NLL=2364.0902, 0.68s 
AO iter 3 - LBFGS: NLL=2363.6708  mean_cds=1.145e-08  mean_casa=12.026 deg, 0.84s 
mc_idx = 40/100, 耗时 60.17s 
AO iter 1 - EM: NLL=2424.6892, 0.14s 
AO iter 1 - LBFGS: NLL=2420.6535  mean_cds=1.074e-08  mean_casa=15.693 deg, 0.30s 
AO iter 2 - EM: NLL=2418.9176, 0.42s 
AO iter 2 - LBFGS: NLL=2416.3808  mean_cds=1.041e-08  mean_casa=14.123 deg, 0.57s 
AO iter 3 - EM: NLL=2415.6786, 0.70s 
AO iter 3 - LBFGS: NLL=2413.0365  mean_cds=1.047e-08  mean_casa=10.711 deg, 0.84s 
mc_idx = 41/100, 耗时 61.67s 
AO iter 1 - EM: NLL=2385.4860, 0.12s 
AO iter 1 - LBFGS: NLL=2378.0999  mean_cds=1.154e-08  mean_casa=12.715 deg, 0.27s 
AO iter 2 - EM: NLL=2375.2601, 0.40s 
AO iter 2 - LBFGS: NLL=2371.3868  mean_cds=1.168e-08  mean_casa=13.705 deg, 0.54s 
AO iter 3 - EM: NLL=2370.7191, 0.67s 
AO iter 3 - LBFGS: NLL=2369.2611  mean_cds=1.346e-08  mean_casa=14.058 deg, 0.81s 
mc_idx = 42/100, 耗时 63.13s 
AO iter 1 - EM: NLL=2411.1451, 0.12s 
AO iter 1 - LBFGS: NLL=2405.6893  mean_cds=1.080e-08  mean_casa=9.769 deg, 0.29s 
AO iter 2 - EM: NLL=2401.8457, 0.41s 
AO iter 2 - LBFGS: NLL=2400.3316  mean_cds=1.061e-08  mean_casa=9.906 deg, 0.57s 
AO iter 3 - EM: NLL=2399.4878, 0.69s 
AO iter 3 - LBFGS: NLL=2398.5251  mean_cds=1.046e-08  mean_casa=9.838 deg, 0.84s 
mc_idx = 43/100, 耗时 64.63s 
AO iter 1 - EM: NLL=2336.3373, 0.13s 
AO iter 1 - LBFGS: NLL=2331.9898  mean_cds=1.079e-08  mean_casa=10.471 deg, 0.27s 
AO iter 2 - EM: NLL=2329.7789, 0.40s 
AO iter 2 - LBFGS: NLL=2329.0006  mean_cds=1.115e-08  mean_casa=10.705 deg, 0.56s 
AO iter 3 - EM: NLL=2328.7683, 0.69s 
AO iter 3 - LBFGS: NLL=2328.4450  mean_cds=1.101e-08  mean_casa=11.082 deg, 0.85s 
mc_idx = 44/100, 耗时 66.14s 
AO iter 1 - EM: NLL=2345.5556, 0.12s 
AO iter 1 - LBFGS: NLL=2339.4817  mean_cds=1.078e-08  mean_casa=9.207 deg, 0.28s 
AO iter 2 - EM: NLL=2334.2062, 0.40s 
AO iter 2 - LBFGS: NLL=2332.1180  mean_cds=1.139e-08  mean_casa=8.996 deg, 0.56s 
AO iter 3 - EM: NLL=2330.8125, 0.68s 
AO iter 3 - LBFGS: NLL=2329.8899  mean_cds=1.145e-08  mean_casa=8.927 deg, 0.83s 
mc_idx = 45/100, 耗时 67.62s 
AO iter 1 - EM: NLL=2392.1300, 0.12s 
AO iter 1 - LBFGS: NLL=2389.0983  mean_cds=9.225e-09  mean_casa=9.756 deg, 0.28s 
AO iter 2 - EM: NLL=2385.0907, 0.40s 
AO iter 2 - LBFGS: NLL=2382.7185  mean_cds=9.071e-09  mean_casa=10.511 deg, 0.56s 
AO iter 3 - EM: NLL=2381.8363, 0.68s 
AO iter 3 - LBFGS: NLL=2380.4514  mean_cds=8.977e-09  mean_casa=10.802 deg, 0.83s 
mc_idx = 46/100, 耗时 69.10s 
AO iter 1 - EM: NLL=2363.7675, 0.13s 
AO iter 1 - LBFGS: NLL=2355.7911  mean_cds=1.125e-08  mean_casa=10.247 deg, 0.28s 
AO iter 2 - EM: NLL=2353.5997, 0.40s 
AO iter 2 - LBFGS: NLL=2351.6741  mean_cds=1.183e-08  mean_casa=10.796 deg, 0.55s 
AO iter 3 - EM: NLL=2350.8843, 0.67s 
AO iter 3 - LBFGS: NLL=2348.9940  mean_cds=1.198e-08  mean_casa=10.602 deg, 0.83s 
mc_idx = 47/100, 耗时 70.58s 
AO iter 1 - EM: NLL=2386.0272, 0.12s 
AO iter 1 - LBFGS: NLL=2373.9108  mean_cds=9.641e-09  mean_casa=8.713 deg, 0.27s 
AO iter 2 - EM: NLL=2367.9700, 0.39s 
AO iter 2 - LBFGS: NLL=2365.4532  mean_cds=1.009e-08  mean_casa=9.289 deg, 0.54s 
AO iter 3 - EM: NLL=2364.8458, 0.67s 
AO iter 3 - LBFGS: NLL=2363.3373  mean_cds=1.040e-08  mean_casa=10.453 deg, 0.81s 
mc_idx = 48/100, 耗时 72.05s 
AO iter 1 - EM: NLL=2412.3250, 0.12s 
AO iter 1 - LBFGS: NLL=2409.2352  mean_cds=9.539e-09  mean_casa=9.177 deg, 0.28s 
AO iter 2 - EM: NLL=2404.9090, 0.40s 
AO iter 2 - LBFGS: NLL=2401.8070  mean_cds=9.281e-09  mean_casa=9.311 deg, 0.56s 
AO iter 3 - EM: NLL=2401.4432, 0.68s 
AO iter 3 - LBFGS: NLL=2399.9643  mean_cds=8.494e-09  mean_casa=8.681 deg, 0.84s 
mc_idx = 49/100, 耗时 73.55s 
AO iter 1 - EM: NLL=2412.1531, 0.12s 
AO iter 1 - LBFGS: NLL=2404.8662  mean_cds=1.173e-08  mean_casa=9.303 deg, 0.28s 
AO iter 2 - EM: NLL=2402.8239, 0.41s 
AO iter 2 - LBFGS: NLL=2398.9207  mean_cds=1.108e-08  mean_casa=8.815 deg, 0.55s 
AO iter 3 - EM: NLL=2398.3700, 0.68s 
AO iter 3 - LBFGS: NLL=2397.0478  mean_cds=1.091e-08  mean_casa=8.657 deg, 0.83s 
mc_idx = 50/100, 耗时 75.03s 
AO iter 1 - EM: NLL=2352.7528, 0.12s 
AO iter 1 - LBFGS: NLL=2347.7550  mean_cds=9.888e-09  mean_casa=9.830 deg, 0.28s 
AO iter 2 - EM: NLL=2344.8603, 0.40s 
AO iter 2 - LBFGS: NLL=2342.3041  mean_cds=9.367e-09  mean_casa=9.928 deg, 0.56s 
AO iter 3 - EM: NLL=2341.7229, 0.68s 
AO iter 3 - LBFGS: NLL=2340.4608  mean_cds=9.623e-09  mean_casa=9.730 deg, 0.84s 
mc_idx = 51/100, 耗时 76.53s 
AO iter 1 - EM: NLL=2383.1765, 0.13s 
AO iter 1 - LBFGS: NLL=2378.3994  mean_cds=1.023e-08  mean_casa=9.655 deg, 0.28s 
AO iter 2 - EM: NLL=2373.1734, 0.41s 
AO iter 2 - LBFGS: NLL=2372.1076  mean_cds=1.002e-08  mean_casa=9.956 deg, 0.56s 
AO iter 3 - EM: NLL=2371.5673, 0.68s 
AO iter 3 - LBFGS: NLL=2369.6311  mean_cds=9.516e-09  mean_casa=10.217 deg, 0.83s 
mc_idx = 52/100, 耗时 78.01s 
AO iter 1 - EM: NLL=2426.2232, 0.12s 
AO iter 1 - LBFGS: NLL=2424.4768  mean_cds=1.135e-08  mean_casa=9.980 deg, 0.27s 
AO iter 2 - EM: NLL=2420.2651, 0.40s 
AO iter 2 - LBFGS: NLL=2419.7152  mean_cds=1.147e-08  mean_casa=10.113 deg, 0.55s 
AO iter 3 - EM: NLL=2418.5616, 0.67s 
AO iter 3 - LBFGS: NLL=2418.1402  mean_cds=1.164e-08  mean_casa=10.124 deg, 0.83s 
mc_idx = 53/100, 耗时 79.49s 
AO iter 1 - EM: NLL=2384.7483, 0.12s 
AO iter 1 - LBFGS: NLL=2373.0759  mean_cds=1.020e-08  mean_casa=7.977 deg, 0.28s 
AO iter 2 - EM: NLL=2368.5950, 0.41s 
AO iter 2 - LBFGS: NLL=2366.8262  mean_cds=1.041e-08  mean_casa=8.418 deg, 0.56s 
AO iter 3 - EM: NLL=2366.3234, 0.68s 
AO iter 3 - LBFGS: NLL=2365.6985  mean_cds=1.045e-08  mean_casa=8.556 deg, 0.84s 
mc_idx = 54/100, 耗时 80.98s 
AO iter 1 - EM: NLL=2365.9733, 0.12s 
AO iter 1 - LBFGS: NLL=2358.6078  mean_cds=1.181e-08  mean_casa=8.425 deg, 0.27s 
AO iter 2 - EM: NLL=2356.2018, 0.39s 
AO iter 2 - LBFGS: NLL=2355.2108  mean_cds=1.117e-08  mean_casa=8.629 deg, 0.55s 
AO iter 3 - EM: NLL=2354.4504, 0.67s 
AO iter 3 - LBFGS: NLL=2353.7515  mean_cds=1.098e-08  mean_casa=9.090 deg, 0.82s 
mc_idx = 55/100, 耗时 82.44s 
AO iter 1 - EM: NLL=2373.9213, 0.12s 
AO iter 1 - LBFGS: NLL=2368.3671  mean_cds=1.058e-08  mean_casa=9.357 deg, 0.28s 
AO iter 2 - EM: NLL=2365.4207, 0.40s 
AO iter 2 - LBFGS: NLL=2363.3484  mean_cds=1.114e-08  mean_casa=9.429 deg, 0.55s 
AO iter 3 - EM: NLL=2362.8108, 0.67s 
AO iter 3 - LBFGS: NLL=2362.0711  mean_cds=1.063e-08  mean_casa=9.386 deg, 0.82s 
mc_idx = 56/100, 耗时 83.92s 
AO iter 1 - EM: NLL=2386.3864, 0.13s 
AO iter 1 - LBFGS: NLL=2377.7139  mean_cds=1.092e-08  mean_casa=10.121 deg, 0.28s 
AO iter 2 - EM: NLL=2373.8253, 0.40s 
AO iter 2 - LBFGS: NLL=2372.4499  mean_cds=1.013e-08  mean_casa=10.728 deg, 0.56s 
AO iter 3 - EM: NLL=2371.7586, 0.68s 
AO iter 3 - LBFGS: NLL=2371.3228  mean_cds=1.010e-08  mean_casa=10.995 deg, 0.85s 
mc_idx = 57/100, 耗时 85.42s 
AO iter 1 - EM: NLL=2317.6004, 0.12s 
AO iter 1 - LBFGS: NLL=2312.9707  mean_cds=1.033e-08  mean_casa=9.692 deg, 0.28s 
AO iter 2 - EM: NLL=2309.2350, 0.40s 
AO iter 2 - LBFGS: NLL=2307.6630  mean_cds=1.027e-08  mean_casa=10.332 deg, 0.55s 
AO iter 3 - EM: NLL=2306.5781, 0.68s 
AO iter 3 - LBFGS: NLL=2305.5553  mean_cds=1.028e-08  mean_casa=10.232 deg, 0.84s 
mc_idx = 58/100, 耗时 86.92s 
AO iter 1 - EM: NLL=2368.0471, 0.12s 
AO iter 1 - LBFGS: NLL=2361.2357  mean_cds=1.072e-08  mean_casa=8.111 deg, 0.27s 
AO iter 2 - EM: NLL=2356.7753, 0.40s 
AO iter 2 - LBFGS: NLL=2355.7142  mean_cds=1.057e-08  mean_casa=7.970 deg, 0.55s 
AO iter 3 - EM: NLL=2354.7919, 0.67s 
AO iter 3 - LBFGS: NLL=2353.1960  mean_cds=1.034e-08  mean_casa=7.428 deg, 0.82s 
mc_idx = 59/100, 耗时 88.39s 
AO iter 1 - EM: NLL=2407.5562, 0.13s 
AO iter 1 - LBFGS: NLL=2402.6428  mean_cds=9.450e-09  mean_casa=8.759 deg, 0.27s 
AO iter 2 - EM: NLL=2396.6424, 0.40s 
AO iter 2 - LBFGS: NLL=2394.2501  mean_cds=9.253e-09  mean_casa=8.900 deg, 0.55s 
AO iter 3 - EM: NLL=2393.5014, 0.68s 
AO iter 3 - LBFGS: NLL=2391.0603  mean_cds=9.560e-09  mean_casa=9.775 deg, 0.82s 
mc_idx = 60/100, 耗时 89.87s 
AO iter 1 - EM: NLL=2379.1098, 0.12s 
AO iter 1 - LBFGS: NLL=2376.7557  mean_cds=9.849e-09  mean_casa=10.151 deg, 0.28s 
AO iter 2 - EM: NLL=2374.4167, 0.40s 
AO iter 2 - LBFGS: NLL=2371.7299  mean_cds=9.564e-09  mean_casa=9.952 deg, 0.55s 
AO iter 3 - EM: NLL=2370.8363, 0.67s 
AO iter 3 - LBFGS: NLL=2369.9317  mean_cds=9.541e-09  mean_casa=10.033 deg, 0.82s 
mc_idx = 61/100, 耗时 91.34s 
AO iter 1 - EM: NLL=2462.2409, 0.12s 
AO iter 1 - LBFGS: NLL=2453.1680  mean_cds=1.138e-08  mean_casa=10.116 deg, 0.27s 
AO iter 2 - EM: NLL=2450.1078, 0.40s 
AO iter 2 - LBFGS: NLL=2445.6528  mean_cds=1.183e-08  mean_casa=12.783 deg, 0.56s 
AO iter 3 - EM: NLL=2444.3217, 0.68s 
AO iter 3 - LBFGS: NLL=2442.3769  mean_cds=1.147e-08  mean_casa=12.272 deg, 0.84s 
mc_idx = 62/100, 耗时 92.83s 
AO iter 1 - EM: NLL=2375.0386, 0.12s 
AO iter 1 - LBFGS: NLL=2367.1243  mean_cds=1.182e-08  mean_casa=11.407 deg, 0.27s 
AO iter 2 - EM: NLL=2363.9561, 0.40s 
AO iter 2 - LBFGS: NLL=2362.3584  mean_cds=1.247e-08  mean_casa=11.847 deg, 0.55s 
AO iter 3 - EM: NLL=2361.7914, 0.68s 
AO iter 3 - LBFGS: NLL=2361.1917  mean_cds=1.260e-08  mean_casa=12.102 deg, 0.83s 
mc_idx = 63/100, 耗时 94.31s 
AO iter 1 - EM: NLL=2396.5084, 0.12s 
AO iter 1 - LBFGS: NLL=2391.3769  mean_cds=1.007e-08  mean_casa=11.219 deg, 0.28s 
AO iter 2 - EM: NLL=2388.3379, 0.40s 
AO iter 2 - LBFGS: NLL=2387.5718  mean_cds=1.042e-08  mean_casa=11.014 deg, 0.57s 
AO iter 3 - EM: NLL=2386.9477, 0.69s 
AO iter 3 - LBFGS: NLL=2386.1350  mean_cds=1.041e-08  mean_casa=11.103 deg, 0.84s 
mc_idx = 64/100, 耗时 95.80s 
AO iter 1 - EM: NLL=2404.8214, 0.12s 
AO iter 1 - LBFGS: NLL=2393.9757  mean_cds=9.823e-09  mean_casa=10.503 deg, 0.27s 
AO iter 2 - EM: NLL=2390.5558, 0.40s 
AO iter 2 - LBFGS: NLL=2389.1652  mean_cds=9.868e-09  mean_casa=10.628 deg, 0.55s 
AO iter 3 - EM: NLL=2388.6806, 0.68s 
AO iter 3 - LBFGS: NLL=2388.0297  mean_cds=9.860e-09  mean_casa=11.074 deg, 0.83s 
mc_idx = 65/100, 耗时 97.28s 
AO iter 1 - EM: NLL=2409.8981, 0.12s 
AO iter 1 - LBFGS: NLL=2407.9464  mean_cds=1.288e-08  mean_casa=10.679 deg, 0.27s 
AO iter 2 - EM: NLL=2406.7933, 0.39s 
AO iter 2 - LBFGS: NLL=2402.8437  mean_cds=1.336e-08  mean_casa=11.078 deg, 0.56s 
AO iter 3 - EM: NLL=2401.8289, 0.68s 
AO iter 3 - LBFGS: NLL=2400.6124  mean_cds=1.403e-08  mean_casa=11.499 deg, 0.84s 
mc_idx = 66/100, 耗时 98.77s 
AO iter 1 - EM: NLL=2383.1955, 0.12s 
AO iter 1 - LBFGS: NLL=2378.9029  mean_cds=1.022e-08  mean_casa=10.112 deg, 0.28s 
AO iter 2 - EM: NLL=2375.0405, 0.40s 
AO iter 2 - LBFGS: NLL=2373.7222  mean_cds=1.001e-08  mean_casa=10.654 deg, 0.56s 
AO iter 3 - EM: NLL=2372.3892, 0.68s 
AO iter 3 - LBFGS: NLL=2371.3480  mean_cds=9.486e-09  mean_casa=11.491 deg, 0.83s 
mc_idx = 67/100, 耗时 100.25s 
AO iter 1 - EM: NLL=2428.4139, 0.12s 
AO iter 1 - LBFGS: NLL=2421.7754  mean_cds=1.067e-08  mean_casa=10.145 deg, 0.28s 
AO iter 2 - EM: NLL=2419.2911, 0.40s 
AO iter 2 - LBFGS: NLL=2417.2430  mean_cds=1.072e-08  mean_casa=10.289 deg, 0.56s 
AO iter 3 - EM: NLL=2416.6634, 0.68s 
AO iter 3 - LBFGS: NLL=2415.3830  mean_cds=1.109e-08  mean_casa=10.340 deg, 0.84s 
mc_idx = 68/100, 耗时 101.75s 
AO iter 1 - EM: NLL=2381.9858, 0.12s 
AO iter 1 - LBFGS: NLL=2376.6173  mean_cds=1.066e-08  mean_casa=9.597 deg, 0.29s 
AO iter 2 - EM: NLL=2373.0579, 0.41s 
AO iter 2 - LBFGS: NLL=2371.6592  mean_cds=1.085e-08  mean_casa=9.628 deg, 0.57s 
AO iter 3 - EM: NLL=2371.1868, 0.70s 
AO iter 3 - LBFGS: NLL=2370.0124  mean_cds=1.152e-08  mean_casa=9.720 deg, 0.85s 
mc_idx = 69/100, 耗时 103.25s 
AO iter 1 - EM: NLL=2363.0949, 0.12s 
AO iter 1 - LBFGS: NLL=2356.1962  mean_cds=1.022e-08  mean_casa=9.651 deg, 0.27s 
AO iter 2 - EM: NLL=2352.9072, 0.40s 
AO iter 2 - LBFGS: NLL=2351.2372  mean_cds=9.908e-09  mean_casa=9.931 deg, 0.55s 
AO iter 3 - EM: NLL=2350.5352, 0.67s 
AO iter 3 - LBFGS: NLL=2349.4098  mean_cds=9.971e-09  mean_casa=10.129 deg, 0.82s 
mc_idx = 70/100, 耗时 104.72s 
AO iter 1 - EM: NLL=2333.0305, 0.13s 
AO iter 1 - LBFGS: NLL=2329.8064  mean_cds=9.746e-09  mean_casa=9.538 deg, 0.29s 
AO iter 2 - EM: NLL=2327.5199, 0.41s 
AO iter 2 - LBFGS: NLL=2326.5457  mean_cds=9.558e-09  mean_casa=9.781 deg, 0.56s 
AO iter 3 - EM: NLL=2325.7105, 0.69s 
AO iter 3 - LBFGS: NLL=2325.3743  mean_cds=9.460e-09  mean_casa=9.759 deg, 0.84s 
mc_idx = 71/100, 耗时 106.21s 
AO iter 1 - EM: NLL=2389.6967, 0.12s 
AO iter 1 - LBFGS: NLL=2381.3926  mean_cds=9.563e-09  mean_casa=9.677 deg, 0.27s 
AO iter 2 - EM: NLL=2378.4517, 0.40s 
AO iter 2 - LBFGS: NLL=2377.6848  mean_cds=9.488e-09  mean_casa=9.908 deg, 0.55s 
AO iter 3 - EM: NLL=2377.3992, 0.68s 
AO iter 3 - LBFGS: NLL=2376.7232  mean_cds=9.853e-09  mean_casa=10.592 deg, 0.83s 
mc_idx = 72/100, 耗时 107.70s 
AO iter 1 - EM: NLL=2387.0782, 0.12s 
AO iter 1 - LBFGS: NLL=2381.0576  mean_cds=9.943e-09  mean_casa=9.188 deg, 0.27s 
AO iter 2 - EM: NLL=2377.6753, 0.40s 
AO iter 2 - LBFGS: NLL=2375.4569  mean_cds=1.022e-08  mean_casa=9.305 deg, 0.55s 
AO iter 3 - EM: NLL=2374.4849, 0.67s 
AO iter 3 - LBFGS: NLL=2373.4905  mean_cds=1.023e-08  mean_casa=9.366 deg, 0.82s 
mc_idx = 73/100, 耗时 109.17s 
AO iter 1 - EM: NLL=2418.2278, 0.12s 
AO iter 1 - LBFGS: NLL=2413.3787  mean_cds=1.100e-08  mean_casa=9.776 deg, 0.28s 
AO iter 2 - EM: NLL=2409.8234, 0.40s 
AO iter 2 - LBFGS: NLL=2407.5099  mean_cds=1.083e-08  mean_casa=10.116 deg, 0.56s 
AO iter 3 - EM: NLL=2406.8779, 0.68s 
AO iter 3 - LBFGS: NLL=2405.4643  mean_cds=1.055e-08  mean_casa=10.294 deg, 0.83s 
mc_idx = 74/100, 耗时 110.65s 
AO iter 1 - EM: NLL=2344.3893, 0.12s 
AO iter 1 - LBFGS: NLL=2341.8490  mean_cds=1.062e-08  mean_casa=9.610 deg, 0.28s 
AO iter 2 - EM: NLL=2337.9085, 0.40s 
AO iter 2 - LBFGS: NLL=2336.8099  mean_cds=1.056e-08  mean_casa=9.491 deg, 0.56s 
AO iter 3 - EM: NLL=2336.0952, 0.69s 
AO iter 3 - LBFGS: NLL=2335.3294  mean_cds=1.045e-08  mean_casa=9.251 deg, 0.84s 
mc_idx = 75/100, 耗时 112.13s 
AO iter 1 - EM: NLL=2347.6370, 0.13s 
AO iter 1 - LBFGS: NLL=2342.3223  mean_cds=1.014e-08  mean_casa=9.181 deg, 0.29s 
AO iter 2 - EM: NLL=2336.6784, 0.41s 
AO iter 2 - LBFGS: NLL=2335.3037  mean_cds=9.893e-09  mean_casa=8.994 deg, 0.57s 
AO iter 3 - EM: NLL=2334.8619, 0.69s 
AO iter 3 - LBFGS: NLL=2333.7221  mean_cds=9.479e-09  mean_casa=8.704 deg, 0.84s 
mc_idx = 76/100, 耗时 113.63s 
AO iter 1 - EM: NLL=2343.3660, 0.12s 
AO iter 1 - LBFGS: NLL=2337.5902  mean_cds=8.770e-09  mean_casa=9.014 deg, 0.27s 
AO iter 2 - EM: NLL=2335.5710, 0.40s 
AO iter 2 - LBFGS: NLL=2333.5284  mean_cds=8.832e-09  mean_casa=8.916 deg, 0.54s 
AO iter 3 - EM: NLL=2332.9700, 0.67s 
AO iter 3 - LBFGS: NLL=2331.7459  mean_cds=8.633e-09  mean_casa=8.604 deg, 0.81s 
mc_idx = 77/100, 耗时 115.09s 
AO iter 1 - EM: NLL=2413.5118, 0.12s 
AO iter 1 - LBFGS: NLL=2408.8861  mean_cds=1.003e-08  mean_casa=9.462 deg, 0.28s 
AO iter 2 - EM: NLL=2405.4955, 0.41s 
AO iter 2 - LBFGS: NLL=2402.9044  mean_cds=9.755e-09  mean_casa=9.570 deg, 0.58s 
AO iter 3 - EM: NLL=2402.3127, 0.71s 
AO iter 3 - LBFGS: NLL=2398.8162  mean_cds=9.533e-09  mean_casa=9.875 deg, 0.86s 
mc_idx = 78/100, 耗时 116.61s 
AO iter 1 - EM: NLL=2396.9924, 0.12s 
AO iter 1 - LBFGS: NLL=2389.7093  mean_cds=1.101e-08  mean_casa=9.207 deg, 0.27s 
AO iter 2 - EM: NLL=2386.2535, 0.40s 
AO iter 2 - LBFGS: NLL=2384.7683  mean_cds=1.055e-08  mean_casa=9.214 deg, 0.55s 
AO iter 3 - EM: NLL=2384.1854, 0.67s 
AO iter 3 - LBFGS: NLL=2383.5136  mean_cds=1.084e-08  mean_casa=9.584 deg, 0.82s 
mc_idx = 79/100, 耗时 118.08s 
AO iter 1 - EM: NLL=2382.5430, 0.12s 
AO iter 1 - LBFGS: NLL=2378.5070  mean_cds=1.097e-08  mean_casa=10.611 deg, 0.28s 
AO iter 2 - EM: NLL=2376.9736, 0.40s 
AO iter 2 - LBFGS: NLL=2376.3518  mean_cds=1.090e-08  mean_casa=11.170 deg, 0.56s 
AO iter 3 - EM: NLL=2376.0083, 0.68s 
AO iter 3 - LBFGS: NLL=2375.4623  mean_cds=1.118e-08  mean_casa=11.972 deg, 0.83s 
mc_idx = 80/100, 耗时 119.56s 
AO iter 1 - EM: NLL=2407.1242, 0.13s 
AO iter 1 - LBFGS: NLL=2404.9496  mean_cds=1.084e-08  mean_casa=10.126 deg, 0.28s 
AO iter 2 - EM: NLL=2402.4051, 0.40s 
AO iter 2 - LBFGS: NLL=2401.0115  mean_cds=1.066e-08  mean_casa=9.952 deg, 0.56s 
AO iter 3 - EM: NLL=2400.6567, 0.69s 
AO iter 3 - LBFGS: NLL=2399.8812  mean_cds=1.050e-08  mean_casa=10.061 deg, 0.84s 
mc_idx = 81/100, 耗时 121.06s 
AO iter 1 - EM: NLL=2412.9518, 0.12s 
AO iter 1 - LBFGS: NLL=2410.3066  mean_cds=1.196e-08  mean_casa=9.725 deg, 0.28s 
AO iter 2 - EM: NLL=2408.5812, 0.40s 
AO iter 2 - LBFGS: NLL=2406.8218  mean_cds=1.343e-08  mean_casa=10.724 deg, 0.55s 
AO iter 3 - EM: NLL=2406.0009, 0.68s 
AO iter 3 - LBFGS: NLL=2405.5597  mean_cds=1.372e-08  mean_casa=10.852 deg, 0.83s 
mc_idx = 82/100, 耗时 122.55s 
AO iter 1 - EM: NLL=2411.8187, 0.12s 
AO iter 1 - LBFGS: NLL=2408.2683  mean_cds=1.112e-08  mean_casa=9.649 deg, 0.28s 
AO iter 2 - EM: NLL=2405.2410, 0.41s 
AO iter 2 - LBFGS: NLL=2403.9141  mean_cds=1.132e-08  mean_casa=9.775 deg, 0.57s 
AO iter 3 - EM: NLL=2402.9873, 0.69s 
AO iter 3 - LBFGS: NLL=2401.8635  mean_cds=1.175e-08  mean_casa=9.752 deg, 0.84s 
mc_idx = 83/100, 耗时 124.05s 
AO iter 1 - EM: NLL=2290.4577, 0.12s 
AO iter 1 - LBFGS: NLL=2285.2184  mean_cds=9.013e-09  mean_casa=8.951 deg, 0.28s 
AO iter 2 - EM: NLL=2274.5695, 0.40s 
AO iter 2 - LBFGS: NLL=2271.4703  mean_cds=8.882e-09  mean_casa=9.151 deg, 0.58s 
AO iter 3 - EM: NLL=2271.1846, 0.70s 
AO iter 3 - LBFGS: NLL=2269.7833  mean_cds=8.579e-09  mean_casa=8.923 deg, 0.85s 
mc_idx = 84/100, 耗时 125.55s 
AO iter 1 - EM: NLL=2382.5001, 0.12s 
AO iter 1 - LBFGS: NLL=2373.4113  mean_cds=1.174e-08  mean_casa=9.893 deg, 0.27s 
AO iter 2 - EM: NLL=2367.6108, 0.40s 
AO iter 2 - LBFGS: NLL=2366.0780  mean_cds=1.281e-08  mean_casa=11.222 deg, 0.55s 
AO iter 3 - EM: NLL=2365.0933, 0.67s 
AO iter 3 - LBFGS: NLL=2364.0576  mean_cds=1.340e-08  mean_casa=12.045 deg, 0.82s 
mc_idx = 85/100, 耗时 127.02s 
AO iter 1 - EM: NLL=2345.1141, 0.12s 
AO iter 1 - LBFGS: NLL=2332.0699  mean_cds=9.275e-09  mean_casa=8.749 deg, 0.27s 
AO iter 2 - EM: NLL=2327.4101, 0.40s 
AO iter 2 - LBFGS: NLL=2326.2480  mean_cds=9.545e-09  mean_casa=8.903 deg, 0.56s 
AO iter 3 - EM: NLL=2325.4727, 0.68s 
AO iter 3 - LBFGS: NLL=2324.7158  mean_cds=9.872e-09  mean_casa=9.955 deg, 0.83s 
mc_idx = 86/100, 耗时 128.52s 
AO iter 1 - EM: NLL=2319.4858, 0.13s 
AO iter 1 - LBFGS: NLL=2315.9825  mean_cds=1.037e-08  mean_casa=9.248 deg, 0.28s 
AO iter 2 - EM: NLL=2314.1555, 0.41s 
AO iter 2 - LBFGS: NLL=2312.8522  mean_cds=1.030e-08  mean_casa=9.232 deg, 0.56s 
AO iter 3 - EM: NLL=2312.2536, 0.69s 
AO iter 3 - LBFGS: NLL=2311.0220  mean_cds=1.020e-08  mean_casa=8.851 deg, 0.83s 
mc_idx = 87/100, 耗时 129.99s 
AO iter 1 - EM: NLL=2421.6888, 0.12s 
AO iter 1 - LBFGS: NLL=2418.1484  mean_cds=1.061e-08  mean_casa=10.542 deg, 0.27s 
AO iter 2 - EM: NLL=2415.2154, 0.40s 
AO iter 2 - LBFGS: NLL=2412.7528  mean_cds=1.144e-08  mean_casa=10.753 deg, 0.55s 
AO iter 3 - EM: NLL=2411.2838, 0.67s 
AO iter 3 - LBFGS: NLL=2409.5700  mean_cds=1.461e-08  mean_casa=10.742 deg, 0.82s 
mc_idx = 88/100, 耗时 131.46s 
AO iter 1 - EM: NLL=2397.8431, 0.12s 
AO iter 1 - LBFGS: NLL=2391.3366  mean_cds=1.249e-08  mean_casa=9.525 deg, 0.27s 
AO iter 2 - EM: NLL=2388.6789, 0.40s 
AO iter 2 - LBFGS: NLL=2385.9079  mean_cds=1.253e-08  mean_casa=9.746 deg, 0.57s 
AO iter 3 - EM: NLL=2385.0611, 0.69s 
AO iter 3 - LBFGS: NLL=2384.0863  mean_cds=1.272e-08  mean_casa=9.792 deg, 0.84s 
mc_idx = 89/100, 耗时 132.95s 
AO iter 1 - EM: NLL=2395.1929, 0.13s 
AO iter 1 - LBFGS: NLL=2387.5850  mean_cds=8.271e-09  mean_casa=12.387 deg, 0.28s 
AO iter 2 - EM: NLL=2377.6808, 0.40s 
AO iter 2 - LBFGS: NLL=2375.0579  mean_cds=7.566e-09  mean_casa=13.734 deg, 0.55s 
AO iter 3 - EM: NLL=2373.9323, 0.67s 
AO iter 3 - LBFGS: NLL=2372.9784  mean_cds=7.257e-09  mean_casa=13.802 deg, 0.83s 
mc_idx = 90/100, 耗时 134.44s 
AO iter 1 - EM: NLL=2408.4216, 0.12s 
AO iter 1 - LBFGS: NLL=2400.9046  mean_cds=9.612e-09  mean_casa=10.662 deg, 0.27s 
AO iter 2 - EM: NLL=2399.1741, 0.40s 
AO iter 2 - LBFGS: NLL=2397.5537  mean_cds=9.931e-09  mean_casa=10.489 deg, 0.55s 
AO iter 3 - EM: NLL=2397.0933, 0.67s 
AO iter 3 - LBFGS: NLL=2394.8072  mean_cds=1.119e-08  mean_casa=11.406 deg, 0.83s 
mc_idx = 91/100, 耗时 135.93s 
AO iter 1 - EM: NLL=2385.5303, 0.13s 
AO iter 1 - LBFGS: NLL=2375.1835  mean_cds=1.446e-08  mean_casa=10.190 deg, 0.27s 
AO iter 2 - EM: NLL=2374.8253, 0.40s 
AO iter 2 - LBFGS: NLL=2368.0035  mean_cds=1.496e-08  mean_casa=9.946 deg, 0.55s 
AO iter 3 - EM: NLL=2367.0256, 0.67s 
AO iter 3 - LBFGS: NLL=2366.6228  mean_cds=1.526e-08  mean_casa=10.057 deg, 0.82s 
mc_idx = 92/100, 耗时 137.40s 
AO iter 1 - EM: NLL=2404.5168, 0.13s 
AO iter 1 - LBFGS: NLL=2397.3172  mean_cds=1.030e-08  mean_casa=9.411 deg, 0.28s 
AO iter 2 - EM: NLL=2394.7586, 0.41s 
AO iter 2 - LBFGS: NLL=2391.5159  mean_cds=1.061e-08  mean_casa=9.840 deg, 0.56s 
AO iter 3 - EM: NLL=2390.9289, 0.69s 
AO iter 3 - LBFGS: NLL=2388.7033  mean_cds=1.115e-08  mean_casa=10.241 deg, 0.85s 
mc_idx = 93/100, 耗时 138.90s 
AO iter 1 - EM: NLL=2382.1222, 0.13s 
AO iter 1 - LBFGS: NLL=2378.9872  mean_cds=1.232e-08  mean_casa=10.178 deg, 0.28s 
AO iter 2 - EM: NLL=2376.5731, 0.41s 
AO iter 2 - LBFGS: NLL=2375.7021  mean_cds=1.256e-08  mean_casa=10.267 deg, 0.56s 
AO iter 3 - EM: NLL=2375.2675, 0.69s 
AO iter 3 - LBFGS: NLL=2373.8203  mean_cds=1.356e-08  mean_casa=12.206 deg, 0.83s 
mc_idx = 94/100, 耗时 140.39s 
AO iter 1 - EM: NLL=2368.9674, 0.14s 
AO iter 1 - LBFGS: NLL=2360.0194  mean_cds=9.613e-09  mean_casa=8.589 deg, 0.29s 
AO iter 2 - EM: NLL=2355.7419, 0.41s 
AO iter 2 - LBFGS: NLL=2348.5283  mean_cds=9.242e-09  mean_casa=9.572 deg, 0.56s 
AO iter 3 - EM: NLL=2347.4858, 0.68s 
AO iter 3 - LBFGS: NLL=2346.5136  mean_cds=9.186e-09  mean_casa=9.022 deg, 0.83s 
mc_idx = 95/100, 耗时 141.87s 
AO iter 1 - EM: NLL=2407.7311, 0.12s 
AO iter 1 - LBFGS: NLL=2402.2963  mean_cds=9.889e-09  mean_casa=11.776 deg, 0.27s 
AO iter 2 - EM: NLL=2398.1998, 0.40s 
AO iter 2 - LBFGS: NLL=2395.8518  mean_cds=9.414e-09  mean_casa=12.550 deg, 0.55s 
AO iter 3 - EM: NLL=2394.6852, 0.68s 
AO iter 3 - LBFGS: NLL=2392.9759  mean_cds=9.883e-09  mean_casa=17.475 deg, 0.83s 
mc_idx = 96/100, 耗时 143.35s 
AO iter 1 - EM: NLL=2332.3898, 0.12s 
AO iter 1 - LBFGS: NLL=2329.3292  mean_cds=1.082e-08  mean_casa=9.815 deg, 0.28s 
AO iter 2 - EM: NLL=2327.3196, 0.40s 
AO iter 2 - LBFGS: NLL=2324.7045  mean_cds=1.108e-08  mean_casa=10.508 deg, 0.55s 
AO iter 3 - EM: NLL=2323.8961, 0.68s 
AO iter 3 - LBFGS: NLL=2323.4426  mean_cds=1.098e-08  mean_casa=10.523 deg, 0.82s 
mc_idx = 97/100, 耗时 144.83s 
AO iter 1 - EM: NLL=2311.3521, 0.14s 
AO iter 1 - LBFGS: NLL=2302.4521  mean_cds=1.230e-08  mean_casa=9.188 deg, 0.30s 
AO iter 2 - EM: NLL=2297.3101, 0.43s 
AO iter 2 - LBFGS: NLL=2296.6794  mean_cds=1.235e-08  mean_casa=9.315 deg, 0.58s 
AO iter 3 - EM: NLL=2295.8332, 0.70s 
AO iter 3 - LBFGS: NLL=2295.2086  mean_cds=1.225e-08  mean_casa=9.478 deg, 0.86s 
mc_idx = 98/100, 耗时 146.33s 
AO iter 1 - EM: NLL=2386.1469, 0.12s 
AO iter 1 - LBFGS: NLL=2378.9155  mean_cds=1.279e-08  mean_casa=10.024 deg, 0.28s 
AO iter 2 - EM: NLL=2376.4986, 0.41s 
AO iter 2 - LBFGS: NLL=2375.4583  mean_cds=1.269e-08  mean_casa=10.136 deg, 0.55s 
AO iter 3 - EM: NLL=2374.6186, 0.68s 
AO iter 3 - LBFGS: NLL=2373.8919  mean_cds=1.305e-08  mean_casa=9.966 deg, 0.83s 
mc_idx = 99/100, 耗时 147.83s 
AO iter 1 - EM: NLL=2396.7788, 0.13s 
AO iter 1 - LBFGS: NLL=2389.6845  mean_cds=1.102e-08  mean_casa=10.411 deg, 0.28s 
AO iter 2 - EM: NLL=2386.5076, 0.41s 
AO iter 2 - LBFGS: NLL=2384.6656  mean_cds=1.094e-08  mean_casa=10.553 deg, 0.56s 
AO iter 3 - EM: NLL=2383.8023, 0.68s 
AO iter 3 - LBFGS: NLL=2382.9907  mean_cds=1.126e-08  mean_casa=11.334 deg, 0.84s 
mc_idx = 100/100, 耗时 149.33s 

====== SNR_dB = -5 (1/5) finished, consumed 149.3s ======

开始MonteCarlo仿真...... 
AO iter 1 - EM: NLL=1417.1614, 0.12s 
AO iter 1 - LBFGS: NLL=1410.1178  mean_cds=1.019e-08  mean_casa=9.357 deg, 0.28s 
AO iter 2 - EM: NLL=1406.6984, 0.40s 
AO iter 2 - LBFGS: NLL=1404.1311  mean_cds=9.753e-09  mean_casa=9.209 deg, 0.55s 
AO iter 3 - EM: NLL=1403.3420, 0.67s 
AO iter 3 - LBFGS: NLL=1402.2101  mean_cds=9.613e-09  mean_casa=9.043 deg, 0.82s 
mc_idx = 1/100, 耗时 1.48s 
AO iter 1 - EM: NLL=1412.2508, 0.12s 
AO iter 1 - LBFGS: NLL=1405.3850  mean_cds=1.026e-08  mean_casa=9.458 deg, 0.30s 
AO iter 2 - EM: NLL=1397.9364, 0.42s 
AO iter 2 - LBFGS: NLL=1393.7954  mean_cds=9.548e-09  mean_casa=8.920 deg, 0.57s 
AO iter 3 - EM: NLL=1390.6360, 0.69s 
AO iter 3 - LBFGS: NLL=1388.9540  mean_cds=9.061e-09  mean_casa=8.541 deg, 0.84s 
mc_idx = 2/100, 耗时 2.96s 
AO iter 1 - EM: NLL=1399.7719, 0.12s 
AO iter 1 - LBFGS: NLL=1390.1440  mean_cds=1.075e-08  mean_casa=9.266 deg, 0.29s 
AO iter 2 - EM: NLL=1384.8423, 0.41s 
AO iter 2 - LBFGS: NLL=1383.1179  mean_cds=1.060e-08  mean_casa=9.135 deg, 0.56s 
AO iter 3 - EM: NLL=1381.6205, 0.68s 
AO iter 3 - LBFGS: NLL=1379.7215  mean_cds=1.063e-08  mean_casa=8.932 deg, 0.83s 
mc_idx = 3/100, 耗时 4.45s 
AO iter 1 - EM: NLL=1397.0227, 0.12s 
AO iter 1 - LBFGS: NLL=1381.2455  mean_cds=9.733e-09  mean_casa=9.283 deg, 0.30s 
AO iter 2 - EM: NLL=1370.7123, 0.43s 
AO iter 2 - LBFGS: NLL=1368.1423  mean_cds=9.646e-09  mean_casa=9.459 deg, 0.59s 
AO iter 3 - EM: NLL=1366.7221, 0.71s 
AO iter 3 - LBFGS: NLL=1364.3587  mean_cds=9.313e-09  mean_casa=10.288 deg, 0.86s 
mc_idx = 4/100, 耗时 5.96s 
AO iter 1 - EM: NLL=1475.7069, 0.12s 
AO iter 1 - LBFGS: NLL=1466.7731  mean_cds=1.095e-08  mean_casa=9.768 deg, 0.28s 
AO iter 2 - EM: NLL=1461.8422, 0.40s 
AO iter 2 - LBFGS: NLL=1459.8076  mean_cds=1.131e-08  mean_casa=10.053 deg, 0.56s 
AO iter 3 - EM: NLL=1459.0040, 0.68s 
AO iter 3 - LBFGS: NLL=1457.1935  mean_cds=1.186e-08  mean_casa=10.259 deg, 0.84s 
mc_idx = 5/100, 耗时 7.45s 
AO iter 1 - EM: NLL=1455.7194, 0.14s 
AO iter 1 - LBFGS: NLL=1447.2173  mean_cds=1.033e-08  mean_casa=9.925 deg, 0.30s 
AO iter 2 - EM: NLL=1438.7922, 0.42s 
AO iter 2 - LBFGS: NLL=1433.9584  mean_cds=1.046e-08  mean_casa=10.879 deg, 0.57s 
AO iter 3 - EM: NLL=1432.4821, 0.70s 
AO iter 3 - LBFGS: NLL=1429.9478  mean_cds=1.068e-08  mean_casa=11.347 deg, 0.85s 
mc_idx = 6/100, 耗时 8.97s 
AO iter 1 - EM: NLL=1389.0284, 0.12s 
AO iter 1 - LBFGS: NLL=1384.0639  mean_cds=1.074e-08  mean_casa=9.695 deg, 0.29s 
AO iter 2 - EM: NLL=1379.4787, 0.42s 
AO iter 2 - LBFGS: NLL=1377.5713  mean_cds=1.057e-08  mean_casa=9.769 deg, 0.57s 
AO iter 3 - EM: NLL=1376.0720, 0.69s 
AO iter 3 - LBFGS: NLL=1372.6597  mean_cds=9.825e-09  mean_casa=9.766 deg, 0.85s 
mc_idx = 7/100, 耗时 10.48s 
AO iter 1 - EM: NLL=1427.4740, 0.12s 
AO iter 1 - LBFGS: NLL=1423.0491  mean_cds=1.067e-08  mean_casa=9.637 deg, 0.28s 
AO iter 2 - EM: NLL=1417.7714, 0.41s 
AO iter 2 - LBFGS: NLL=1416.2204  mean_cds=1.065e-08  mean_casa=9.633 deg, 0.56s 
AO iter 3 - EM: NLL=1414.9279, 0.69s 
AO iter 3 - LBFGS: NLL=1413.6444  mean_cds=1.056e-08  mean_casa=9.500 deg, 0.84s 
mc_idx = 8/100, 耗时 11.97s 
AO iter 1 - EM: NLL=1439.0480, 0.12s 
AO iter 1 - LBFGS: NLL=1429.4528  mean_cds=9.918e-09  mean_casa=10.970 deg, 0.27s 
AO iter 2 - EM: NLL=1426.3192, 0.40s 
AO iter 2 - LBFGS: NLL=1425.1782  mean_cds=9.922e-09  mean_casa=11.141 deg, 0.54s 
AO iter 3 - EM: NLL=1424.5322, 0.67s 
AO iter 3 - LBFGS: NLL=1424.0210  mean_cds=1.006e-08  mean_casa=11.183 deg, 0.82s 
mc_idx = 9/100, 耗时 13.45s 
AO iter 1 - EM: NLL=1446.7288, 0.13s 
AO iter 1 - LBFGS: NLL=1438.5420  mean_cds=1.045e-08  mean_casa=9.703 deg, 0.30s 
AO iter 2 - EM: NLL=1431.7081, 0.42s 
AO iter 2 - LBFGS: NLL=1428.6877  mean_cds=1.023e-08  mean_casa=9.984 deg, 0.57s 
AO iter 3 - EM: NLL=1426.7924, 0.70s 
AO iter 3 - LBFGS: NLL=1425.0204  mean_cds=1.011e-08  mean_casa=9.969 deg, 0.85s 
mc_idx = 10/100, 耗时 14.96s 
AO iter 1 - EM: NLL=1416.1625, 0.12s 
AO iter 1 - LBFGS: NLL=1407.8745  mean_cds=1.042e-08  mean_casa=9.548 deg, 0.28s 
AO iter 2 - EM: NLL=1399.7090, 0.40s 
AO iter 2 - LBFGS: NLL=1396.7735  mean_cds=1.030e-08  mean_casa=9.743 deg, 0.55s 
AO iter 3 - EM: NLL=1395.6926, 0.68s 
AO iter 3 - LBFGS: NLL=1394.1054  mean_cds=1.012e-08  mean_casa=9.798 deg, 0.84s 
mc_idx = 11/100, 耗时 16.47s 
AO iter 1 - EM: NLL=1458.7974, 0.13s 
AO iter 1 - LBFGS: NLL=1435.3347  mean_cds=9.155e-09  mean_casa=9.408 deg, 0.30s 
AO iter 2 - EM: NLL=1423.9887, 0.42s 
AO iter 2 - LBFGS: NLL=1420.3404  mean_cds=9.149e-09  mean_casa=9.563 deg, 0.59s 
AO iter 3 - EM: NLL=1418.6972, 0.72s 
AO iter 3 - LBFGS: NLL=1412.4055  mean_cds=1.052e-08  mean_casa=13.943 deg, 0.87s 
mc_idx = 12/100, 耗时 18.00s 
AO iter 1 - EM: NLL=1400.3829, 0.12s 
AO iter 1 - LBFGS: NLL=1391.2851  mean_cds=1.030e-08  mean_casa=9.632 deg, 0.28s 
AO iter 2 - EM: NLL=1381.7608, 0.41s 
AO iter 2 - LBFGS: NLL=1379.7957  mean_cds=1.014e-08  mean_casa=9.815 deg, 0.56s 
AO iter 3 - EM: NLL=1378.7565, 0.68s 
AO iter 3 - LBFGS: NLL=1376.5528  mean_cds=9.820e-09  mean_casa=10.041 deg, 0.83s 
mc_idx = 13/100, 耗时 19.48s 
AO iter 1 - EM: NLL=1429.6015, 0.13s 
AO iter 1 - LBFGS: NLL=1420.1398  mean_cds=1.050e-08  mean_casa=9.492 deg, 0.30s 
AO iter 2 - EM: NLL=1415.2732, 0.42s 
AO iter 2 - LBFGS: NLL=1411.4267  mean_cds=1.032e-08  mean_casa=9.405 deg, 0.59s 
AO iter 3 - EM: NLL=1409.7749, 0.71s 
AO iter 3 - LBFGS: NLL=1405.4741  mean_cds=1.001e-08  mean_casa=8.969 deg, 0.87s 
mc_idx = 14/100, 耗时 21.02s 
AO iter 1 - EM: NLL=1446.7167, 0.12s 
AO iter 1 - LBFGS: NLL=1441.2717  mean_cds=1.087e-08  mean_casa=9.733 deg, 0.28s 
AO iter 2 - EM: NLL=1434.5314, 0.40s 
AO iter 2 - LBFGS: NLL=1431.0002  mean_cds=1.129e-08  mean_casa=10.535 deg, 0.55s 
AO iter 3 - EM: NLL=1428.2471, 0.68s 
AO iter 3 - LBFGS: NLL=1426.9537  mean_cds=1.133e-08  mean_casa=10.439 deg, 0.84s 
mc_idx = 15/100, 耗时 22.50s 
AO iter 1 - EM: NLL=1427.4569, 0.12s 
AO iter 1 - LBFGS: NLL=1418.4005  mean_cds=9.788e-09  mean_casa=9.827 deg, 0.30s 
AO iter 2 - EM: NLL=1410.1807, 0.43s 
AO iter 2 - LBFGS: NLL=1403.0537  mean_cds=8.969e-09  mean_casa=10.086 deg, 0.59s 
AO iter 3 - EM: NLL=1401.9534, 0.71s 
AO iter 3 - LBFGS: NLL=1400.3680  mean_cds=9.027e-09  mean_casa=9.900 deg, 0.87s 
mc_idx = 16/100, 耗时 24.02s 
AO iter 1 - EM: NLL=1417.5592, 0.12s 
AO iter 1 - LBFGS: NLL=1408.5754  mean_cds=1.080e-08  mean_casa=9.385 deg, 0.28s 
AO iter 2 - EM: NLL=1400.9283, 0.40s 
AO iter 2 - LBFGS: NLL=1398.4631  mean_cds=1.088e-08  mean_casa=9.624 deg, 0.55s 
AO iter 3 - EM: NLL=1397.3882, 0.67s 
AO iter 3 - LBFGS: NLL=1396.1054  mean_cds=1.068e-08  mean_casa=9.744 deg, 0.83s 
mc_idx = 17/100, 耗时 25.50s 
AO iter 1 - EM: NLL=1421.8292, 0.12s 
AO iter 1 - LBFGS: NLL=1406.8127  mean_cds=9.994e-09  mean_casa=9.177 deg, 0.30s 
AO iter 2 - EM: NLL=1396.7049, 0.43s 
AO iter 2 - LBFGS: NLL=1392.9795  mean_cds=9.567e-09  mean_casa=9.026 deg, 0.58s 
AO iter 3 - EM: NLL=1390.7242, 0.70s 
AO iter 3 - LBFGS: NLL=1388.4578  mean_cds=9.339e-09  mean_casa=8.786 deg, 0.85s 
mc_idx = 18/100, 耗时 27.01s 
AO iter 1 - EM: NLL=1454.3639, 0.12s 
AO iter 1 - LBFGS: NLL=1444.3175  mean_cds=1.028e-08  mean_casa=9.179 deg, 0.30s 
AO iter 2 - EM: NLL=1438.1845, 0.43s 
AO iter 2 - LBFGS: NLL=1433.9376  mean_cds=9.823e-09  mean_casa=8.815 deg, 0.58s 
AO iter 3 - EM: NLL=1432.6183, 0.71s 
AO iter 3 - LBFGS: NLL=1431.5906  mean_cds=9.592e-09  mean_casa=8.615 deg, 0.86s 
mc_idx = 19/100, 耗时 28.52s 
AO iter 1 - EM: NLL=1477.6733, 0.12s 
AO iter 1 - LBFGS: NLL=1471.1415  mean_cds=1.034e-08  mean_casa=9.951 deg, 0.29s 
AO iter 2 - EM: NLL=1468.4316, 0.41s 
AO iter 2 - LBFGS: NLL=1467.3767  mean_cds=1.041e-08  mean_casa=10.075 deg, 0.56s 
AO iter 3 - EM: NLL=1466.4689, 0.69s 
AO iter 3 - LBFGS: NLL=1464.7250  mean_cds=1.056e-08  mean_casa=10.467 deg, 0.84s 
mc_idx = 20/100, 耗时 30.01s 
AO iter 1 - EM: NLL=1418.2619, 0.14s 
AO iter 1 - LBFGS: NLL=1393.6560  mean_cds=1.403e-08  mean_casa=9.183 deg, 0.30s 
AO iter 2 - EM: NLL=1378.5075, 0.42s 
AO iter 2 - LBFGS: NLL=1373.8311  mean_cds=1.337e-08  mean_casa=8.749 deg, 0.59s 
AO iter 3 - EM: NLL=1372.9825, 0.72s 
AO iter 3 - LBFGS: NLL=1369.9590  mean_cds=1.141e-08  mean_casa=10.084 deg, 0.88s 
mc_idx = 21/100, 耗时 31.56s 
AO iter 1 - EM: NLL=1385.0061, 0.13s 
AO iter 1 - LBFGS: NLL=1374.9927  mean_cds=1.030e-08  mean_casa=9.418 deg, 0.29s 
AO iter 2 - EM: NLL=1364.1111, 0.41s 
AO iter 2 - LBFGS: NLL=1362.7853  mean_cds=1.014e-08  mean_casa=9.424 deg, 0.56s 
AO iter 3 - EM: NLL=1361.4579, 0.69s 
AO iter 3 - LBFGS: NLL=1360.3970  mean_cds=1.015e-08  mean_casa=9.267 deg, 0.85s 
mc_idx = 22/100, 耗时 33.06s 
AO iter 1 - EM: NLL=1482.7248, 0.12s 
AO iter 1 - LBFGS: NLL=1472.5906  mean_cds=1.026e-08  mean_casa=9.607 deg, 0.28s 
AO iter 2 - EM: NLL=1463.7178, 0.41s 
AO iter 2 - LBFGS: NLL=1457.7925  mean_cds=9.329e-09  mean_casa=10.345 deg, 0.56s 
AO iter 3 - EM: NLL=1456.1180, 0.69s 
AO iter 3 - LBFGS: NLL=1454.8337  mean_cds=9.357e-09  mean_casa=10.589 deg, 0.87s 
mc_idx = 23/100, 耗时 34.60s 
AO iter 1 - EM: NLL=1449.7789, 0.12s 
AO iter 1 - LBFGS: NLL=1442.0452  mean_cds=1.046e-08  mean_casa=9.471 deg, 0.28s 
AO iter 2 - EM: NLL=1432.6391, 0.40s 
AO iter 2 - LBFGS: NLL=1430.8782  mean_cds=1.046e-08  mean_casa=9.595 deg, 0.56s 
AO iter 3 - EM: NLL=1429.6114, 0.68s 
AO iter 3 - LBFGS: NLL=1427.2665  mean_cds=1.028e-08  mean_casa=9.570 deg, 0.84s 
mc_idx = 24/100, 耗时 36.10s 
AO iter 1 - EM: NLL=1375.5543, 0.12s 
AO iter 1 - LBFGS: NLL=1369.5789  mean_cds=1.006e-08  mean_casa=10.071 deg, 0.28s 
AO iter 2 - EM: NLL=1363.3456, 0.41s 
AO iter 2 - LBFGS: NLL=1360.9633  mean_cds=1.003e-08  mean_casa=10.100 deg, 0.57s 
AO iter 3 - EM: NLL=1359.8540, 0.69s 
AO iter 3 - LBFGS: NLL=1358.8297  mean_cds=1.030e-08  mean_casa=10.648 deg, 0.84s 
mc_idx = 25/100, 耗时 37.60s 
AO iter 1 - EM: NLL=1421.9104, 0.12s 
AO iter 1 - LBFGS: NLL=1409.1323  mean_cds=1.092e-08  mean_casa=9.214 deg, 0.28s 
AO iter 2 - EM: NLL=1398.3713, 0.41s 
AO iter 2 - LBFGS: NLL=1393.9251  mean_cds=1.164e-08  mean_casa=9.187 deg, 0.56s 
AO iter 3 - EM: NLL=1390.2781, 0.68s 
AO iter 3 - LBFGS: NLL=1388.7503  mean_cds=1.177e-08  mean_casa=9.274 deg, 0.83s 
mc_idx = 26/100, 耗时 39.10s 
AO iter 1 - EM: NLL=1428.6360, 0.14s 
AO iter 1 - LBFGS: NLL=1418.3196  mean_cds=1.030e-08  mean_casa=9.844 deg, 0.31s 
AO iter 2 - EM: NLL=1413.0603, 0.43s 
AO iter 2 - LBFGS: NLL=1409.3814  mean_cds=9.735e-09  mean_casa=9.958 deg, 0.60s 
AO iter 3 - EM: NLL=1407.9568, 0.72s 
AO iter 3 - LBFGS: NLL=1406.1166  mean_cds=9.423e-09  mean_casa=9.928 deg, 0.88s 
mc_idx = 27/100, 耗时 40.65s 
AO iter 1 - EM: NLL=1495.1797, 0.12s 
AO iter 1 - LBFGS: NLL=1488.6947  mean_cds=1.082e-08  mean_casa=9.801 deg, 0.29s 
AO iter 2 - EM: NLL=1483.6504, 0.41s 
AO iter 2 - LBFGS: NLL=1481.8005  mean_cds=1.084e-08  mean_casa=10.069 deg, 0.56s 
AO iter 3 - EM: NLL=1480.4948, 0.69s 
AO iter 3 - LBFGS: NLL=1477.8565  mean_cds=1.118e-08  mean_casa=10.321 deg, 0.84s 
mc_idx = 28/100, 耗时 42.14s 
AO iter 1 - EM: NLL=1477.1600, 0.13s 
AO iter 1 - LBFGS: NLL=1469.2506  mean_cds=1.120e-08  mean_casa=9.556 deg, 0.29s 
AO iter 2 - EM: NLL=1463.7556, 0.41s 
AO iter 2 - LBFGS: NLL=1461.2803  mean_cds=1.185e-08  mean_casa=9.818 deg, 0.57s 
AO iter 3 - EM: NLL=1460.2835, 0.69s 
AO iter 3 - LBFGS: NLL=1457.9278  mean_cds=1.300e-08  mean_casa=9.844 deg, 0.85s 
mc_idx = 29/100, 耗时 43.68s 
AO iter 1 - EM: NLL=1377.7785, 0.13s 
AO iter 1 - LBFGS: NLL=1367.0049  mean_cds=1.072e-08  mean_casa=9.423 deg, 0.29s 
AO iter 2 - EM: NLL=1363.5600, 0.41s 
AO iter 2 - LBFGS: NLL=1360.1507  mean_cds=1.101e-08  mean_casa=9.554 deg, 0.57s 
AO iter 3 - EM: NLL=1359.0654, 0.70s 
AO iter 3 - LBFGS: NLL=1356.9538  mean_cds=1.118e-08  mean_casa=9.886 deg, 0.85s 
mc_idx = 30/100, 耗时 45.19s 
AO iter 1 - EM: NLL=1431.4711, 0.12s 
AO iter 1 - LBFGS: NLL=1422.8846  mean_cds=1.059e-08  mean_casa=9.279 deg, 0.29s 
AO iter 2 - EM: NLL=1415.5248, 0.41s 
AO iter 2 - LBFGS: NLL=1410.6600  mean_cds=1.062e-08  mean_casa=9.442 deg, 0.56s 
AO iter 3 - EM: NLL=1409.5661, 0.69s 
AO iter 3 - LBFGS: NLL=1406.7818  mean_cds=1.035e-08  mean_casa=9.721 deg, 0.84s 
mc_idx = 31/100, 耗时 46.68s 
AO iter 1 - EM: NLL=1418.9002, 0.14s 
AO iter 1 - LBFGS: NLL=1410.9258  mean_cds=1.026e-08  mean_casa=9.753 deg, 0.32s 
AO iter 2 - EM: NLL=1403.2360, 0.44s 
AO iter 2 - LBFGS: NLL=1401.4019  mean_cds=1.009e-08  mean_casa=10.106 deg, 0.60s 
AO iter 3 - EM: NLL=1400.4885, 0.73s 
AO iter 3 - LBFGS: NLL=1399.4405  mean_cds=1.028e-08  mean_casa=10.570 deg, 0.88s 
mc_idx = 32/100, 耗时 48.22s 
AO iter 1 - EM: NLL=1439.6061, 0.12s 
AO iter 1 - LBFGS: NLL=1432.9920  mean_cds=1.066e-08  mean_casa=9.689 deg, 0.29s 
AO iter 2 - EM: NLL=1426.6867, 0.41s 
AO iter 2 - LBFGS: NLL=1424.5235  mean_cds=1.041e-08  mean_casa=9.555 deg, 0.57s 
AO iter 3 - EM: NLL=1423.6451, 0.70s 
AO iter 3 - LBFGS: NLL=1421.3249  mean_cds=9.977e-09  mean_casa=9.265 deg, 0.84s 
mc_idx = 33/100, 耗时 49.71s 
AO iter 1 - EM: NLL=1467.8477, 0.14s 
AO iter 1 - LBFGS: NLL=1454.0191  mean_cds=1.033e-08  mean_casa=9.722 deg, 0.30s 
AO iter 2 - EM: NLL=1450.5401, 0.43s 
AO iter 2 - LBFGS: NLL=1445.9419  mean_cds=9.875e-09  mean_casa=10.056 deg, 0.58s 
AO iter 3 - EM: NLL=1444.3614, 0.70s 
AO iter 3 - LBFGS: NLL=1442.4653  mean_cds=9.741e-09  mean_casa=10.178 deg, 0.85s 
mc_idx = 34/100, 耗时 51.22s 
AO iter 1 - EM: NLL=1446.8455, 0.12s 
AO iter 1 - LBFGS: NLL=1441.5144  mean_cds=1.085e-08  mean_casa=9.885 deg, 0.29s 
AO iter 2 - EM: NLL=1437.0545, 0.42s 
AO iter 2 - LBFGS: NLL=1433.6795  mean_cds=1.124e-08  mean_casa=10.698 deg, 0.58s 
AO iter 3 - EM: NLL=1432.3111, 0.70s 
AO iter 3 - LBFGS: NLL=1426.7785  mean_cds=1.126e-08  mean_casa=13.945 deg, 0.86s 
mc_idx = 35/100, 耗时 52.73s 
AO iter 1 - EM: NLL=1464.0280, 0.12s 
AO iter 1 - LBFGS: NLL=1456.1374  mean_cds=1.083e-08  mean_casa=9.595 deg, 0.30s 
AO iter 2 - EM: NLL=1435.9040, 0.42s 
AO iter 2 - LBFGS: NLL=1432.9914  mean_cds=1.071e-08  mean_casa=9.382 deg, 0.58s 
AO iter 3 - EM: NLL=1428.8955, 0.70s 
AO iter 3 - LBFGS: NLL=1428.0076  mean_cds=1.071e-08  mean_casa=9.251 deg, 0.86s 
mc_idx = 36/100, 耗时 54.25s 
AO iter 1 - EM: NLL=1383.1323, 0.12s 
AO iter 1 - LBFGS: NLL=1374.4233  mean_cds=1.045e-08  mean_casa=9.315 deg, 0.28s 
AO iter 2 - EM: NLL=1368.9204, 0.41s 
AO iter 2 - LBFGS: NLL=1366.5920  mean_cds=9.890e-09  mean_casa=8.945 deg, 0.56s 
AO iter 3 - EM: NLL=1364.5585, 0.68s 
AO iter 3 - LBFGS: NLL=1362.5550  mean_cds=9.523e-09  mean_casa=8.876 deg, 0.85s 
mc_idx = 37/100, 耗时 55.76s 
AO iter 1 - EM: NLL=1365.8699, 0.12s 
AO iter 1 - LBFGS: NLL=1353.4607  mean_cds=1.086e-08  mean_casa=9.240 deg, 0.29s 
AO iter 2 - EM: NLL=1353.0345, 0.41s 
AO iter 2 - LBFGS: NLL=1350.3746  mean_cds=1.075e-08  mean_casa=9.256 deg, 0.57s 
AO iter 3 - EM: NLL=1342.6759, 0.70s 
AO iter 3 - LBFGS: NLL=1340.8089  mean_cds=1.110e-08  mean_casa=9.409 deg, 0.85s 
mc_idx = 38/100, 耗时 57.27s 
AO iter 1 - EM: NLL=1455.3729, 0.12s 
AO iter 1 - LBFGS: NLL=1450.6079  mean_cds=1.090e-08  mean_casa=9.745 deg, 0.28s 
AO iter 2 - EM: NLL=1442.3106, 0.41s 
AO iter 2 - LBFGS: NLL=1440.4429  mean_cds=1.082e-08  mean_casa=9.816 deg, 0.56s 
AO iter 3 - EM: NLL=1439.3268, 0.69s 
AO iter 3 - LBFGS: NLL=1437.9233  mean_cds=1.075e-08  mean_casa=9.763 deg, 0.86s 
mc_idx = 39/100, 耗时 58.79s 
AO iter 1 - EM: NLL=1460.8548, 0.12s 
AO iter 1 - LBFGS: NLL=1451.8754  mean_cds=1.071e-08  mean_casa=9.761 deg, 0.29s 
AO iter 2 - EM: NLL=1444.1985, 0.41s 
AO iter 2 - LBFGS: NLL=1440.6217  mean_cds=1.055e-08  mean_casa=10.312 deg, 0.56s 
AO iter 3 - EM: NLL=1438.3767, 0.68s 
AO iter 3 - LBFGS: NLL=1436.9560  mean_cds=1.044e-08  mean_casa=10.120 deg, 0.84s 
mc_idx = 40/100, 耗时 60.28s 
AO iter 1 - EM: NLL=1452.3012, 0.12s 
AO iter 1 - LBFGS: NLL=1444.6851  mean_cds=2.504e-08  mean_casa=9.323 deg, 0.27s 
AO iter 2 - EM: NLL=1439.1294, 0.39s 
AO iter 2 - LBFGS: NLL=1421.4443  mean_cds=2.135e-08  mean_casa=9.354 deg, 0.54s 
AO iter 3 - EM: NLL=1418.1547, 0.67s 
AO iter 3 - LBFGS: NLL=1414.5846  mean_cds=2.080e-08  mean_casa=9.346 deg, 0.83s 
mc_idx = 41/100, 耗时 61.76s 
AO iter 1 - EM: NLL=1443.1863, 0.12s 
AO iter 1 - LBFGS: NLL=1434.4706  mean_cds=1.020e-08  mean_casa=9.433 deg, 0.29s 
AO iter 2 - EM: NLL=1429.3100, 0.41s 
AO iter 2 - LBFGS: NLL=1427.0611  mean_cds=1.004e-08  mean_casa=9.398 deg, 0.57s 
AO iter 3 - EM: NLL=1426.2067, 0.69s 
AO iter 3 - LBFGS: NLL=1423.5658  mean_cds=9.370e-09  mean_casa=9.123 deg, 0.85s 
mc_idx = 42/100, 耗时 63.26s 
AO iter 1 - EM: NLL=1324.8632, 0.12s 
AO iter 1 - LBFGS: NLL=1315.5411  mean_cds=1.039e-08  mean_casa=9.153 deg, 0.28s 
AO iter 2 - EM: NLL=1308.8344, 0.41s 
AO iter 2 - LBFGS: NLL=1305.5365  mean_cds=1.013e-08  mean_casa=9.139 deg, 0.56s 
AO iter 3 - EM: NLL=1303.9944, 0.68s 
AO iter 3 - LBFGS: NLL=1301.4908  mean_cds=9.958e-09  mean_casa=8.919 deg, 0.83s 
mc_idx = 43/100, 耗时 64.74s 
AO iter 1 - EM: NLL=1409.1226, 0.12s 
AO iter 1 - LBFGS: NLL=1399.9195  mean_cds=1.080e-08  mean_casa=9.656 deg, 0.29s 
AO iter 2 - EM: NLL=1393.8682, 0.41s 
AO iter 2 - LBFGS: NLL=1389.7516  mean_cds=1.010e-08  mean_casa=10.252 deg, 0.56s 
AO iter 3 - EM: NLL=1387.4311, 0.69s 
AO iter 3 - LBFGS: NLL=1386.6521  mean_cds=9.996e-09  mean_casa=10.411 deg, 0.86s 
mc_idx = 44/100, 耗时 66.27s 
AO iter 1 - EM: NLL=1455.6102, 0.12s 
AO iter 1 - LBFGS: NLL=1447.9204  mean_cds=1.051e-08  mean_casa=9.630 deg, 0.29s 
AO iter 2 - EM: NLL=1445.9618, 0.41s 
AO iter 2 - LBFGS: NLL=1440.9447  mean_cds=1.032e-08  mean_casa=9.746 deg, 0.56s 
AO iter 3 - EM: NLL=1439.6826, 0.69s 
AO iter 3 - LBFGS: NLL=1437.2662  mean_cds=1.016e-08  mean_casa=9.820 deg, 0.84s 
mc_idx = 45/100, 耗时 67.76s 
AO iter 1 - EM: NLL=1405.7969, 0.13s 
AO iter 1 - LBFGS: NLL=1394.5100  mean_cds=1.010e-08  mean_casa=9.194 deg, 0.31s 
AO iter 2 - EM: NLL=1388.4365, 0.44s 
AO iter 2 - LBFGS: NLL=1385.8344  mean_cds=9.940e-09  mean_casa=9.197 deg, 0.60s 
AO iter 3 - EM: NLL=1384.5207, 0.73s 
AO iter 3 - LBFGS: NLL=1382.8760  mean_cds=9.827e-09  mean_casa=9.028 deg, 0.88s 
mc_idx = 46/100, 耗时 69.30s 
AO iter 1 - EM: NLL=1414.2968, 0.12s 
AO iter 1 - LBFGS: NLL=1404.8725  mean_cds=1.086e-08  mean_casa=9.114 deg, 0.29s 
AO iter 2 - EM: NLL=1396.9131, 0.44s 
AO iter 2 - LBFGS: NLL=1390.7965  mean_cds=1.154e-08  mean_casa=9.766 deg, 0.59s 
AO iter 3 - EM: NLL=1388.7255, 0.71s 
AO iter 3 - LBFGS: NLL=1387.2380  mean_cds=1.184e-08  mean_casa=9.679 deg, 0.88s 
mc_idx = 47/100, 耗时 70.83s 
AO iter 1 - EM: NLL=1391.8656, 0.12s 
AO iter 1 - LBFGS: NLL=1387.2429  mean_cds=9.854e-09  mean_casa=9.169 deg, 0.29s 
AO iter 2 - EM: NLL=1380.3511, 0.41s 
AO iter 2 - LBFGS: NLL=1371.7074  mean_cds=9.771e-09  mean_casa=9.348 deg, 0.58s 
AO iter 3 - EM: NLL=1369.3892, 0.70s 
AO iter 3 - LBFGS: NLL=1368.4531  mean_cds=9.598e-09  mean_casa=9.320 deg, 0.86s 
mc_idx = 48/100, 耗时 72.35s 
AO iter 1 - EM: NLL=1451.7032, 0.12s 
AO iter 1 - LBFGS: NLL=1441.2967  mean_cds=1.039e-08  mean_casa=8.939 deg, 0.28s 
AO iter 2 - EM: NLL=1432.9044, 0.41s 
AO iter 2 - LBFGS: NLL=1429.1157  mean_cds=1.037e-08  mean_casa=8.563 deg, 0.57s 
AO iter 3 - EM: NLL=1427.8855, 0.70s 
AO iter 3 - LBFGS: NLL=1425.1836  mean_cds=1.060e-08  mean_casa=8.381 deg, 0.86s 
mc_idx = 49/100, 耗时 73.86s 
AO iter 1 - EM: NLL=1462.5135, 0.14s 
AO iter 1 - LBFGS: NLL=1448.8717  mean_cds=1.034e-08  mean_casa=9.533 deg, 0.31s 
AO iter 2 - EM: NLL=1437.0740, 0.43s 
AO iter 2 - LBFGS: NLL=1433.1461  mean_cds=9.961e-09  mean_casa=9.585 deg, 0.59s 
AO iter 3 - EM: NLL=1431.1857, 0.71s 
AO iter 3 - LBFGS: NLL=1427.7825  mean_cds=9.521e-09  mean_casa=9.562 deg, 0.87s 
mc_idx = 50/100, 耗时 75.42s 
AO iter 1 - EM: NLL=1482.9750, 0.12s 
AO iter 1 - LBFGS: NLL=1472.4284  mean_cds=9.364e-09  mean_casa=10.447 deg, 0.29s 
AO iter 2 - EM: NLL=1467.4816, 0.41s 
AO iter 2 - LBFGS: NLL=1464.4047  mean_cds=9.064e-09  mean_casa=10.546 deg, 0.57s 
AO iter 3 - EM: NLL=1463.7405, 0.69s 
AO iter 3 - LBFGS: NLL=1462.5850  mean_cds=8.863e-09  mean_casa=10.346 deg, 0.86s 
mc_idx = 51/100, 耗时 76.93s 
AO iter 1 - EM: NLL=1469.2331, 0.12s 
AO iter 1 - LBFGS: NLL=1459.0174  mean_cds=9.638e-09  mean_casa=9.259 deg, 0.28s 
AO iter 2 - EM: NLL=1451.6804, 0.40s 
AO iter 2 - LBFGS: NLL=1449.1123  mean_cds=9.482e-09  mean_casa=9.331 deg, 0.57s 
AO iter 3 - EM: NLL=1448.0401, 0.69s 
AO iter 3 - LBFGS: NLL=1443.2137  mean_cds=9.043e-09  mean_casa=9.382 deg, 0.84s 
mc_idx = 52/100, 耗时 78.44s 
AO iter 1 - EM: NLL=1394.8181, 0.12s 
AO iter 1 - LBFGS: NLL=1388.6001  mean_cds=1.027e-08  mean_casa=9.221 deg, 0.29s 
AO iter 2 - EM: NLL=1387.3792, 0.41s 
AO iter 2 - LBFGS: NLL=1381.2548  mean_cds=1.024e-08  mean_casa=9.010 deg, 0.63s 
AO iter 3 - EM: NLL=1380.3135, 0.79s 
AO iter 3 - LBFGS: NLL=1376.8131  mean_cds=1.036e-08  mean_casa=9.144 deg, 1.02s 
mc_idx = 53/100, 耗时 80.17s 
AO iter 1 - EM: NLL=1440.3416, 0.13s 
AO iter 1 - LBFGS: NLL=1429.2460  mean_cds=1.015e-08  mean_casa=9.000 deg, 0.32s 
AO iter 2 - EM: NLL=1419.3011, 0.44s 
AO iter 2 - LBFGS: NLL=1414.1483  mean_cds=9.902e-09  mean_casa=8.849 deg, 0.59s 
AO iter 3 - EM: NLL=1412.9351, 0.72s 
AO iter 3 - LBFGS: NLL=1409.5745  mean_cds=9.950e-09  mean_casa=8.281 deg, 0.87s 
mc_idx = 54/100, 耗时 81.69s 
AO iter 1 - EM: NLL=1400.4581, 0.12s 
AO iter 1 - LBFGS: NLL=1390.7960  mean_cds=1.036e-08  mean_casa=9.132 deg, 0.28s 
AO iter 2 - EM: NLL=1386.7595, 0.41s 
AO iter 2 - LBFGS: NLL=1384.1204  mean_cds=1.031e-08  mean_casa=9.374 deg, 0.58s 
AO iter 3 - EM: NLL=1383.2816, 0.71s 
AO iter 3 - LBFGS: NLL=1380.0694  mean_cds=1.254e-08  mean_casa=11.923 deg, 0.86s 
mc_idx = 55/100, 耗时 83.22s 
AO iter 1 - EM: NLL=1383.2785, 0.12s 
AO iter 1 - LBFGS: NLL=1373.8750  mean_cds=1.031e-08  mean_casa=9.506 deg, 0.29s 
AO iter 2 - EM: NLL=1364.9972, 0.42s 
AO iter 2 - LBFGS: NLL=1362.4298  mean_cds=1.002e-08  mean_casa=9.458 deg, 0.59s 
AO iter 3 - EM: NLL=1360.8534, 0.71s 
AO iter 3 - LBFGS: NLL=1358.4644  mean_cds=9.619e-09  mean_casa=9.235 deg, 0.87s 
mc_idx = 56/100, 耗时 84.75s 
AO iter 1 - EM: NLL=1458.6425, 0.12s 
AO iter 1 - LBFGS: NLL=1455.0172  mean_cds=1.032e-08  mean_casa=9.762 deg, 0.28s 
AO iter 2 - EM: NLL=1449.9974, 0.40s 
AO iter 2 - LBFGS: NLL=1448.2237  mean_cds=1.016e-08  mean_casa=9.903 deg, 0.56s 
AO iter 3 - EM: NLL=1446.5638, 0.68s 
AO iter 3 - LBFGS: NLL=1444.7577  mean_cds=9.600e-09  mean_casa=9.996 deg, 0.83s 
mc_idx = 57/100, 耗时 86.24s 
AO iter 1 - EM: NLL=1449.5987, 0.12s 
AO iter 1 - LBFGS: NLL=1442.3673  mean_cds=1.015e-08  mean_casa=10.255 deg, 0.30s 
AO iter 2 - EM: NLL=1430.4385, 0.42s 
AO iter 2 - LBFGS: NLL=1427.0880  mean_cds=1.002e-08  mean_casa=10.927 deg, 0.57s 
AO iter 3 - EM: NLL=1424.1799, 0.70s 
AO iter 3 - LBFGS: NLL=1423.6120  mean_cds=1.007e-08  mean_casa=11.129 deg, 0.85s 
mc_idx = 58/100, 耗时 87.76s 
AO iter 1 - EM: NLL=1421.9766, 0.12s 
AO iter 1 - LBFGS: NLL=1412.7301  mean_cds=1.068e-08  mean_casa=8.809 deg, 0.28s 
AO iter 2 - EM: NLL=1403.7473, 0.40s 
AO iter 2 - LBFGS: NLL=1401.4049  mean_cds=1.078e-08  mean_casa=8.927 deg, 0.58s 
AO iter 3 - EM: NLL=1399.6052, 0.70s 
AO iter 3 - LBFGS: NLL=1398.3046  mean_cds=1.084e-08  mean_casa=8.970 deg, 0.86s 
mc_idx = 59/100, 耗时 89.28s 
AO iter 1 - EM: NLL=1360.3043, 0.12s 
AO iter 1 - LBFGS: NLL=1354.3201  mean_cds=1.118e-08  mean_casa=9.395 deg, 0.28s 
AO iter 2 - EM: NLL=1348.5767, 0.41s 
AO iter 2 - LBFGS: NLL=1347.3143  mean_cds=1.103e-08  mean_casa=9.344 deg, 0.57s 
AO iter 3 - EM: NLL=1346.4519, 0.69s 
AO iter 3 - LBFGS: NLL=1345.2123  mean_cds=1.104e-08  mean_casa=9.245 deg, 0.87s 
mc_idx = 60/100, 耗时 90.80s 
AO iter 1 - EM: NLL=1408.2997, 0.12s 
AO iter 1 - LBFGS: NLL=1395.0888  mean_cds=1.068e-08  mean_casa=8.646 deg, 0.28s 
AO iter 2 - EM: NLL=1387.2531, 0.40s 
AO iter 2 - LBFGS: NLL=1386.0670  mean_cds=1.058e-08  mean_casa=8.785 deg, 0.57s 
AO iter 3 - EM: NLL=1384.7882, 0.69s 
AO iter 3 - LBFGS: NLL=1382.3804  mean_cds=1.043e-08  mean_casa=10.129 deg, 0.86s 
mc_idx = 61/100, 耗时 92.31s 
AO iter 1 - EM: NLL=1457.3447, 0.12s 
AO iter 1 - LBFGS: NLL=1444.3533  mean_cds=7.759e-08  mean_casa=11.826 deg, 0.28s 
AO iter 2 - EM: NLL=1432.0928, 0.40s 
AO iter 2 - LBFGS: NLL=1428.6187  mean_cds=7.275e-08  mean_casa=15.036 deg, 0.55s 
AO iter 3 - EM: NLL=1426.4990, 0.67s 
AO iter 3 - LBFGS: NLL=1423.8890  mean_cds=7.349e-08  mean_casa=14.561 deg, 0.82s 
mc_idx = 62/100, 耗时 93.79s 
AO iter 1 - EM: NLL=1429.2630, 0.12s 
AO iter 1 - LBFGS: NLL=1416.8140  mean_cds=9.544e-09  mean_casa=9.196 deg, 0.29s 
AO iter 2 - EM: NLL=1413.6096, 0.41s 
AO iter 2 - LBFGS: NLL=1412.2677  mean_cds=9.460e-09  mean_casa=9.330 deg, 0.57s 
AO iter 3 - EM: NLL=1411.7491, 0.70s 
AO iter 3 - LBFGS: NLL=1409.6869  mean_cds=1.028e-08  mean_casa=10.525 deg, 0.85s 
mc_idx = 63/100, 耗时 95.29s 
AO iter 1 - EM: NLL=1461.3258, 0.12s 
AO iter 1 - LBFGS: NLL=1444.1241  mean_cds=1.006e-08  mean_casa=9.198 deg, 0.29s 
AO iter 2 - EM: NLL=1437.8753, 0.41s 
AO iter 2 - LBFGS: NLL=1430.3348  mean_cds=9.865e-09  mean_casa=9.102 deg, 0.56s 
AO iter 3 - EM: NLL=1429.0939, 0.69s 
AO iter 3 - LBFGS: NLL=1426.5336  mean_cds=1.004e-08  mean_casa=9.026 deg, 0.84s 
mc_idx = 64/100, 耗时 96.78s 
AO iter 1 - EM: NLL=1443.4569, 0.12s 
AO iter 1 - LBFGS: NLL=1438.2418  mean_cds=1.046e-08  mean_casa=9.619 deg, 0.27s 
AO iter 2 - EM: NLL=1430.4919, 0.40s 
AO iter 2 - LBFGS: NLL=1428.7642  mean_cds=1.021e-08  mean_casa=9.510 deg, 0.56s 
AO iter 3 - EM: NLL=1427.3072, 0.68s 
AO iter 3 - LBFGS: NLL=1425.8951  mean_cds=1.020e-08  mean_casa=9.328 deg, 0.83s 
mc_idx = 65/100, 耗时 98.27s 
AO iter 1 - EM: NLL=1417.2973, 0.12s 
AO iter 1 - LBFGS: NLL=1403.1490  mean_cds=9.934e-09  mean_casa=8.599 deg, 0.28s 
AO iter 2 - EM: NLL=1397.8977, 0.41s 
AO iter 2 - LBFGS: NLL=1394.3264  mean_cds=9.694e-09  mean_casa=8.757 deg, 0.57s 
AO iter 3 - EM: NLL=1392.2216, 0.69s 
AO iter 3 - LBFGS: NLL=1390.4419  mean_cds=9.454e-09  mean_casa=8.936 deg, 0.85s 
mc_idx = 66/100, 耗时 99.77s 
AO iter 1 - EM: NLL=1432.0685, 0.12s 
AO iter 1 - LBFGS: NLL=1426.9053  mean_cds=1.058e-08  mean_casa=9.900 deg, 0.28s 
AO iter 2 - EM: NLL=1419.0836, 0.41s 
AO iter 2 - LBFGS: NLL=1417.0588  mean_cds=1.046e-08  mean_casa=10.244 deg, 0.58s 
AO iter 3 - EM: NLL=1416.1536, 0.70s 
AO iter 3 - LBFGS: NLL=1414.0083  mean_cds=1.012e-08  mean_casa=10.710 deg, 0.85s 
mc_idx = 67/100, 耗时 101.27s 
AO iter 1 - EM: NLL=1475.0352, 0.13s 
AO iter 1 - LBFGS: NLL=1467.7957  mean_cds=1.057e-08  mean_casa=9.915 deg, 0.29s 
AO iter 2 - EM: NLL=1464.8211, 0.42s 
AO iter 2 - LBFGS: NLL=1460.3914  mean_cds=1.047e-08  mean_casa=10.415 deg, 0.58s 
AO iter 3 - EM: NLL=1459.2216, 0.71s 
AO iter 3 - LBFGS: NLL=1455.7790  mean_cds=1.051e-08  mean_casa=11.233 deg, 0.86s 
mc_idx = 68/100, 耗时 102.78s 
AO iter 1 - EM: NLL=1446.0730, 0.13s 
AO iter 1 - LBFGS: NLL=1431.4579  mean_cds=1.011e-08  mean_casa=9.273 deg, 0.29s 
AO iter 2 - EM: NLL=1426.4757, 0.41s 
AO iter 2 - LBFGS: NLL=1422.2595  mean_cds=1.012e-08  mean_casa=9.427 deg, 0.56s 
AO iter 3 - EM: NLL=1421.5767, 0.69s 
AO iter 3 - LBFGS: NLL=1419.8879  mean_cds=1.009e-08  mean_casa=9.771 deg, 0.86s 
mc_idx = 69/100, 耗时 104.30s 
AO iter 1 - EM: NLL=1443.4390, 0.12s 
AO iter 1 - LBFGS: NLL=1430.3567  mean_cds=1.019e-08  mean_casa=9.087 deg, 0.28s 
AO iter 2 - EM: NLL=1425.0114, 0.40s 
AO iter 2 - LBFGS: NLL=1420.1176  mean_cds=1.048e-08  mean_casa=9.236 deg, 0.56s 
AO iter 3 - EM: NLL=1419.0255, 0.68s 
AO iter 3 - LBFGS: NLL=1416.4649  mean_cds=1.086e-08  mean_casa=9.857 deg, 0.83s 
mc_idx = 70/100, 耗时 105.79s 
AO iter 1 - EM: NLL=1429.1814, 0.12s 
AO iter 1 - LBFGS: NLL=1420.7573  mean_cds=9.815e-09  mean_casa=8.818 deg, 0.29s 
AO iter 2 - EM: NLL=1413.2577, 0.42s 
AO iter 2 - LBFGS: NLL=1408.0605  mean_cds=9.299e-09  mean_casa=9.027 deg, 0.58s 
AO iter 3 - EM: NLL=1407.2039, 0.70s 
AO iter 3 - LBFGS: NLL=1404.1694  mean_cds=9.393e-09  mean_casa=9.081 deg, 0.85s 
mc_idx = 71/100, 耗时 107.30s 
AO iter 1 - EM: NLL=1482.1121, 0.13s 
AO iter 1 - LBFGS: NLL=1460.4816  mean_cds=1.414e-08  mean_casa=11.503 deg, 0.28s 
AO iter 2 - EM: NLL=1444.1502, 0.41s 
AO iter 2 - LBFGS: NLL=1437.2995  mean_cds=1.269e-08  mean_casa=11.634 deg, 0.59s 
AO iter 3 - EM: NLL=1436.2745, 0.71s 
AO iter 3 - LBFGS: NLL=1433.8398  mean_cds=1.177e-08  mean_casa=12.017 deg, 0.87s 
mc_idx = 72/100, 耗时 108.83s 
AO iter 1 - EM: NLL=1431.2147, 0.13s 
AO iter 1 - LBFGS: NLL=1421.9025  mean_cds=1.044e-08  mean_casa=9.515 deg, 0.29s 
AO iter 2 - EM: NLL=1406.8545, 0.42s 
AO iter 2 - LBFGS: NLL=1402.0648  mean_cds=1.013e-08  mean_casa=9.650 deg, 0.57s 
AO iter 3 - EM: NLL=1400.4254, 0.69s 
AO iter 3 - LBFGS: NLL=1399.6563  mean_cds=1.009e-08  mean_casa=9.605 deg, 0.86s 
mc_idx = 73/100, 耗时 110.36s 
AO iter 1 - EM: NLL=1503.3970, 0.13s 
AO iter 1 - LBFGS: NLL=1496.6345  mean_cds=1.055e-08  mean_casa=9.639 deg, 0.30s 
AO iter 2 - EM: NLL=1489.8517, 0.42s 
AO iter 2 - LBFGS: NLL=1488.1111  mean_cds=1.047e-08  mean_casa=9.737 deg, 0.57s 
AO iter 3 - EM: NLL=1486.8429, 0.70s 
AO iter 3 - LBFGS: NLL=1484.7623  mean_cds=1.034e-08  mean_casa=9.766 deg, 0.85s 
mc_idx = 74/100, 耗时 111.87s 
AO iter 1 - EM: NLL=1445.6846, 0.12s 
AO iter 1 - LBFGS: NLL=1439.6889  mean_cds=1.069e-08  mean_casa=9.605 deg, 0.28s 
AO iter 2 - EM: NLL=1434.8382, 0.41s 
AO iter 2 - LBFGS: NLL=1432.5033  mean_cds=1.087e-08  mean_casa=9.555 deg, 0.56s 
AO iter 3 - EM: NLL=1430.0768, 0.69s 
AO iter 3 - LBFGS: NLL=1428.3971  mean_cds=1.109e-08  mean_casa=9.617 deg, 0.85s 
mc_idx = 75/100, 耗时 113.38s 
AO iter 1 - EM: NLL=1437.9813, 0.13s 
AO iter 1 - LBFGS: NLL=1428.1501  mean_cds=1.038e-08  mean_casa=9.481 deg, 0.30s 
AO iter 2 - EM: NLL=1418.6352, 0.42s 
AO iter 2 - LBFGS: NLL=1416.4774  mean_cds=1.048e-08  mean_casa=9.644 deg, 0.57s 
AO iter 3 - EM: NLL=1414.9157, 0.70s 
AO iter 3 - LBFGS: NLL=1414.0238  mean_cds=1.251e-08  mean_casa=10.834 deg, 0.85s 
mc_idx = 76/100, 耗时 114.91s 
AO iter 1 - EM: NLL=1452.9481, 0.12s 
AO iter 1 - LBFGS: NLL=1445.6539  mean_cds=1.032e-08  mean_casa=9.889 deg, 0.29s 
AO iter 2 - EM: NLL=1441.9421, 0.41s 
AO iter 2 - LBFGS: NLL=1438.6226  mean_cds=1.008e-08  mean_casa=9.952 deg, 0.57s 
AO iter 3 - EM: NLL=1437.2438, 0.69s 
AO iter 3 - LBFGS: NLL=1434.7083  mean_cds=9.666e-09  mean_casa=10.047 deg, 0.84s 
mc_idx = 77/100, 耗时 116.41s 
AO iter 1 - EM: NLL=1371.4402, 0.12s 
AO iter 1 - LBFGS: NLL=1362.2994  mean_cds=9.966e-09  mean_casa=9.785 deg, 0.29s 
AO iter 2 - EM: NLL=1354.1392, 0.41s 
AO iter 2 - LBFGS: NLL=1352.7376  mean_cds=9.822e-09  mean_casa=10.037 deg, 0.57s 
AO iter 3 - EM: NLL=1351.8026, 0.69s 
AO iter 3 - LBFGS: NLL=1350.0649  mean_cds=9.756e-09  mean_casa=10.427 deg, 0.86s 
mc_idx = 78/100, 耗时 117.92s 
AO iter 1 - EM: NLL=1437.0455, 0.12s 
AO iter 1 - LBFGS: NLL=1429.2764  mean_cds=1.103e-08  mean_casa=9.825 deg, 0.30s 
AO iter 2 - EM: NLL=1418.5632, 0.42s 
AO iter 2 - LBFGS: NLL=1416.4753  mean_cds=1.159e-08  mean_casa=10.265 deg, 0.58s 
AO iter 3 - EM: NLL=1415.2394, 0.71s 
AO iter 3 - LBFGS: NLL=1413.9003  mean_cds=1.167e-08  mean_casa=10.746 deg, 0.87s 
mc_idx = 79/100, 耗时 119.45s 
AO iter 1 - EM: NLL=1465.9975, 0.12s 
AO iter 1 - LBFGS: NLL=1457.4932  mean_cds=1.107e-08  mean_casa=9.455 deg, 0.28s 
AO iter 2 - EM: NLL=1453.3852, 0.40s 
AO iter 2 - LBFGS: NLL=1450.5392  mean_cds=1.153e-08  mean_casa=9.499 deg, 0.56s 
AO iter 3 - EM: NLL=1449.2145, 0.68s 
AO iter 3 - LBFGS: NLL=1447.1335  mean_cds=1.210e-08  mean_casa=9.286 deg, 0.85s 
mc_idx = 80/100, 耗时 120.96s 
AO iter 1 - EM: NLL=1452.9255, 0.13s 
AO iter 1 - LBFGS: NLL=1431.7625  mean_cds=1.015e-08  mean_casa=9.250 deg, 0.30s 
AO iter 2 - EM: NLL=1423.6895, 0.42s 
AO iter 2 - LBFGS: NLL=1419.4733  mean_cds=1.003e-08  mean_casa=9.259 deg, 0.57s 
AO iter 3 - EM: NLL=1417.6828, 0.70s 
AO iter 3 - LBFGS: NLL=1416.0903  mean_cds=9.894e-09  mean_casa=9.139 deg, 0.86s 
mc_idx = 81/100, 耗时 122.49s 
AO iter 1 - EM: NLL=1414.9205, 0.13s 
AO iter 1 - LBFGS: NLL=1404.8391  mean_cds=1.068e-08  mean_casa=9.535 deg, 0.30s 
AO iter 2 - EM: NLL=1394.0983, 0.42s 
AO iter 2 - LBFGS: NLL=1392.5393  mean_cds=1.067e-08  mean_casa=9.718 deg, 0.59s 
AO iter 3 - EM: NLL=1391.3780, 0.71s 
AO iter 3 - LBFGS: NLL=1390.1552  mean_cds=1.062e-08  mean_casa=9.848 deg, 0.87s 
mc_idx = 82/100, 耗时 124.03s 
AO iter 1 - EM: NLL=1451.1687, 0.13s 
AO iter 1 - LBFGS: NLL=1438.5746  mean_cds=1.006e-08  mean_casa=9.181 deg, 0.29s 
AO iter 2 - EM: NLL=1426.3191, 0.41s 
AO iter 2 - LBFGS: NLL=1420.5664  mean_cds=9.813e-09  mean_casa=9.627 deg, 0.57s 
AO iter 3 - EM: NLL=1418.2425, 0.70s 
AO iter 3 - LBFGS: NLL=1415.0781  mean_cds=9.746e-09  mean_casa=10.695 deg, 0.87s 
mc_idx = 83/100, 耗时 125.54s 
AO iter 1 - EM: NLL=1411.1108, 0.12s 
AO iter 1 - LBFGS: NLL=1402.6544  mean_cds=1.057e-08  mean_casa=9.417 deg, 0.28s 
AO iter 2 - EM: NLL=1395.2296, 0.41s 
AO iter 2 - LBFGS: NLL=1390.4511  mean_cds=1.047e-08  mean_casa=9.695 deg, 0.56s 
AO iter 3 - EM: NLL=1388.2040, 0.69s 
AO iter 3 - LBFGS: NLL=1385.7223  mean_cds=1.062e-08  mean_casa=10.204 deg, 0.85s 
mc_idx = 84/100, 耗时 127.07s 
AO iter 1 - EM: NLL=1366.4006, 0.12s 
AO iter 1 - LBFGS: NLL=1361.4367  mean_cds=1.089e-08  mean_casa=9.733 deg, 0.30s 
AO iter 2 - EM: NLL=1357.2333, 0.42s 
AO iter 2 - LBFGS: NLL=1354.7853  mean_cds=1.054e-08  mean_casa=9.783 deg, 0.57s 
AO iter 3 - EM: NLL=1353.3518, 0.70s 
AO iter 3 - LBFGS: NLL=1352.4199  mean_cds=1.034e-08  mean_casa=9.705 deg, 0.87s 
mc_idx = 85/100, 耗时 128.59s 
AO iter 1 - EM: NLL=1390.2064, 0.12s 
AO iter 1 - LBFGS: NLL=1382.4312  mean_cds=1.090e-08  mean_casa=9.574 deg, 0.29s 
AO iter 2 - EM: NLL=1376.5723, 0.41s 
AO iter 2 - LBFGS: NLL=1373.0216  mean_cds=1.124e-08  mean_casa=9.576 deg, 0.56s 
AO iter 3 - EM: NLL=1371.5930, 0.68s 
AO iter 3 - LBFGS: NLL=1369.7919  mean_cds=1.139e-08  mean_casa=9.558 deg, 0.84s 
mc_idx = 86/100, 耗时 130.09s 
AO iter 1 - EM: NLL=1445.1439, 0.12s 
AO iter 1 - LBFGS: NLL=1428.3985  mean_cds=1.034e-08  mean_casa=9.802 deg, 0.29s 
AO iter 2 - EM: NLL=1416.3833, 0.42s 
AO iter 2 - LBFGS: NLL=1406.7791  mean_cds=1.233e-08  mean_casa=16.368 deg, 0.58s 
AO iter 3 - EM: NLL=1405.8352, 0.71s 
AO iter 3 - LBFGS: NLL=1404.1529  mean_cds=1.219e-08  mean_casa=16.138 deg, 0.87s 
mc_idx = 87/100, 耗时 131.62s 
AO iter 1 - EM: NLL=1427.6073, 0.12s 
AO iter 1 - LBFGS: NLL=1414.9389  mean_cds=1.043e-08  mean_casa=9.377 deg, 0.28s 
AO iter 2 - EM: NLL=1405.9997, 0.41s 
AO iter 2 - LBFGS: NLL=1403.3807  mean_cds=1.034e-08  mean_casa=9.437 deg, 0.56s 
AO iter 3 - EM: NLL=1401.5173, 0.69s 
AO iter 3 - LBFGS: NLL=1399.0467  mean_cds=1.062e-08  mean_casa=9.828 deg, 0.84s 
mc_idx = 88/100, 耗时 133.11s 
AO iter 1 - EM: NLL=1438.3752, 0.12s 
AO iter 1 - LBFGS: NLL=1423.9570  mean_cds=9.499e-09  mean_casa=9.258 deg, 0.29s 
AO iter 2 - EM: NLL=1414.0566, 0.41s 
AO iter 2 - LBFGS: NLL=1409.9462  mean_cds=9.108e-09  mean_casa=9.457 deg, 0.56s 
AO iter 3 - EM: NLL=1408.1896, 0.69s 
AO iter 3 - LBFGS: NLL=1406.3403  mean_cds=9.012e-09  mean_casa=9.444 deg, 0.84s 
mc_idx = 89/100, 耗时 134.62s 
AO iter 1 - EM: NLL=1449.9459, 0.14s 
AO iter 1 - LBFGS: NLL=1438.4268  mean_cds=1.018e-08  mean_casa=9.548 deg, 0.32s 
AO iter 2 - EM: NLL=1429.0127, 0.45s 
AO iter 2 - LBFGS: NLL=1425.3992  mean_cds=9.735e-09  mean_casa=9.672 deg, 0.62s 
AO iter 3 - EM: NLL=1424.5193, 0.74s 
AO iter 3 - LBFGS: NLL=1423.2991  mean_cds=9.437e-09  mean_casa=9.702 deg, 0.91s 
mc_idx = 90/100, 耗时 136.23s 
AO iter 1 - EM: NLL=1383.2241, 0.13s 
AO iter 1 - LBFGS: NLL=1370.4896  mean_cds=9.637e-09  mean_casa=9.293 deg, 0.29s 
AO iter 2 - EM: NLL=1366.9461, 0.41s 
AO iter 2 - LBFGS: NLL=1364.9830  mean_cds=9.495e-09  mean_casa=9.382 deg, 0.56s 
AO iter 3 - EM: NLL=1363.6807, 0.69s 
AO iter 3 - LBFGS: NLL=1361.8692  mean_cds=9.396e-09  mean_casa=9.594 deg, 0.83s 
mc_idx = 91/100, 耗时 137.72s 
AO iter 1 - EM: NLL=1433.7328, 0.13s 
AO iter 1 - LBFGS: NLL=1426.7153  mean_cds=1.050e-08  mean_casa=9.501 deg, 0.28s 
AO iter 2 - EM: NLL=1418.5712, 0.41s 
AO iter 2 - LBFGS: NLL=1415.2447  mean_cds=1.028e-08  mean_casa=9.716 deg, 0.56s 
AO iter 3 - EM: NLL=1413.9506, 0.68s 
AO iter 3 - LBFGS: NLL=1411.0416  mean_cds=1.017e-08  mean_casa=9.895 deg, 0.85s 
mc_idx = 92/100, 耗时 139.22s 
AO iter 1 - EM: NLL=1400.7729, 0.12s 
AO iter 1 - LBFGS: NLL=1388.0122  mean_cds=9.580e-09  mean_casa=9.446 deg, 0.28s 
AO iter 2 - EM: NLL=1379.5460, 0.40s 
AO iter 2 - LBFGS: NLL=1377.0332  mean_cds=9.448e-09  mean_casa=9.698 deg, 0.56s 
AO iter 3 - EM: NLL=1375.7301, 0.68s 
AO iter 3 - LBFGS: NLL=1373.6892  mean_cds=9.451e-09  mean_casa=10.107 deg, 0.84s 
mc_idx = 93/100, 耗时 140.71s 
AO iter 1 - EM: NLL=1408.4638, 0.12s 
AO iter 1 - LBFGS: NLL=1398.1239  mean_cds=9.951e-09  mean_casa=9.550 deg, 0.28s 
AO iter 2 - EM: NLL=1397.8538, 0.40s 
AO iter 2 - LBFGS: NLL=1393.2675  mean_cds=1.014e-08  mean_casa=10.216 deg, 0.55s 
AO iter 3 - EM: NLL=1387.2005, 0.68s 
AO iter 3 - LBFGS: NLL=1385.5582  mean_cds=9.885e-09  mean_casa=10.641 deg, 0.84s 
mc_idx = 94/100, 耗时 142.21s 
AO iter 1 - EM: NLL=1415.7721, 0.12s 
AO iter 1 - LBFGS: NLL=1403.2587  mean_cds=1.035e-08  mean_casa=8.915 deg, 0.29s 
AO iter 2 - EM: NLL=1393.6301, 0.41s 
AO iter 2 - LBFGS: NLL=1388.6256  mean_cds=1.026e-08  mean_casa=8.735 deg, 0.58s 
AO iter 3 - EM: NLL=1387.3812, 0.70s 
AO iter 3 - LBFGS: NLL=1385.8630  mean_cds=1.017e-08  mean_casa=8.614 deg, 0.86s 
mc_idx = 95/100, 耗时 143.73s 
AO iter 1 - EM: NLL=1444.2700, 0.12s 
AO iter 1 - LBFGS: NLL=1439.4933  mean_cds=1.108e-08  mean_casa=9.740 deg, 0.28s 
AO iter 2 - EM: NLL=1434.3107, 0.40s 
AO iter 2 - LBFGS: NLL=1432.8024  mean_cds=1.109e-08  mean_casa=9.950 deg, 0.55s 
AO iter 3 - EM: NLL=1431.8367, 0.68s 
AO iter 3 - LBFGS: NLL=1430.9392  mean_cds=1.109e-08  mean_casa=10.005 deg, 0.83s 
mc_idx = 96/100, 耗时 145.21s 
AO iter 1 - EM: NLL=1354.1042, 0.12s 
AO iter 1 - LBFGS: NLL=1349.1403  mean_cds=1.083e-08  mean_casa=9.717 deg, 0.28s 
AO iter 2 - EM: NLL=1344.3596, 0.41s 
AO iter 2 - LBFGS: NLL=1342.8947  mean_cds=1.088e-08  mean_casa=9.777 deg, 0.56s 
AO iter 3 - EM: NLL=1341.7608, 0.69s 
AO iter 3 - LBFGS: NLL=1339.8277  mean_cds=1.111e-08  mean_casa=9.595 deg, 0.84s 
mc_idx = 97/100, 耗时 146.71s 
AO iter 1 - EM: NLL=1451.1405, 0.12s 
AO iter 1 - LBFGS: NLL=1427.1668  mean_cds=1.085e-08  mean_casa=9.414 deg, 0.29s 
AO iter 2 - EM: NLL=1418.4070, 0.41s 
AO iter 2 - LBFGS: NLL=1416.1516  mean_cds=1.082e-08  mean_casa=9.745 deg, 0.57s 
AO iter 3 - EM: NLL=1412.8463, 0.70s 
AO iter 3 - LBFGS: NLL=1411.9593  mean_cds=1.096e-08  mean_casa=9.952 deg, 0.86s 
mc_idx = 98/100, 耗时 148.22s 
AO iter 1 - EM: NLL=1456.9661, 0.13s 
AO iter 1 - LBFGS: NLL=1448.4914  mean_cds=1.063e-08  mean_casa=9.375 deg, 0.32s 
AO iter 2 - EM: NLL=1443.3210, 0.45s 
AO iter 2 - LBFGS: NLL=1440.3605  mean_cds=1.043e-08  mean_casa=9.211 deg, 0.61s 
AO iter 3 - EM: NLL=1439.0265, 0.73s 
AO iter 3 - LBFGS: NLL=1436.9816  mean_cds=1.014e-08  mean_casa=8.942 deg, 0.88s 
mc_idx = 99/100, 耗时 149.77s 
AO iter 1 - EM: NLL=1404.1578, 0.12s 
AO iter 1 - LBFGS: NLL=1394.8908  mean_cds=1.055e-08  mean_casa=9.584 deg, 0.29s 
AO iter 2 - EM: NLL=1387.9628, 0.41s 
AO iter 2 - LBFGS: NLL=1385.3034  mean_cds=1.045e-08  mean_casa=9.479 deg, 0.57s 
AO iter 3 - EM: NLL=1384.0819, 0.70s 
AO iter 3 - LBFGS: NLL=1380.6829  mean_cds=1.051e-08  mean_casa=9.179 deg, 0.85s 
mc_idx = 100/100, 耗时 151.30s 

====== SNR_dB = 0 (2/5) finished, consumed 151.3s ======

开始MonteCarlo仿真...... 
AO iter 1 - EM: NLL=633.2952, 0.12s 
AO iter 1 - LBFGS: NLL=616.1670  mean_cds=1.054e-08  mean_casa=11.102 deg, 0.30s 
AO iter 2 - EM: NLL=609.4067, 0.42s 
AO iter 2 - LBFGS: NLL=604.1737  mean_cds=1.010e-08  mean_casa=11.154 deg, 0.59s 
AO iter 3 - EM: NLL=602.2898, 0.71s 
AO iter 3 - LBFGS: NLL=600.9038  mean_cds=9.792e-09  mean_casa=11.287 deg, 0.87s 
mc_idx = 1/100, 耗时 1.53s 
AO iter 1 - EM: NLL=626.4155, 0.13s 
AO iter 1 - LBFGS: NLL=614.6599  mean_cds=1.016e-08  mean_casa=9.587 deg, 0.29s 
AO iter 2 - EM: NLL=605.1111, 0.42s 
AO iter 2 - LBFGS: NLL=599.7459  mean_cds=9.770e-09  mean_casa=9.676 deg, 0.58s 
AO iter 3 - EM: NLL=596.6492, 0.71s 
AO iter 3 - LBFGS: NLL=592.8535  mean_cds=9.437e-09  mean_casa=9.764 deg, 0.86s 
mc_idx = 2/100, 耗时 3.05s 
AO iter 1 - EM: NLL=615.2717, 0.12s 
AO iter 1 - LBFGS: NLL=598.6690  mean_cds=1.031e-08  mean_casa=9.541 deg, 0.31s 
AO iter 2 - EM: NLL=583.5058, 0.43s 
AO iter 2 - LBFGS: NLL=578.1698  mean_cds=9.693e-09  mean_casa=9.732 deg, 0.62s 
AO iter 3 - EM: NLL=576.9082, 0.74s 
AO iter 3 - LBFGS: NLL=575.8962  mean_cds=9.642e-09  mean_casa=9.669 deg, 0.91s 
mc_idx = 3/100, 耗时 4.63s 
AO iter 1 - EM: NLL=667.1411, 0.13s 
AO iter 1 - LBFGS: NLL=650.3098  mean_cds=9.981e-09  mean_casa=9.601 deg, 0.31s 
AO iter 2 - EM: NLL=635.4281, 0.43s 
AO iter 2 - LBFGS: NLL=626.9922  mean_cds=9.727e-09  mean_casa=9.787 deg, 0.60s 
AO iter 3 - EM: NLL=624.3569, 0.72s 
AO iter 3 - LBFGS: NLL=621.6111  mean_cds=9.664e-09  mean_casa=9.732 deg, 0.87s 
mc_idx = 4/100, 耗时 6.16s 
AO iter 1 - EM: NLL=681.4738, 0.12s 
AO iter 1 - LBFGS: NLL=674.7415  mean_cds=1.066e-08  mean_casa=9.812 deg, 0.32s 
AO iter 2 - EM: NLL=664.4147, 0.44s 
AO iter 2 - LBFGS: NLL=658.8497  mean_cds=1.042e-08  mean_casa=9.671 deg, 0.60s 
AO iter 3 - EM: NLL=656.2067, 0.72s 
AO iter 3 - LBFGS: NLL=653.9551  mean_cds=1.035e-08  mean_casa=9.603 deg, 0.90s 
mc_idx = 5/100, 耗时 7.73s 
AO iter 1 - EM: NLL=688.8076, 0.13s 
AO iter 1 - LBFGS: NLL=672.5580  mean_cds=1.041e-08  mean_casa=9.601 deg, 0.32s 
AO iter 2 - EM: NLL=664.0746, 0.44s 
AO iter 2 - LBFGS: NLL=655.0724  mean_cds=9.883e-09  mean_casa=9.197 deg, 0.62s 
AO iter 3 - EM: NLL=653.8261, 0.74s 
AO iter 3 - LBFGS: NLL=652.5136  mean_cds=9.826e-09  mean_casa=9.076 deg, 0.92s 
mc_idx = 6/100, 耗时 9.32s 
AO iter 1 - EM: NLL=634.6224, 0.12s 
AO iter 1 - LBFGS: NLL=609.7556  mean_cds=8.712e-09  mean_casa=8.486 deg, 0.28s 
AO iter 2 - EM: NLL=590.4813, 0.40s 
AO iter 2 - LBFGS: NLL=583.1330  mean_cds=8.077e-09  mean_casa=8.256 deg, 0.56s 
AO iter 3 - EM: NLL=581.8303, 0.68s 
AO iter 3 - LBFGS: NLL=579.8278  mean_cds=8.072e-09  mean_casa=8.164 deg, 0.85s 
mc_idx = 7/100, 耗时 10.83s 
AO iter 1 - EM: NLL=700.1131, 0.13s 
AO iter 1 - LBFGS: NLL=683.0494  mean_cds=1.041e-08  mean_casa=9.484 deg, 0.31s 
AO iter 2 - EM: NLL=677.6963, 0.43s 
AO iter 2 - LBFGS: NLL=673.2300  mean_cds=1.027e-08  mean_casa=9.627 deg, 0.59s 
AO iter 3 - EM: NLL=671.3865, 0.72s 
AO iter 3 - LBFGS: NLL=669.6348  mean_cds=1.020e-08  mean_casa=9.666 deg, 0.89s 
mc_idx = 8/100, 耗时 12.38s 
AO iter 1 - EM: NLL=688.0262, 0.12s 
AO iter 1 - LBFGS: NLL=675.2592  mean_cds=1.005e-08  mean_casa=9.785 deg, 0.28s 
AO iter 2 - EM: NLL=667.0758, 0.41s 
AO iter 2 - LBFGS: NLL=658.9245  mean_cds=8.931e-09  mean_casa=10.289 deg, 0.56s 
AO iter 3 - EM: NLL=656.8481, 0.68s 
AO iter 3 - LBFGS: NLL=654.2698  mean_cds=8.739e-09  mean_casa=10.443 deg, 0.84s 
mc_idx = 9/100, 耗时 13.87s 
AO iter 1 - EM: NLL=618.1845, 0.12s 
AO iter 1 - LBFGS: NLL=604.3410  mean_cds=1.043e-08  mean_casa=9.220 deg, 0.30s 
AO iter 2 - EM: NLL=591.2324, 0.42s 
AO iter 2 - LBFGS: NLL=586.8989  mean_cds=1.052e-08  mean_casa=9.304 deg, 0.57s 
AO iter 3 - EM: NLL=583.4263, 0.70s 
AO iter 3 - LBFGS: NLL=579.9096  mean_cds=1.042e-08  mean_casa=9.305 deg, 0.85s 
mc_idx = 10/100, 耗时 15.38s 
AO iter 1 - EM: NLL=623.4015, 0.12s 
AO iter 1 - LBFGS: NLL=594.3591  mean_cds=9.221e-09  mean_casa=8.985 deg, 0.29s 
AO iter 2 - EM: NLL=585.2539, 0.42s 
AO iter 2 - LBFGS: NLL=578.2631  mean_cds=8.681e-09  mean_casa=9.103 deg, 0.57s 
AO iter 3 - EM: NLL=576.1707, 0.70s 
AO iter 3 - LBFGS: NLL=570.3974  mean_cds=7.671e-09  mean_casa=9.259 deg, 0.85s 
mc_idx = 11/100, 耗时 16.90s 
AO iter 1 - EM: NLL=675.4328, 0.13s 
AO iter 1 - LBFGS: NLL=662.2728  mean_cds=1.074e-08  mean_casa=9.526 deg, 0.30s 
AO iter 2 - EM: NLL=652.4574, 0.42s 
AO iter 2 - LBFGS: NLL=646.9129  mean_cds=1.059e-08  mean_casa=9.112 deg, 0.57s 
AO iter 3 - EM: NLL=641.9920, 0.70s 
AO iter 3 - LBFGS: NLL=638.9230  mean_cds=1.070e-08  mean_casa=8.936 deg, 0.85s 
mc_idx = 12/100, 耗时 18.40s 
AO iter 1 - EM: NLL=663.7213, 0.12s 
AO iter 1 - LBFGS: NLL=643.9330  mean_cds=1.017e-08  mean_casa=9.689 deg, 0.29s 
AO iter 2 - EM: NLL=630.4614, 0.41s 
AO iter 2 - LBFGS: NLL=622.8108  mean_cds=9.254e-09  mean_casa=9.861 deg, 0.57s 
AO iter 3 - EM: NLL=618.8673, 0.69s 
AO iter 3 - LBFGS: NLL=617.1401  mean_cds=9.037e-09  mean_casa=10.111 deg, 0.84s 
mc_idx = 13/100, 耗时 19.89s 
AO iter 1 - EM: NLL=758.0718, 0.12s 
AO iter 1 - LBFGS: NLL=748.8843  mean_cds=1.089e-08  mean_casa=9.756 deg, 0.29s 
AO iter 2 - EM: NLL=737.6511, 0.42s 
AO iter 2 - LBFGS: NLL=732.9122  mean_cds=1.084e-08  mean_casa=9.920 deg, 0.58s 
AO iter 3 - EM: NLL=728.9083, 0.70s 
AO iter 3 - LBFGS: NLL=726.3013  mean_cds=1.083e-08  mean_casa=9.937 deg, 0.85s 
mc_idx = 14/100, 耗时 21.41s 
AO iter 1 - EM: NLL=639.9598, 0.12s 
AO iter 1 - LBFGS: NLL=625.0490  mean_cds=1.055e-08  mean_casa=9.670 deg, 0.28s 
AO iter 2 - EM: NLL=616.9215, 0.41s 
AO iter 2 - LBFGS: NLL=608.6202  mean_cds=1.033e-08  mean_casa=9.630 deg, 0.57s 
AO iter 3 - EM: NLL=605.0413, 0.69s 
AO iter 3 - LBFGS: NLL=603.5121  mean_cds=1.028e-08  mean_casa=9.579 deg, 0.85s 
mc_idx = 15/100, 耗时 22.91s 
AO iter 1 - EM: NLL=673.1965, 0.12s 
AO iter 1 - LBFGS: NLL=652.2833  mean_cds=1.026e-08  mean_casa=9.745 deg, 0.28s 
AO iter 2 - EM: NLL=633.8552, 0.40s 
AO iter 2 - LBFGS: NLL=629.8051  mean_cds=1.032e-08  mean_casa=10.224 deg, 0.56s 
AO iter 3 - EM: NLL=627.6476, 0.68s 
AO iter 3 - LBFGS: NLL=625.5710  mean_cds=1.045e-08  mean_casa=10.595 deg, 0.83s 
mc_idx = 16/100, 耗时 24.41s 
AO iter 1 - EM: NLL=652.8703, 0.13s 
AO iter 1 - LBFGS: NLL=641.6181  mean_cds=1.040e-08  mean_casa=9.431 deg, 0.30s 
AO iter 2 - EM: NLL=633.6169, 0.43s 
AO iter 2 - LBFGS: NLL=623.7616  mean_cds=9.934e-09  mean_casa=8.821 deg, 0.57s 
AO iter 3 - EM: NLL=621.3247, 0.70s 
AO iter 3 - LBFGS: NLL=619.7431  mean_cds=9.921e-09  mean_casa=8.770 deg, 0.85s 
mc_idx = 17/100, 耗时 25.93s 
AO iter 1 - EM: NLL=693.4408, 0.12s 
AO iter 1 - LBFGS: NLL=669.8235  mean_cds=1.028e-08  mean_casa=9.390 deg, 0.29s 
AO iter 2 - EM: NLL=648.7491, 0.41s 
AO iter 2 - LBFGS: NLL=639.8834  mean_cds=9.649e-09  mean_casa=9.502 deg, 0.58s 
AO iter 3 - EM: NLL=637.6957, 0.70s 
AO iter 3 - LBFGS: NLL=636.3451  mean_cds=9.525e-09  mean_casa=9.527 deg, 0.86s 
mc_idx = 18/100, 耗时 27.44s 
AO iter 1 - EM: NLL=640.2630, 0.12s 
AO iter 1 - LBFGS: NLL=627.6689  mean_cds=1.021e-08  mean_casa=9.518 deg, 0.29s 
AO iter 2 - EM: NLL=615.2917, 0.42s 
AO iter 2 - LBFGS: NLL=612.2530  mean_cds=9.854e-09  mean_casa=9.742 deg, 0.57s 
AO iter 3 - EM: NLL=610.8694, 0.70s 
AO iter 3 - LBFGS: NLL=608.6720  mean_cds=9.724e-09  mean_casa=9.723 deg, 0.85s 
mc_idx = 19/100, 耗时 28.96s 
AO iter 1 - EM: NLL=687.8135, 0.12s 
AO iter 1 - LBFGS: NLL=677.0092  mean_cds=1.048e-08  mean_casa=9.771 deg, 0.30s 
AO iter 2 - EM: NLL=667.0193, 0.42s 
AO iter 2 - LBFGS: NLL=663.1942  mean_cds=1.012e-08  mean_casa=9.759 deg, 0.58s 
AO iter 3 - EM: NLL=660.3397, 0.70s 
AO iter 3 - LBFGS: NLL=658.6919  mean_cds=9.875e-09  mean_casa=9.823 deg, 0.86s 
mc_idx = 20/100, 耗时 30.47s 
AO iter 1 - EM: NLL=697.5303, 0.12s 
AO iter 1 - LBFGS: NLL=686.2764  mean_cds=1.046e-08  mean_casa=9.496 deg, 0.29s 
AO iter 2 - EM: NLL=679.5436, 0.41s 
AO iter 2 - LBFGS: NLL=675.8896  mean_cds=1.020e-08  mean_casa=9.511 deg, 0.57s 
AO iter 3 - EM: NLL=674.7603, 0.69s 
AO iter 3 - LBFGS: NLL=671.8560  mean_cds=9.977e-09  mean_casa=9.389 deg, 0.86s 
mc_idx = 21/100, 耗时 31.98s 
AO iter 1 - EM: NLL=651.3199, 0.12s 
AO iter 1 - LBFGS: NLL=623.0575  mean_cds=9.988e-09  mean_casa=9.037 deg, 0.29s 
AO iter 2 - EM: NLL=615.3283, 0.41s 
AO iter 2 - LBFGS: NLL=608.2656  mean_cds=9.574e-09  mean_casa=9.229 deg, 0.56s 
AO iter 3 - EM: NLL=606.0813, 0.69s 
AO iter 3 - LBFGS: NLL=599.5494  mean_cds=8.659e-09  mean_casa=11.028 deg, 0.86s 
mc_idx = 22/100, 耗时 33.50s 
AO iter 1 - EM: NLL=667.6243, 0.12s 
AO iter 1 - LBFGS: NLL=657.3318  mean_cds=9.103e-09  mean_casa=10.542 deg, 0.28s 
AO iter 2 - EM: NLL=640.7961, 0.40s 
AO iter 2 - LBFGS: NLL=624.6490  mean_cds=9.240e-09  mean_casa=9.372 deg, 0.56s 
AO iter 3 - EM: NLL=615.1828, 0.69s 
AO iter 3 - LBFGS: NLL=613.2042  mean_cds=9.152e-09  mean_casa=9.230 deg, 0.84s 
mc_idx = 23/100, 耗时 35.03s 
AO iter 1 - EM: NLL=637.6978, 0.13s 
AO iter 1 - LBFGS: NLL=605.6141  mean_cds=9.948e-09  mean_casa=9.026 deg, 0.30s 
AO iter 2 - EM: NLL=590.4647, 0.43s 
AO iter 2 - LBFGS: NLL=581.4979  mean_cds=9.228e-09  mean_casa=8.926 deg, 0.58s 
AO iter 3 - EM: NLL=580.0958, 0.70s 
AO iter 3 - LBFGS: NLL=577.4857  mean_cds=8.919e-09  mean_casa=8.770 deg, 0.87s 
mc_idx = 24/100, 耗时 36.57s 
AO iter 1 - EM: NLL=704.8860, 0.12s 
AO iter 1 - LBFGS: NLL=683.0618  mean_cds=9.725e-09  mean_casa=9.155 deg, 0.29s 
AO iter 2 - EM: NLL=659.4162, 0.41s 
AO iter 2 - LBFGS: NLL=654.1312  mean_cds=9.493e-09  mean_casa=9.254 deg, 0.58s 
AO iter 3 - EM: NLL=650.8309, 0.71s 
AO iter 3 - LBFGS: NLL=647.1430  mean_cds=9.092e-09  mean_casa=9.466 deg, 0.86s 
mc_idx = 25/100, 耗时 38.10s 
AO iter 1 - EM: NLL=728.1022, 0.12s 
AO iter 1 - LBFGS: NLL=718.7723  mean_cds=1.078e-08  mean_casa=9.709 deg, 0.29s 
AO iter 2 - EM: NLL=710.3605, 0.41s 
AO iter 2 - LBFGS: NLL=708.6157  mean_cds=1.073e-08  mean_casa=9.711 deg, 0.57s 
AO iter 3 - EM: NLL=706.5858, 0.70s 
AO iter 3 - LBFGS: NLL=704.9625  mean_cds=1.063e-08  mean_casa=9.688 deg, 0.88s 
mc_idx = 26/100, 耗时 39.64s 
AO iter 1 - EM: NLL=652.9158, 0.13s 
AO iter 1 - LBFGS: NLL=633.7909  mean_cds=9.386e-09  mean_casa=9.713 deg, 0.29s 
AO iter 2 - EM: NLL=629.0915, 0.41s 
AO iter 2 - LBFGS: NLL=622.7408  mean_cds=8.872e-09  mean_casa=10.192 deg, 0.58s 
AO iter 3 - EM: NLL=619.6173, 0.71s 
AO iter 3 - LBFGS: NLL=614.6812  mean_cds=8.113e-09  mean_casa=11.438 deg, 0.86s 
mc_idx = 27/100, 耗时 41.17s 
AO iter 1 - EM: NLL=671.0925, 0.12s 
AO iter 1 - LBFGS: NLL=656.4104  mean_cds=1.058e-08  mean_casa=9.741 deg, 0.29s 
AO iter 2 - EM: NLL=649.6780, 0.42s 
AO iter 2 - LBFGS: NLL=639.1283  mean_cds=1.053e-08  mean_casa=10.916 deg, 0.58s 
AO iter 3 - EM: NLL=635.8183, 0.70s 
AO iter 3 - LBFGS: NLL=631.1981  mean_cds=1.071e-08  mean_casa=10.301 deg, 0.86s 
mc_idx = 28/100, 耗时 42.69s 
AO iter 1 - EM: NLL=724.8718, 0.12s 
AO iter 1 - LBFGS: NLL=701.4787  mean_cds=9.932e-09  mean_casa=9.573 deg, 0.29s 
AO iter 2 - EM: NLL=689.2421, 0.42s 
AO iter 2 - LBFGS: NLL=678.2309  mean_cds=9.112e-09  mean_casa=9.907 deg, 0.60s 
AO iter 3 - EM: NLL=674.9737, 0.72s 
AO iter 3 - LBFGS: NLL=671.7563  mean_cds=8.811e-09  mean_casa=10.114 deg, 0.88s 
mc_idx = 29/100, 耗时 44.22s 
AO iter 1 - EM: NLL=597.3338, 0.12s 
AO iter 1 - LBFGS: NLL=578.3699  mean_cds=8.974e-09  mean_casa=9.339 deg, 0.28s 
AO iter 2 - EM: NLL=556.9501, 0.41s 
AO iter 2 - LBFGS: NLL=548.9677  mean_cds=8.667e-09  mean_casa=9.081 deg, 0.56s 
AO iter 3 - EM: NLL=545.7261, 0.68s 
AO iter 3 - LBFGS: NLL=544.0535  mean_cds=8.562e-09  mean_casa=8.996 deg, 0.84s 
mc_idx = 30/100, 耗时 45.71s 
AO iter 1 - EM: NLL=561.7162, 0.12s 
AO iter 1 - LBFGS: NLL=549.3060  mean_cds=1.046e-08  mean_casa=9.487 deg, 0.28s 
AO iter 2 - EM: NLL=537.7953, 0.41s 
AO iter 2 - LBFGS: NLL=531.3786  mean_cds=9.740e-09  mean_casa=9.090 deg, 0.55s 
AO iter 3 - EM: NLL=529.4767, 0.67s 
AO iter 3 - LBFGS: NLL=528.2863  mean_cds=9.634e-09  mean_casa=8.983 deg, 0.83s 
mc_idx = 31/100, 耗时 47.20s 
AO iter 1 - EM: NLL=635.9061, 0.12s 
AO iter 1 - LBFGS: NLL=621.9511  mean_cds=1.013e-08  mean_casa=9.504 deg, 0.28s 
AO iter 2 - EM: NLL=612.2385, 0.40s 
AO iter 2 - LBFGS: NLL=607.2408  mean_cds=9.505e-09  mean_casa=9.424 deg, 0.56s 
AO iter 3 - EM: NLL=603.5349, 0.68s 
AO iter 3 - LBFGS: NLL=601.4658  mean_cds=9.240e-09  mean_casa=9.417 deg, 0.84s 
mc_idx = 32/100, 耗时 48.71s 
AO iter 1 - EM: NLL=642.2832, 0.13s 
AO iter 1 - LBFGS: NLL=627.7829  mean_cds=1.052e-08  mean_casa=9.575 deg, 0.29s 
AO iter 2 - EM: NLL=617.5199, 0.41s 
AO iter 2 - LBFGS: NLL=613.5656  mean_cds=1.060e-08  mean_casa=10.078 deg, 0.57s 
AO iter 3 - EM: NLL=611.1909, 0.70s 
AO iter 3 - LBFGS: NLL=606.6698  mean_cds=1.093e-08  mean_casa=10.966 deg, 0.85s 
mc_idx = 33/100, 耗时 50.22s 
AO iter 1 - EM: NLL=764.1991, 0.12s 
AO iter 1 - LBFGS: NLL=752.0229  mean_cds=9.750e-09  mean_casa=9.366 deg, 0.29s 
AO iter 2 - EM: NLL=732.3216, 0.42s 
AO iter 2 - LBFGS: NLL=723.1054  mean_cds=9.729e-09  mean_casa=9.587 deg, 0.59s 
AO iter 3 - EM: NLL=718.6696, 0.71s 
AO iter 3 - LBFGS: NLL=713.5410  mean_cds=9.533e-09  mean_casa=10.054 deg, 0.86s 
mc_idx = 34/100, 耗时 51.75s 
AO iter 1 - EM: NLL=602.8467, 0.13s 
AO iter 1 - LBFGS: NLL=588.5480  mean_cds=1.031e-08  mean_casa=9.217 deg, 0.30s 
AO iter 2 - EM: NLL=576.6563, 0.42s 
AO iter 2 - LBFGS: NLL=570.8177  mean_cds=1.020e-08  mean_casa=9.402 deg, 0.60s 
AO iter 3 - EM: NLL=569.4566, 0.72s 
AO iter 3 - LBFGS: NLL=565.4660  mean_cds=1.086e-08  mean_casa=9.634 deg, 0.88s 
mc_idx = 35/100, 耗时 53.29s 
AO iter 1 - EM: NLL=675.7275, 0.13s 
AO iter 1 - LBFGS: NLL=663.3716  mean_cds=1.055e-08  mean_casa=9.638 deg, 0.30s 
AO iter 2 - EM: NLL=654.8159, 0.42s 
AO iter 2 - LBFGS: NLL=650.5380  mean_cds=1.018e-08  mean_casa=9.732 deg, 0.58s 
AO iter 3 - EM: NLL=649.0233, 0.70s 
AO iter 3 - LBFGS: NLL=647.3541  mean_cds=1.012e-08  mean_casa=9.711 deg, 0.87s 
mc_idx = 36/100, 耗时 54.81s 
AO iter 1 - EM: NLL=629.4545, 0.12s 
AO iter 1 - LBFGS: NLL=596.8862  mean_cds=1.066e-08  mean_casa=9.075 deg, 0.29s 
AO iter 2 - EM: NLL=574.1241, 0.41s 
AO iter 2 - LBFGS: NLL=565.9105  mean_cds=1.070e-08  mean_casa=8.837 deg, 0.57s 
AO iter 3 - EM: NLL=561.8371, 0.69s 
AO iter 3 - LBFGS: NLL=560.0350  mean_cds=1.068e-08  mean_casa=8.743 deg, 0.87s 
mc_idx = 37/100, 耗时 56.33s 
AO iter 1 - EM: NLL=677.0677, 0.12s 
AO iter 1 - LBFGS: NLL=658.4745  mean_cds=1.024e-08  mean_casa=9.481 deg, 0.29s 
AO iter 2 - EM: NLL=650.9184, 0.42s 
AO iter 2 - LBFGS: NLL=637.4052  mean_cds=9.736e-09  mean_casa=9.586 deg, 0.57s 
AO iter 3 - EM: NLL=634.4956, 0.70s 
AO iter 3 - LBFGS: NLL=631.8476  mean_cds=9.902e-09  mean_casa=9.571 deg, 0.85s 
mc_idx = 38/100, 耗时 57.84s 
AO iter 1 - EM: NLL=652.3226, 0.12s 
AO iter 1 - LBFGS: NLL=636.6296  mean_cds=1.001e-08  mean_casa=9.477 deg, 0.29s 
AO iter 2 - EM: NLL=618.3081, 0.41s 
AO iter 2 - LBFGS: NLL=610.7883  mean_cds=9.639e-09  mean_casa=9.450 deg, 0.58s 
AO iter 3 - EM: NLL=605.0978, 0.70s 
AO iter 3 - LBFGS: NLL=603.8274  mean_cds=9.349e-09  mean_casa=9.406 deg, 0.86s 
mc_idx = 39/100, 耗时 59.35s 
AO iter 1 - EM: NLL=687.9846, 0.12s 
AO iter 1 - LBFGS: NLL=676.0284  mean_cds=1.035e-08  mean_casa=9.610 deg, 0.29s 
AO iter 2 - EM: NLL=667.5212, 0.41s 
AO iter 2 - LBFGS: NLL=663.2035  mean_cds=9.961e-09  mean_casa=9.647 deg, 0.57s 
AO iter 3 - EM: NLL=661.7814, 0.70s 
AO iter 3 - LBFGS: NLL=659.4432  mean_cds=9.677e-09  mean_casa=9.595 deg, 0.86s 
mc_idx = 40/100, 耗时 60.87s 
AO iter 1 - EM: NLL=746.7619, 0.12s 
AO iter 1 - LBFGS: NLL=707.6148  mean_cds=1.042e-08  mean_casa=9.152 deg, 0.30s 
AO iter 2 - EM: NLL=693.7582, 0.42s 
AO iter 2 - LBFGS: NLL=686.7699  mean_cds=1.039e-08  mean_casa=8.953 deg, 0.58s 
AO iter 3 - EM: NLL=682.4277, 0.70s 
AO iter 3 - LBFGS: NLL=680.5678  mean_cds=1.053e-08  mean_casa=8.894 deg, 0.87s 
mc_idx = 41/100, 耗时 62.40s 
AO iter 1 - EM: NLL=680.7139, 0.12s 
AO iter 1 - LBFGS: NLL=657.6566  mean_cds=1.041e-08  mean_casa=9.406 deg, 0.30s 
AO iter 2 - EM: NLL=649.8415, 0.43s 
AO iter 2 - LBFGS: NLL=640.4118  mean_cds=9.575e-09  mean_casa=8.602 deg, 0.59s 
AO iter 3 - EM: NLL=637.2667, 0.71s 
AO iter 3 - LBFGS: NLL=633.8904  mean_cds=9.462e-09  mean_casa=8.269 deg, 0.87s 
mc_idx = 42/100, 耗时 63.94s 
AO iter 1 - EM: NLL=675.3186, 0.12s 
AO iter 1 - LBFGS: NLL=665.6686  mean_cds=1.040e-08  mean_casa=9.767 deg, 0.28s 
AO iter 2 - EM: NLL=656.8476, 0.41s 
AO iter 2 - LBFGS: NLL=652.6178  mean_cds=1.003e-08  mean_casa=9.984 deg, 0.56s 
AO iter 3 - EM: NLL=650.4342, 0.69s 
AO iter 3 - LBFGS: NLL=646.1539  mean_cds=9.469e-09  mean_casa=10.488 deg, 0.87s 
mc_idx = 43/100, 耗时 65.46s 
AO iter 1 - EM: NLL=661.5774, 0.12s 
AO iter 1 - LBFGS: NLL=639.2347  mean_cds=1.040e-08  mean_casa=9.163 deg, 0.29s 
AO iter 2 - EM: NLL=618.3046, 0.41s 
AO iter 2 - LBFGS: NLL=614.6551  mean_cds=1.013e-08  mean_casa=9.014 deg, 0.57s 
AO iter 3 - EM: NLL=611.8037, 0.69s 
AO iter 3 - LBFGS: NLL=609.0334  mean_cds=9.767e-09  mean_casa=8.925 deg, 0.84s 
mc_idx = 44/100, 耗时 66.95s 
AO iter 1 - EM: NLL=713.3383, 0.12s 
AO iter 1 - LBFGS: NLL=696.4001  mean_cds=1.004e-08  mean_casa=9.355 deg, 0.29s 
AO iter 2 - EM: NLL=690.0191, 0.41s 
AO iter 2 - LBFGS: NLL=681.3808  mean_cds=9.761e-09  mean_casa=9.288 deg, 0.57s 
AO iter 3 - EM: NLL=679.3012, 0.69s 
AO iter 3 - LBFGS: NLL=674.4106  mean_cds=9.322e-09  mean_casa=9.027 deg, 0.84s 
mc_idx = 45/100, 耗时 68.46s 
AO iter 1 - EM: NLL=668.5454, 0.12s 
AO iter 1 - LBFGS: NLL=656.1659  mean_cds=1.012e-08  mean_casa=9.630 deg, 0.29s 
AO iter 2 - EM: NLL=647.2076, 0.41s 
AO iter 2 - LBFGS: NLL=643.9158  mean_cds=9.613e-09  mean_casa=9.891 deg, 0.56s 
AO iter 3 - EM: NLL=642.8542, 0.69s 
AO iter 3 - LBFGS: NLL=641.3017  mean_cds=9.277e-09  mean_casa=9.936 deg, 0.86s 
mc_idx = 46/100, 耗时 69.97s 
AO iter 1 - EM: NLL=714.6896, 0.12s 
AO iter 1 - LBFGS: NLL=696.2683  mean_cds=1.021e-08  mean_casa=9.866 deg, 0.28s 
AO iter 2 - EM: NLL=681.8452, 0.41s 
AO iter 2 - LBFGS: NLL=671.3347  mean_cds=9.825e-09  mean_casa=10.930 deg, 0.56s 
AO iter 3 - EM: NLL=669.0277, 0.69s 
AO iter 3 - LBFGS: NLL=666.4427  mean_cds=9.688e-09  mean_casa=11.260 deg, 0.85s 
mc_idx = 47/100, 耗时 71.47s 
AO iter 1 - EM: NLL=688.9038, 0.13s 
AO iter 1 - LBFGS: NLL=670.9512  mean_cds=1.033e-08  mean_casa=9.311 deg, 0.33s 
AO iter 2 - EM: NLL=658.5512, 0.45s 
AO iter 2 - LBFGS: NLL=654.8896  mean_cds=1.015e-08  mean_casa=9.286 deg, 0.61s 
AO iter 3 - EM: NLL=652.4153, 0.74s 
AO iter 3 - LBFGS: NLL=649.3814  mean_cds=1.003e-08  mean_casa=9.118 deg, 0.90s 
mc_idx = 48/100, 耗时 73.05s 
AO iter 1 - EM: NLL=629.3604, 0.12s 
AO iter 1 - LBFGS: NLL=606.3264  mean_cds=1.035e-08  mean_casa=9.441 deg, 0.30s 
AO iter 2 - EM: NLL=585.7701, 0.42s 
AO iter 2 - LBFGS: NLL=575.6147  mean_cds=1.015e-08  mean_casa=9.784 deg, 0.59s 
AO iter 3 - EM: NLL=574.3570, 0.71s 
AO iter 3 - LBFGS: NLL=572.7610  mean_cds=1.040e-08  mean_casa=9.806 deg, 0.87s 
mc_idx = 49/100, 耗时 74.59s 
AO iter 1 - EM: NLL=693.6456, 0.12s 
AO iter 1 - LBFGS: NLL=680.7602  mean_cds=1.054e-08  mean_casa=9.695 deg, 0.29s 
AO iter 2 - EM: NLL=672.4338, 0.41s 
AO iter 2 - LBFGS: NLL=665.9942  mean_cds=1.028e-08  mean_casa=9.659 deg, 0.57s 
AO iter 3 - EM: NLL=664.8405, 0.70s 
AO iter 3 - LBFGS: NLL=661.2996  mean_cds=1.005e-08  mean_casa=9.438 deg, 0.85s 
mc_idx = 50/100, 耗时 76.11s 
AO iter 1 - EM: NLL=645.8139, 0.12s 
AO iter 1 - LBFGS: NLL=630.7723  mean_cds=1.045e-08  mean_casa=9.611 deg, 0.30s 
AO iter 2 - EM: NLL=612.6166, 0.42s 
AO iter 2 - LBFGS: NLL=604.2765  mean_cds=9.649e-09  mean_casa=10.402 deg, 0.57s 
AO iter 3 - EM: NLL=600.3312, 0.69s 
AO iter 3 - LBFGS: NLL=598.7947  mean_cds=9.550e-09  mean_casa=10.402 deg, 0.84s 
mc_idx = 51/100, 耗时 77.62s 
AO iter 1 - EM: NLL=652.9977, 0.12s 
AO iter 1 - LBFGS: NLL=642.9537  mean_cds=1.057e-08  mean_casa=9.659 deg, 0.28s 
AO iter 2 - EM: NLL=639.9320, 0.41s 
AO iter 2 - LBFGS: NLL=633.8408  mean_cds=1.065e-08  mean_casa=9.559 deg, 0.57s 
AO iter 3 - EM: NLL=628.5647, 0.69s 
AO iter 3 - LBFGS: NLL=626.0103  mean_cds=1.058e-08  mean_casa=9.538 deg, 0.86s 
mc_idx = 52/100, 耗时 79.15s 
AO iter 1 - EM: NLL=682.3359, 0.13s 
AO iter 1 - LBFGS: NLL=667.0576  mean_cds=1.001e-08  mean_casa=9.574 deg, 0.31s 
AO iter 2 - EM: NLL=655.5577, 0.43s 
AO iter 2 - LBFGS: NLL=649.0024  mean_cds=9.249e-09  mean_casa=9.829 deg, 0.58s 
AO iter 3 - EM: NLL=645.8515, 0.71s 
AO iter 3 - LBFGS: NLL=639.5554  mean_cds=8.532e-09  mean_casa=10.027 deg, 0.87s 
mc_idx = 53/100, 耗时 80.67s 
AO iter 1 - EM: NLL=668.5394, 0.12s 
AO iter 1 - LBFGS: NLL=656.0165  mean_cds=1.024e-08  mean_casa=9.715 deg, 0.30s 
AO iter 2 - EM: NLL=647.0521, 0.42s 
AO iter 2 - LBFGS: NLL=639.5332  mean_cds=8.404e-09  mean_casa=9.362 deg, 0.58s 
AO iter 3 - EM: NLL=637.4546, 0.70s 
AO iter 3 - LBFGS: NLL=634.8215  mean_cds=8.256e-09  mean_casa=9.383 deg, 0.88s 
mc_idx = 54/100, 耗时 82.21s 
AO iter 1 - EM: NLL=643.8779, 0.12s 
AO iter 1 - LBFGS: NLL=628.5327  mean_cds=1.014e-08  mean_casa=9.521 deg, 0.28s 
AO iter 2 - EM: NLL=622.0644, 0.41s 
AO iter 2 - LBFGS: NLL=613.6384  mean_cds=9.542e-09  mean_casa=9.480 deg, 0.58s 
AO iter 3 - EM: NLL=612.4027, 0.70s 
AO iter 3 - LBFGS: NLL=609.9589  mean_cds=9.314e-09  mean_casa=9.223 deg, 0.85s 
mc_idx = 55/100, 耗时 83.73s 
AO iter 1 - EM: NLL=623.6891, 0.12s 
AO iter 1 - LBFGS: NLL=607.7100  mean_cds=8.582e-09  mean_casa=9.102 deg, 0.28s 
AO iter 2 - EM: NLL=587.6861, 0.41s 
AO iter 2 - LBFGS: NLL=578.6769  mean_cds=9.054e-09  mean_casa=9.499 deg, 0.57s 
AO iter 3 - EM: NLL=576.0680, 0.70s 
AO iter 3 - LBFGS: NLL=573.2422  mean_cds=9.292e-09  mean_casa=10.289 deg, 0.85s 
mc_idx = 56/100, 耗时 85.24s 
AO iter 1 - EM: NLL=603.6241, 0.12s 
AO iter 1 - LBFGS: NLL=591.9214  mean_cds=1.007e-08  mean_casa=9.741 deg, 0.30s 
AO iter 2 - EM: NLL=584.6006, 0.42s 
AO iter 2 - LBFGS: NLL=577.8667  mean_cds=9.265e-09  mean_casa=9.601 deg, 0.58s 
AO iter 3 - EM: NLL=576.1099, 0.70s 
AO iter 3 - LBFGS: NLL=574.9882  mean_cds=9.212e-09  mean_casa=9.617 deg, 0.86s 
mc_idx = 57/100, 耗时 86.76s 
AO iter 1 - EM: NLL=653.4164, 0.12s 
AO iter 1 - LBFGS: NLL=639.4821  mean_cds=1.053e-08  mean_casa=9.581 deg, 0.28s 
AO iter 2 - EM: NLL=631.0703, 0.41s 
AO iter 2 - LBFGS: NLL=623.4166  mean_cds=1.018e-08  mean_casa=10.508 deg, 0.57s 
AO iter 3 - EM: NLL=621.7266, 0.69s 
AO iter 3 - LBFGS: NLL=618.5599  mean_cds=9.239e-09  mean_casa=10.382 deg, 0.85s 
mc_idx = 58/100, 耗时 88.27s 
AO iter 1 - EM: NLL=609.3293, 0.12s 
AO iter 1 - LBFGS: NLL=589.2994  mean_cds=9.584e-09  mean_casa=9.669 deg, 0.30s 
AO iter 2 - EM: NLL=578.9571, 0.42s 
AO iter 2 - LBFGS: NLL=576.2878  mean_cds=9.182e-09  mean_casa=9.797 deg, 0.58s 
AO iter 3 - EM: NLL=575.0749, 0.70s 
AO iter 3 - LBFGS: NLL=573.0035  mean_cds=8.672e-09  mean_casa=10.085 deg, 0.86s 
mc_idx = 59/100, 耗时 89.79s 
AO iter 1 - EM: NLL=660.2355, 0.12s 
AO iter 1 - LBFGS: NLL=648.0205  mean_cds=1.051e-08  mean_casa=9.667 deg, 0.28s 
AO iter 2 - EM: NLL=642.0768, 0.41s 
AO iter 2 - LBFGS: NLL=635.7122  mean_cds=1.042e-08  mean_casa=9.723 deg, 0.57s 
AO iter 3 - EM: NLL=633.4896, 0.69s 
AO iter 3 - LBFGS: NLL=630.3514  mean_cds=1.023e-08  mean_casa=9.820 deg, 0.86s 
mc_idx = 60/100, 耗时 91.31s 
AO iter 1 - EM: NLL=687.8206, 0.12s 
AO iter 1 - LBFGS: NLL=666.2239  mean_cds=1.056e-08  mean_casa=9.513 deg, 0.29s 
AO iter 2 - EM: NLL=649.3401, 0.41s 
AO iter 2 - LBFGS: NLL=642.8558  mean_cds=1.058e-08  mean_casa=9.585 deg, 0.57s 
AO iter 3 - EM: NLL=638.8501, 0.70s 
AO iter 3 - LBFGS: NLL=637.2659  mean_cds=1.055e-08  mean_casa=9.631 deg, 0.87s 
mc_idx = 61/100, 耗时 92.82s 
AO iter 1 - EM: NLL=708.0648, 0.12s 
AO iter 1 - LBFGS: NLL=667.4286  mean_cds=9.779e-09  mean_casa=9.196 deg, 0.28s 
AO iter 2 - EM: NLL=630.2546, 0.41s 
AO iter 2 - LBFGS: NLL=622.2632  mean_cds=9.405e-09  mean_casa=9.351 deg, 0.57s 
AO iter 3 - EM: NLL=619.2167, 0.69s 
AO iter 3 - LBFGS: NLL=608.5617  mean_cds=8.212e-09  mean_casa=11.076 deg, 0.85s 
mc_idx = 62/100, 耗时 94.34s 
AO iter 1 - EM: NLL=621.4737, 0.12s 
AO iter 1 - LBFGS: NLL=614.1447  mean_cds=1.021e-08  mean_casa=9.844 deg, 0.29s 
AO iter 2 - EM: NLL=607.1018, 0.42s 
AO iter 2 - LBFGS: NLL=602.3721  mean_cds=9.904e-09  mean_casa=9.974 deg, 0.57s 
AO iter 3 - EM: NLL=601.0007, 0.69s 
AO iter 3 - LBFGS: NLL=599.1526  mean_cds=9.746e-09  mean_casa=9.903 deg, 0.85s 
mc_idx = 63/100, 耗时 95.84s 
AO iter 1 - EM: NLL=669.4077, 0.12s 
AO iter 1 - LBFGS: NLL=661.2860  mean_cds=1.073e-08  mean_casa=9.823 deg, 0.28s 
AO iter 2 - EM: NLL=654.1589, 0.40s 
AO iter 2 - LBFGS: NLL=651.9838  mean_cds=1.070e-08  mean_casa=9.920 deg, 0.55s 
AO iter 3 - EM: NLL=650.9442, 0.68s 
AO iter 3 - LBFGS: NLL=648.6347  mean_cds=1.099e-08  mean_casa=10.229 deg, 0.83s 
mc_idx = 64/100, 耗时 97.32s 
AO iter 1 - EM: NLL=680.2114, 0.13s 
AO iter 1 - LBFGS: NLL=664.3378  mean_cds=1.030e-08  mean_casa=9.611 deg, 0.30s 
AO iter 2 - EM: NLL=653.1237, 0.43s 
AO iter 2 - LBFGS: NLL=649.6625  mean_cds=1.022e-08  mean_casa=9.710 deg, 0.60s 
AO iter 3 - EM: NLL=647.7269, 0.72s 
AO iter 3 - LBFGS: NLL=645.5774  mean_cds=1.010e-08  mean_casa=9.746 deg, 0.87s 
mc_idx = 65/100, 耗时 98.85s 
AO iter 1 - EM: NLL=716.0323, 0.12s 
AO iter 1 - LBFGS: NLL=690.6473  mean_cds=1.038e-08  mean_casa=9.100 deg, 0.30s 
AO iter 2 - EM: NLL=674.7062, 0.42s 
AO iter 2 - LBFGS: NLL=667.1654  mean_cds=1.057e-08  mean_casa=8.740 deg, 0.58s 
AO iter 3 - EM: NLL=665.1903, 0.70s 
AO iter 3 - LBFGS: NLL=662.7711  mean_cds=1.045e-08  mean_casa=8.686 deg, 0.86s 
mc_idx = 66/100, 耗时 100.37s 
AO iter 1 - EM: NLL=554.7027, 0.13s 
AO iter 1 - LBFGS: NLL=539.4291  mean_cds=1.014e-08  mean_casa=9.369 deg, 0.30s 
AO iter 2 - EM: NLL=532.6477, 0.43s 
AO iter 2 - LBFGS: NLL=528.3532  mean_cds=9.990e-09  mean_casa=9.378 deg, 0.58s 
AO iter 3 - EM: NLL=526.7966, 0.70s 
AO iter 3 - LBFGS: NLL=523.0032  mean_cds=9.966e-09  mean_casa=9.243 deg, 0.86s 
mc_idx = 67/100, 耗时 101.89s 
AO iter 1 - EM: NLL=694.9614, 0.12s 
AO iter 1 - LBFGS: NLL=680.6618  mean_cds=1.055e-08  mean_casa=9.412 deg, 0.28s 
AO iter 2 - EM: NLL=673.1907, 0.41s 
AO iter 2 - LBFGS: NLL=667.7441  mean_cds=1.094e-08  mean_casa=9.696 deg, 0.56s 
AO iter 3 - EM: NLL=665.8929, 0.68s 
AO iter 3 - LBFGS: NLL=664.4256  mean_cds=1.101e-08  mean_casa=9.631 deg, 0.85s 
mc_idx = 68/100, 耗时 103.41s 
AO iter 1 - EM: NLL=739.5553, 0.12s 
AO iter 1 - LBFGS: NLL=715.2955  mean_cds=1.033e-08  mean_casa=9.559 deg, 0.29s 
AO iter 2 - EM: NLL=691.5709, 0.42s 
AO iter 2 - LBFGS: NLL=683.7698  mean_cds=1.060e-08  mean_casa=9.988 deg, 0.58s 
AO iter 3 - EM: NLL=681.2146, 0.70s 
AO iter 3 - LBFGS: NLL=679.7226  mean_cds=1.075e-08  mean_casa=10.000 deg, 0.87s 
mc_idx = 69/100, 耗时 104.93s 
AO iter 1 - EM: NLL=638.8091, 0.12s 
AO iter 1 - LBFGS: NLL=623.9879  mean_cds=1.062e-08  mean_casa=9.515 deg, 0.28s 
AO iter 2 - EM: NLL=618.6652, 0.40s 
AO iter 2 - LBFGS: NLL=610.1438  mean_cds=1.018e-08  mean_casa=9.683 deg, 0.57s 
AO iter 3 - EM: NLL=606.8081, 0.69s 
AO iter 3 - LBFGS: NLL=604.7159  mean_cds=9.956e-09  mean_casa=9.738 deg, 0.85s 
mc_idx = 70/100, 耗时 106.43s 
AO iter 1 - EM: NLL=631.4876, 0.12s 
AO iter 1 - LBFGS: NLL=606.6637  mean_cds=1.033e-08  mean_casa=9.250 deg, 0.29s 
AO iter 2 - EM: NLL=593.2692, 0.42s 
AO iter 2 - LBFGS: NLL=588.5604  mean_cds=1.019e-08  mean_casa=9.282 deg, 0.59s 
AO iter 3 - EM: NLL=586.9794, 0.71s 
AO iter 3 - LBFGS: NLL=583.1218  mean_cds=1.035e-08  mean_casa=9.011 deg, 0.87s 
mc_idx = 71/100, 耗时 107.96s 
AO iter 1 - EM: NLL=724.0814, 0.12s 
AO iter 1 - LBFGS: NLL=711.1597  mean_cds=1.070e-08  mean_casa=9.634 deg, 0.29s 
AO iter 2 - EM: NLL=701.2582, 0.41s 
AO iter 2 - LBFGS: NLL=692.5449  mean_cds=1.071e-08  mean_casa=10.456 deg, 0.58s 
AO iter 3 - EM: NLL=687.9583, 0.71s 
AO iter 3 - LBFGS: NLL=686.1209  mean_cds=1.074e-08  mean_casa=10.433 deg, 0.87s 
mc_idx = 72/100, 耗时 109.48s 
AO iter 1 - EM: NLL=746.4402, 0.12s 
AO iter 1 - LBFGS: NLL=723.1537  mean_cds=1.029e-08  mean_casa=9.527 deg, 0.29s 
AO iter 2 - EM: NLL=709.9696, 0.41s 
AO iter 2 - LBFGS: NLL=706.8256  mean_cds=1.038e-08  mean_casa=9.756 deg, 0.57s 
AO iter 3 - EM: NLL=704.8285, 0.69s 
AO iter 3 - LBFGS: NLL=702.6323  mean_cds=1.053e-08  mean_casa=10.021 deg, 0.85s 
mc_idx = 73/100, 耗时 110.99s 
AO iter 1 - EM: NLL=652.6428, 0.12s 
AO iter 1 - LBFGS: NLL=644.7372  mean_cds=1.052e-08  mean_casa=9.691 deg, 0.28s 
AO iter 2 - EM: NLL=638.1300, 0.40s 
AO iter 2 - LBFGS: NLL=633.1680  mean_cds=9.993e-09  mean_casa=9.678 deg, 0.56s 
AO iter 3 - EM: NLL=630.4164, 0.68s 
AO iter 3 - LBFGS: NLL=628.8426  mean_cds=9.836e-09  mean_casa=9.592 deg, 0.85s 
mc_idx = 74/100, 耗时 112.48s 
AO iter 1 - EM: NLL=729.5081, 0.12s 
AO iter 1 - LBFGS: NLL=706.0031  mean_cds=1.037e-08  mean_casa=9.243 deg, 0.29s 
AO iter 2 - EM: NLL=698.3492, 0.41s 
AO iter 2 - LBFGS: NLL=695.8410  mean_cds=1.031e-08  mean_casa=9.223 deg, 0.56s 
AO iter 3 - EM: NLL=694.6591, 0.69s 
AO iter 3 - LBFGS: NLL=691.6629  mean_cds=1.057e-08  mean_casa=9.021 deg, 0.83s 
mc_idx = 75/100, 耗时 113.96s 
AO iter 1 - EM: NLL=689.2080, 0.12s 
AO iter 1 - LBFGS: NLL=677.2493  mean_cds=1.061e-08  mean_casa=9.543 deg, 0.29s 
AO iter 2 - EM: NLL=666.7189, 0.42s 
AO iter 2 - LBFGS: NLL=660.7148  mean_cds=1.018e-08  mean_casa=9.252 deg, 0.58s 
AO iter 3 - EM: NLL=657.8262, 0.70s 
AO iter 3 - LBFGS: NLL=656.1485  mean_cds=1.016e-08  mean_casa=9.143 deg, 0.87s 
mc_idx = 76/100, 耗时 115.49s 
AO iter 1 - EM: NLL=680.4893, 0.12s 
AO iter 1 - LBFGS: NLL=664.9023  mean_cds=1.037e-08  mean_casa=9.616 deg, 0.29s 
AO iter 2 - EM: NLL=656.2004, 0.41s 
AO iter 2 - LBFGS: NLL=650.9592  mean_cds=8.814e-09  mean_casa=10.793 deg, 0.57s 
AO iter 3 - EM: NLL=647.2909, 0.69s 
AO iter 3 - LBFGS: NLL=644.2900  mean_cds=8.707e-09  mean_casa=10.877 deg, 0.85s 
mc_idx = 77/100, 耗时 116.99s 
AO iter 1 - EM: NLL=701.9109, 0.12s 
AO iter 1 - LBFGS: NLL=674.9275  mean_cds=9.600e-09  mean_casa=9.070 deg, 0.29s 
AO iter 2 - EM: NLL=659.4889, 0.41s 
AO iter 2 - LBFGS: NLL=650.9747  mean_cds=9.290e-09  mean_casa=9.312 deg, 0.57s 
AO iter 3 - EM: NLL=647.5494, 0.70s 
AO iter 3 - LBFGS: NLL=642.7063  mean_cds=9.028e-09  mean_casa=9.799 deg, 0.87s 
mc_idx = 78/100, 耗时 118.52s 
AO iter 1 - EM: NLL=694.3699, 0.12s 
AO iter 1 - LBFGS: NLL=685.7552  mean_cds=1.048e-08  mean_casa=9.782 deg, 0.30s 
AO iter 2 - EM: NLL=678.5586, 0.42s 
AO iter 2 - LBFGS: NLL=673.0941  mean_cds=1.003e-08  mean_casa=9.906 deg, 0.58s 
AO iter 3 - EM: NLL=671.9884, 0.70s 
AO iter 3 - LBFGS: NLL=668.4001  mean_cds=9.623e-09  mean_casa=9.855 deg, 0.87s 
mc_idx = 79/100, 耗时 120.06s 
AO iter 1 - EM: NLL=635.4828, 0.12s 
AO iter 1 - LBFGS: NLL=615.0614  mean_cds=1.012e-08  mean_casa=9.519 deg, 0.29s 
AO iter 2 - EM: NLL=604.8377, 0.42s 
AO iter 2 - LBFGS: NLL=598.5232  mean_cds=9.455e-09  mean_casa=9.645 deg, 0.58s 
AO iter 3 - EM: NLL=595.3314, 0.70s 
AO iter 3 - LBFGS: NLL=592.5172  mean_cds=9.081e-09  mean_casa=9.614 deg, 0.85s 
mc_idx = 80/100, 耗时 121.56s 
AO iter 1 - EM: NLL=646.3164, 0.12s 
AO iter 1 - LBFGS: NLL=632.6541  mean_cds=1.043e-08  mean_casa=9.782 deg, 0.28s 
AO iter 2 - EM: NLL=614.7961, 0.40s 
AO iter 2 - LBFGS: NLL=606.5903  mean_cds=1.024e-08  mean_casa=10.242 deg, 0.56s 
AO iter 3 - EM: NLL=603.2187, 0.69s 
AO iter 3 - LBFGS: NLL=600.4461  mean_cds=1.008e-08  mean_casa=10.586 deg, 0.84s 
mc_idx = 81/100, 耗时 123.05s 
AO iter 1 - EM: NLL=670.1210, 0.12s 
AO iter 1 - LBFGS: NLL=646.5438  mean_cds=1.044e-08  mean_casa=9.486 deg, 0.29s 
AO iter 2 - EM: NLL=624.2673, 0.41s 
AO iter 2 - LBFGS: NLL=616.9611  mean_cds=9.769e-09  mean_casa=9.805 deg, 0.57s 
AO iter 3 - EM: NLL=614.6767, 0.70s 
AO iter 3 - LBFGS: NLL=612.9145  mean_cds=9.753e-09  mean_casa=9.902 deg, 0.86s 
mc_idx = 82/100, 耗时 124.57s 
AO iter 1 - EM: NLL=595.5146, 0.12s 
AO iter 1 - LBFGS: NLL=577.5279  mean_cds=1.041e-08  mean_casa=9.170 deg, 0.30s 
AO iter 2 - EM: NLL=570.7875, 0.42s 
AO iter 2 - LBFGS: NLL=564.8651  mean_cds=1.006e-08  mean_casa=8.687 deg, 0.58s 
AO iter 3 - EM: NLL=562.9559, 0.70s 
AO iter 3 - LBFGS: NLL=560.4147  mean_cds=9.914e-09  mean_casa=8.587 deg, 0.85s 
mc_idx = 83/100, 耗时 126.08s 
AO iter 1 - EM: NLL=656.1464, 0.12s 
AO iter 1 - LBFGS: NLL=643.2209  mean_cds=1.050e-08  mean_casa=9.324 deg, 0.29s 
AO iter 2 - EM: NLL=627.9441, 0.41s 
AO iter 2 - LBFGS: NLL=624.7061  mean_cds=1.035e-08  mean_casa=9.330 deg, 0.56s 
AO iter 3 - EM: NLL=623.1063, 0.69s 
AO iter 3 - LBFGS: NLL=621.0937  mean_cds=1.032e-08  mean_casa=9.126 deg, 0.84s 
mc_idx = 84/100, 耗时 127.58s 
AO iter 1 - EM: NLL=697.8810, 0.12s 
AO iter 1 - LBFGS: NLL=688.5576  mean_cds=1.083e-08  mean_casa=9.616 deg, 0.29s 
AO iter 2 - EM: NLL=672.7860, 0.43s 
AO iter 2 - LBFGS: NLL=666.5895  mean_cds=1.095e-08  mean_casa=9.852 deg, 0.59s 
AO iter 3 - EM: NLL=663.2395, 0.71s 
AO iter 3 - LBFGS: NLL=661.4689  mean_cds=1.102e-08  mean_casa=9.988 deg, 0.88s 
mc_idx = 85/100, 耗时 129.14s 
AO iter 1 - EM: NLL=655.9995, 0.12s 
AO iter 1 - LBFGS: NLL=636.6216  mean_cds=1.019e-08  mean_casa=9.080 deg, 0.29s 
AO iter 2 - EM: NLL=621.0951, 0.41s 
AO iter 2 - LBFGS: NLL=617.7464  mean_cds=1.015e-08  mean_casa=9.138 deg, 0.57s 
AO iter 3 - EM: NLL=615.9034, 0.70s 
AO iter 3 - LBFGS: NLL=614.1921  mean_cds=1.013e-08  mean_casa=9.164 deg, 0.86s 
mc_idx = 86/100, 耗时 130.66s 
AO iter 1 - EM: NLL=685.0337, 0.12s 
AO iter 1 - LBFGS: NLL=670.3344  mean_cds=1.066e-08  mean_casa=9.390 deg, 0.28s 
AO iter 2 - EM: NLL=661.4643, 0.41s 
AO iter 2 - LBFGS: NLL=654.6174  mean_cds=9.954e-09  mean_casa=8.881 deg, 0.56s 
AO iter 3 - EM: NLL=652.6373, 0.68s 
AO iter 3 - LBFGS: NLL=650.9667  mean_cds=9.764e-09  mean_casa=8.800 deg, 0.83s 
mc_idx = 87/100, 耗时 132.15s 
AO iter 1 - EM: NLL=566.1640, 0.13s 
AO iter 1 - LBFGS: NLL=545.7644  mean_cds=9.859e-09  mean_casa=9.216 deg, 0.30s 
AO iter 2 - EM: NLL=539.1437, 0.43s 
AO iter 2 - LBFGS: NLL=534.2904  mean_cds=9.656e-09  mean_casa=9.262 deg, 0.58s 
AO iter 3 - EM: NLL=532.6657, 0.71s 
AO iter 3 - LBFGS: NLL=529.0911  mean_cds=9.948e-09  mean_casa=9.027 deg, 0.86s 
mc_idx = 88/100, 耗时 133.68s 
AO iter 1 - EM: NLL=681.0533, 0.12s 
AO iter 1 - LBFGS: NLL=675.2248  mean_cds=1.093e-08  mean_casa=9.817 deg, 0.28s 
AO iter 2 - EM: NLL=665.4903, 0.41s 
AO iter 2 - LBFGS: NLL=663.1468  mean_cds=1.088e-08  mean_casa=9.883 deg, 0.56s 
AO iter 3 - EM: NLL=657.4822, 0.68s 
AO iter 3 - LBFGS: NLL=656.4585  mean_cds=1.091e-08  mean_casa=9.875 deg, 0.85s 
mc_idx = 89/100, 耗时 135.18s 
AO iter 1 - EM: NLL=667.3540, 0.12s 
AO iter 1 - LBFGS: NLL=650.4111  mean_cds=1.051e-08  mean_casa=9.661 deg, 0.29s 
AO iter 2 - EM: NLL=637.8207, 0.42s 
AO iter 2 - LBFGS: NLL=635.3518  mean_cds=1.035e-08  mean_casa=9.663 deg, 0.59s 
AO iter 3 - EM: NLL=633.6114, 0.72s 
AO iter 3 - LBFGS: NLL=630.2303  mean_cds=1.031e-08  mean_casa=9.906 deg, 0.88s 
mc_idx = 90/100, 耗时 136.72s 
AO iter 1 - EM: NLL=711.5443, 0.12s 
AO iter 1 - LBFGS: NLL=682.0713  mean_cds=1.025e-08  mean_casa=9.413 deg, 0.29s 
AO iter 2 - EM: NLL=664.7977, 0.42s 
AO iter 2 - LBFGS: NLL=658.6298  mean_cds=1.011e-08  mean_casa=9.695 deg, 0.57s 
AO iter 3 - EM: NLL=656.7447, 0.70s 
AO iter 3 - LBFGS: NLL=652.9448  mean_cds=1.071e-08  mean_casa=10.345 deg, 0.85s 
mc_idx = 91/100, 耗时 138.23s 
AO iter 1 - EM: NLL=695.3258, 0.12s 
AO iter 1 - LBFGS: NLL=675.8527  mean_cds=1.048e-08  mean_casa=10.516 deg, 0.29s 
AO iter 2 - EM: NLL=665.1889, 0.41s 
AO iter 2 - LBFGS: NLL=660.8906  mean_cds=1.070e-08  mean_casa=10.128 deg, 0.58s 
AO iter 3 - EM: NLL=659.3930, 0.70s 
AO iter 3 - LBFGS: NLL=656.3408  mean_cds=1.260e-08  mean_casa=10.391 deg, 0.86s 
mc_idx = 92/100, 耗时 139.75s 
AO iter 1 - EM: NLL=614.8078, 0.13s 
AO iter 1 - LBFGS: NLL=602.0930  mean_cds=1.013e-08  mean_casa=9.664 deg, 0.29s 
AO iter 2 - EM: NLL=596.3459, 0.41s 
AO iter 2 - LBFGS: NLL=590.0930  mean_cds=9.892e-09  mean_casa=9.748 deg, 0.57s 
AO iter 3 - EM: NLL=587.5988, 0.70s 
AO iter 3 - LBFGS: NLL=584.6240  mean_cds=9.885e-09  mean_casa=9.643 deg, 0.86s 
mc_idx = 93/100, 耗时 141.28s 
AO iter 1 - EM: NLL=689.0068, 0.12s 
AO iter 1 - LBFGS: NLL=669.9600  mean_cds=1.052e-08  mean_casa=9.677 deg, 0.29s 
AO iter 2 - EM: NLL=654.5001, 0.42s 
AO iter 2 - LBFGS: NLL=645.6650  mean_cds=9.853e-09  mean_casa=9.648 deg, 0.57s 
AO iter 3 - EM: NLL=639.5681, 0.70s 
AO iter 3 - LBFGS: NLL=638.2849  mean_cds=9.780e-09  mean_casa=9.560 deg, 0.85s 
mc_idx = 94/100, 耗时 142.79s 
AO iter 1 - EM: NLL=611.2067, 0.12s 
AO iter 1 - LBFGS: NLL=585.4887  mean_cds=1.018e-08  mean_casa=9.702 deg, 0.31s 
AO iter 2 - EM: NLL=560.0212, 0.43s 
AO iter 2 - LBFGS: NLL=556.2878  mean_cds=9.892e-09  mean_casa=9.969 deg, 0.59s 
AO iter 3 - EM: NLL=555.0818, 0.72s 
AO iter 3 - LBFGS: NLL=551.3986  mean_cds=9.437e-09  mean_casa=10.479 deg, 0.88s 
mc_idx = 95/100, 耗时 144.36s 
AO iter 1 - EM: NLL=676.9002, 0.12s 
AO iter 1 - LBFGS: NLL=657.7176  mean_cds=9.774e-09  mean_casa=9.827 deg, 0.28s 
AO iter 2 - EM: NLL=649.2363, 0.41s 
AO iter 2 - LBFGS: NLL=643.4854  mean_cds=9.473e-09  mean_casa=10.324 deg, 0.57s 
AO iter 3 - EM: NLL=640.9900, 0.69s 
AO iter 3 - LBFGS: NLL=638.2687  mean_cds=9.271e-09  mean_casa=10.601 deg, 0.84s 
mc_idx = 96/100, 耗时 145.87s 
AO iter 1 - EM: NLL=686.9019, 0.12s 
AO iter 1 - LBFGS: NLL=668.2867  mean_cds=1.054e-08  mean_casa=9.564 deg, 0.29s 
AO iter 2 - EM: NLL=656.2646, 0.41s 
AO iter 2 - LBFGS: NLL=649.7486  mean_cds=1.031e-08  mean_casa=9.902 deg, 0.58s 
AO iter 3 - EM: NLL=646.9881, 0.70s 
AO iter 3 - LBFGS: NLL=644.3089  mean_cds=1.018e-08  mean_casa=10.879 deg, 0.86s 
mc_idx = 97/100, 耗时 147.39s 
AO iter 1 - EM: NLL=659.3102, 0.13s 
AO iter 1 - LBFGS: NLL=642.6102  mean_cds=9.915e-09  mean_casa=9.082 deg, 0.30s 
AO iter 2 - EM: NLL=626.2198, 0.43s 
AO iter 2 - LBFGS: NLL=619.7366  mean_cds=9.550e-09  mean_casa=9.213 deg, 0.59s 
AO iter 3 - EM: NLL=616.2939, 0.71s 
AO iter 3 - LBFGS: NLL=612.1143  mean_cds=9.275e-09  mean_casa=9.584 deg, 0.88s 
mc_idx = 98/100, 耗时 148.93s 
AO iter 1 - EM: NLL=671.6806, 0.12s 
AO iter 1 - LBFGS: NLL=658.4983  mean_cds=1.031e-08  mean_casa=9.383 deg, 0.28s 
AO iter 2 - EM: NLL=651.0398, 0.40s 
AO iter 2 - LBFGS: NLL=647.8761  mean_cds=1.018e-08  mean_casa=9.366 deg, 0.56s 
AO iter 3 - EM: NLL=645.4682, 0.68s 
AO iter 3 - LBFGS: NLL=643.2453  mean_cds=1.015e-08  mean_casa=9.148 deg, 0.85s 
mc_idx = 99/100, 耗时 150.44s 
AO iter 1 - EM: NLL=564.2723, 0.12s 
AO iter 1 - LBFGS: NLL=546.2651  mean_cds=1.043e-08  mean_casa=9.518 deg, 0.30s 
AO iter 2 - EM: NLL=532.2939, 0.42s 
AO iter 2 - LBFGS: NLL=527.9664  mean_cds=9.949e-09  mean_casa=9.603 deg, 0.57s 
AO iter 3 - EM: NLL=526.6460, 0.69s 
AO iter 3 - LBFGS: NLL=524.9166  mean_cds=9.992e-09  mean_casa=9.574 deg, 0.84s 
mc_idx = 100/100, 耗时 151.94s 

====== SNR_dB = 5 (3/5) finished, consumed 151.9s ======

开始MonteCarlo仿真...... 
AO iter 1 - EM: NLL=63.7266, 0.12s 
AO iter 1 - LBFGS: NLL=36.7394  mean_cds=9.352e-09  mean_casa=10.327 deg, 0.28s 
AO iter 2 - EM: NLL=27.6415, 0.40s 
AO iter 2 - LBFGS: NLL=20.7456  mean_cds=8.538e-09  mean_casa=11.045 deg, 0.56s 
AO iter 3 - EM: NLL=18.6222, 0.68s 
AO iter 3 - LBFGS: NLL=15.1229  mean_cds=8.128e-09  mean_casa=11.498 deg, 0.83s 
mc_idx = 1/100, 耗时 1.49s 
AO iter 1 - EM: NLL=186.5443, 0.12s 
AO iter 1 - LBFGS: NLL=138.1332  mean_cds=1.015e-08  mean_casa=9.731 deg, 0.30s 
AO iter 2 - EM: NLL=121.7306, 0.43s 
AO iter 2 - LBFGS: NLL=101.5826  mean_cds=9.506e-09  mean_casa=9.832 deg, 0.59s 
AO iter 3 - EM: NLL=97.3858, 0.73s 
AO iter 3 - LBFGS: NLL=90.2901  mean_cds=9.168e-09  mean_casa=10.193 deg, 0.89s 
mc_idx = 2/100, 耗时 3.06s 
AO iter 1 - EM: NLL=121.2053, 0.12s 
AO iter 1 - LBFGS: NLL=89.8847  mean_cds=1.033e-08  mean_casa=9.602 deg, 0.29s 
AO iter 2 - EM: NLL=76.8120, 0.43s 
AO iter 2 - LBFGS: NLL=71.2553  mean_cds=1.009e-08  mean_casa=9.692 deg, 0.60s 
AO iter 3 - EM: NLL=69.9237, 0.72s 
AO iter 3 - LBFGS: NLL=66.4726  mean_cds=9.991e-09  mean_casa=9.726 deg, 0.88s 
mc_idx = 3/100, 耗时 4.60s 
AO iter 1 - EM: NLL=159.1383, 0.12s 
AO iter 1 - LBFGS: NLL=128.6365  mean_cds=9.875e-09  mean_casa=9.567 deg, 0.29s 
AO iter 2 - EM: NLL=104.6980, 0.41s 
AO iter 2 - LBFGS: NLL=89.8332  mean_cds=9.776e-09  mean_casa=9.910 deg, 0.58s 
AO iter 3 - EM: NLL=85.3711, 0.71s 
AO iter 3 - LBFGS: NLL=80.3333  mean_cds=9.498e-09  mean_casa=10.053 deg, 0.86s 
mc_idx = 4/100, 耗时 6.13s 
AO iter 1 - EM: NLL=166.6579, 0.13s 
AO iter 1 - LBFGS: NLL=126.9555  mean_cds=1.044e-08  mean_casa=9.762 deg, 0.31s 
AO iter 2 - EM: NLL=115.8236, 0.43s 
AO iter 2 - LBFGS: NLL=103.4593  mean_cds=9.703e-09  mean_casa=9.853 deg, 0.60s 
AO iter 3 - EM: NLL=99.5609, 0.73s 
AO iter 3 - LBFGS: NLL=97.4105  mean_cds=9.695e-09  mean_casa=9.841 deg, 0.88s 
mc_idx = 5/100, 耗时 7.67s 
AO iter 1 - EM: NLL=120.2572, 0.12s 
AO iter 1 - LBFGS: NLL=82.9900  mean_cds=9.456e-09  mean_casa=9.558 deg, 0.29s 
AO iter 2 - EM: NLL=70.8490, 0.41s 
AO iter 2 - LBFGS: NLL=61.7804  mean_cds=9.179e-09  mean_casa=9.918 deg, 0.60s 
AO iter 3 - EM: NLL=58.1767, 0.72s 
AO iter 3 - LBFGS: NLL=56.2685  mean_cds=9.093e-09  mean_casa=9.996 deg, 0.88s 
mc_idx = 6/100, 耗时 9.21s 
AO iter 1 - EM: NLL=151.2205, 0.12s 
AO iter 1 - LBFGS: NLL=125.8834  mean_cds=1.032e-08  mean_casa=9.526 deg, 0.31s 
AO iter 2 - EM: NLL=110.5194, 0.46s 
AO iter 2 - LBFGS: NLL=93.0535  mean_cds=9.380e-09  mean_casa=9.083 deg, 0.64s 
AO iter 3 - EM: NLL=90.7264, 0.76s 
AO iter 3 - LBFGS: NLL=87.1328  mean_cds=8.999e-09  mean_casa=9.072 deg, 0.92s 
mc_idx = 7/100, 耗时 10.80s 
AO iter 1 - EM: NLL=84.4175, 0.12s 
AO iter 1 - LBFGS: NLL=53.8228  mean_cds=1.004e-08  mean_casa=9.305 deg, 0.30s 
AO iter 2 - EM: NLL=43.8989, 0.43s 
AO iter 2 - LBFGS: NLL=31.2235  mean_cds=8.934e-09  mean_casa=8.938 deg, 0.60s 
AO iter 3 - EM: NLL=28.9658, 0.73s 
AO iter 3 - LBFGS: NLL=26.9471  mean_cds=8.687e-09  mean_casa=8.878 deg, 0.88s 
mc_idx = 8/100, 耗时 12.34s 
AO iter 1 - EM: NLL=48.7080, 0.12s 
AO iter 1 - LBFGS: NLL=12.3903  mean_cds=9.296e-09  mean_casa=9.178 deg, 0.28s 
AO iter 2 - EM: NLL=6.0809, 0.41s 
AO iter 2 - LBFGS: NLL=-0.3591  mean_cds=8.859e-09  mean_casa=9.313 deg, 0.57s 
AO iter 3 - EM: NLL=-2.1451, 0.69s 
AO iter 3 - LBFGS: NLL=-8.7223  mean_cds=8.164e-09  mean_casa=9.687 deg, 0.86s 
mc_idx = 9/100, 耗时 13.86s 
AO iter 1 - EM: NLL=64.1316, 0.13s 
AO iter 1 - LBFGS: NLL=35.9071  mean_cds=9.986e-09  mean_casa=9.609 deg, 0.29s 
AO iter 2 - EM: NLL=11.4378, 0.42s 
AO iter 2 - LBFGS: NLL=1.1302  mean_cds=9.002e-09  mean_casa=9.602 deg, 0.60s 
AO iter 3 - EM: NLL=-1.8884, 0.72s 
AO iter 3 - LBFGS: NLL=-6.1638  mean_cds=8.480e-09  mean_casa=9.596 deg, 0.88s 
mc_idx = 10/100, 耗时 15.40s 
AO iter 1 - EM: NLL=128.3386, 0.13s 
AO iter 1 - LBFGS: NLL=96.8035  mean_cds=1.012e-08  mean_casa=9.091 deg, 0.31s 
AO iter 2 - EM: NLL=84.8282, 0.44s 
AO iter 2 - LBFGS: NLL=75.8769  mean_cds=9.736e-09  mean_casa=9.088 deg, 0.60s 
AO iter 3 - EM: NLL=75.3208, 0.72s 
AO iter 3 - LBFGS: NLL=71.1213  mean_cds=9.604e-09  mean_casa=8.971 deg, 0.87s 
mc_idx = 11/100, 耗时 16.94s 
AO iter 1 - EM: NLL=133.2069, 0.12s 
AO iter 1 - LBFGS: NLL=105.5111  mean_cds=1.061e-08  mean_casa=9.664 deg, 0.29s 
AO iter 2 - EM: NLL=97.4711, 0.42s 
AO iter 2 - LBFGS: NLL=90.4007  mean_cds=1.060e-08  mean_casa=9.959 deg, 0.57s 
AO iter 3 - EM: NLL=88.0309, 0.70s 
AO iter 3 - LBFGS: NLL=84.7862  mean_cds=1.053e-08  mean_casa=10.154 deg, 0.85s 
mc_idx = 12/100, 耗时 18.44s 
AO iter 1 - EM: NLL=249.9528, 0.12s 
AO iter 1 - LBFGS: NLL=212.0185  mean_cds=1.011e-08  mean_casa=10.053 deg, 0.29s 
AO iter 2 - EM: NLL=190.0677, 0.42s 
AO iter 2 - LBFGS: NLL=183.5451  mean_cds=9.750e-09  mean_casa=10.146 deg, 0.59s 
AO iter 3 - EM: NLL=180.1344, 0.71s 
AO iter 3 - LBFGS: NLL=174.7158  mean_cds=9.415e-09  mean_casa=10.521 deg, 0.86s 
mc_idx = 13/100, 耗时 19.97s 
AO iter 1 - EM: NLL=118.0714, 0.12s 
AO iter 1 - LBFGS: NLL=86.1368  mean_cds=1.038e-08  mean_casa=9.408 deg, 0.29s 
AO iter 2 - EM: NLL=71.4991, 0.42s 
AO iter 2 - LBFGS: NLL=63.3720  mean_cds=1.026e-08  mean_casa=9.337 deg, 0.58s 
AO iter 3 - EM: NLL=61.4125, 0.71s 
AO iter 3 - LBFGS: NLL=59.7747  mean_cds=1.031e-08  mean_casa=9.266 deg, 0.87s 
mc_idx = 14/100, 耗时 21.49s 
AO iter 1 - EM: NLL=120.3208, 0.12s 
AO iter 1 - LBFGS: NLL=96.1696  mean_cds=1.058e-08  mean_casa=9.524 deg, 0.29s 
AO iter 2 - EM: NLL=90.4828, 0.42s 
AO iter 2 - LBFGS: NLL=81.1005  mean_cds=1.003e-08  mean_casa=9.400 deg, 0.57s 
AO iter 3 - EM: NLL=78.3121, 0.69s 
AO iter 3 - LBFGS: NLL=76.2159  mean_cds=1.006e-08  mean_casa=9.464 deg, 0.85s 
mc_idx = 15/100, 耗时 23.00s 
AO iter 1 - EM: NLL=227.9399, 0.12s 
AO iter 1 - LBFGS: NLL=200.3291  mean_cds=1.037e-08  mean_casa=9.808 deg, 0.30s 
AO iter 2 - EM: NLL=183.3897, 0.42s 
AO iter 2 - LBFGS: NLL=176.1230  mean_cds=9.953e-09  mean_casa=9.865 deg, 0.57s 
AO iter 3 - EM: NLL=173.9378, 0.70s 
AO iter 3 - LBFGS: NLL=171.1947  mean_cds=9.667e-09  mean_casa=9.948 deg, 0.85s 
mc_idx = 16/100, 耗时 24.51s 
AO iter 1 - EM: NLL=182.7420, 0.12s 
AO iter 1 - LBFGS: NLL=161.5809  mean_cds=1.026e-08  mean_casa=9.389 deg, 0.28s 
AO iter 2 - EM: NLL=137.4413, 0.41s 
AO iter 2 - LBFGS: NLL=133.0658  mean_cds=9.591e-09  mean_casa=9.142 deg, 0.56s 
AO iter 3 - EM: NLL=131.0994, 0.68s 
AO iter 3 - LBFGS: NLL=129.3019  mean_cds=9.407e-09  mean_casa=9.171 deg, 0.83s 
mc_idx = 17/100, 耗时 26.00s 
AO iter 1 - EM: NLL=209.9688, 0.12s 
AO iter 1 - LBFGS: NLL=178.5773  mean_cds=1.055e-08  mean_casa=9.519 deg, 0.29s 
AO iter 2 - EM: NLL=158.8151, 0.42s 
AO iter 2 - LBFGS: NLL=151.5716  mean_cds=1.039e-08  mean_casa=9.525 deg, 0.59s 
AO iter 3 - EM: NLL=146.4121, 0.71s 
AO iter 3 - LBFGS: NLL=142.9338  mean_cds=1.048e-08  mean_casa=9.523 deg, 0.87s 
mc_idx = 18/100, 耗时 27.51s 
AO iter 1 - EM: NLL=146.8464, 0.12s 
AO iter 1 - LBFGS: NLL=108.1608  mean_cds=1.048e-08  mean_casa=9.132 deg, 0.29s 
AO iter 2 - EM: NLL=89.3149, 0.41s 
AO iter 2 - LBFGS: NLL=75.0770  mean_cds=1.037e-08  mean_casa=8.807 deg, 0.57s 
AO iter 3 - EM: NLL=69.8715, 0.69s 
AO iter 3 - LBFGS: NLL=63.1966  mean_cds=1.029e-08  mean_casa=8.866 deg, 0.84s 
mc_idx = 19/100, 耗时 29.03s 
AO iter 1 - EM: NLL=95.4857, 0.12s 
AO iter 1 - LBFGS: NLL=64.7134  mean_cds=1.016e-08  mean_casa=9.080 deg, 0.29s 
AO iter 2 - EM: NLL=47.8653, 0.41s 
AO iter 2 - LBFGS: NLL=44.0412  mean_cds=9.857e-09  mean_casa=9.020 deg, 0.58s 
AO iter 3 - EM: NLL=41.6897, 0.70s 
AO iter 3 - LBFGS: NLL=39.7507  mean_cds=9.634e-09  mean_casa=8.898 deg, 0.85s 
mc_idx = 20/100, 耗时 30.55s 
AO iter 1 - EM: NLL=76.4336, 0.12s 
AO iter 1 - LBFGS: NLL=53.0817  mean_cds=1.043e-08  mean_casa=9.378 deg, 0.30s 
AO iter 2 - EM: NLL=44.2951, 0.42s 
AO iter 2 - LBFGS: NLL=37.2772  mean_cds=1.017e-08  mean_casa=9.371 deg, 0.59s 
AO iter 3 - EM: NLL=33.5574, 0.71s 
AO iter 3 - LBFGS: NLL=25.0260  mean_cds=9.879e-09  mean_casa=9.422 deg, 0.87s 
mc_idx = 21/100, 耗时 32.09s 
AO iter 1 - EM: NLL=138.8572, 0.12s 
AO iter 1 - LBFGS: NLL=110.1947  mean_cds=9.619e-09  mean_casa=9.592 deg, 0.29s 
AO iter 2 - EM: NLL=88.5130, 0.41s 
AO iter 2 - LBFGS: NLL=70.9724  mean_cds=8.868e-09  mean_casa=9.541 deg, 0.59s 
AO iter 3 - EM: NLL=67.9569, 0.72s 
AO iter 3 - LBFGS: NLL=64.7151  mean_cds=8.636e-09  mean_casa=9.597 deg, 0.87s 
mc_idx = 22/100, 耗时 33.63s 
AO iter 1 - EM: NLL=114.1878, 0.12s 
AO iter 1 - LBFGS: NLL=91.8373  mean_cds=1.039e-08  mean_casa=9.645 deg, 0.29s 
AO iter 2 - EM: NLL=77.7918, 0.41s 
AO iter 2 - LBFGS: NLL=61.3085  mean_cds=9.555e-09  mean_casa=9.497 deg, 0.58s 
AO iter 3 - EM: NLL=52.9995, 0.70s 
AO iter 3 - LBFGS: NLL=48.7025  mean_cds=9.205e-09  mean_casa=9.730 deg, 0.86s 
mc_idx = 23/100, 耗时 35.16s 
AO iter 1 - EM: NLL=112.3784, 0.12s 
AO iter 1 - LBFGS: NLL=88.8838  mean_cds=1.048e-08  mean_casa=9.514 deg, 0.29s 
AO iter 2 - EM: NLL=73.3234, 0.41s 
AO iter 2 - LBFGS: NLL=63.4813  mean_cds=9.933e-09  mean_casa=9.230 deg, 0.58s 
AO iter 3 - EM: NLL=60.6405, 0.70s 
AO iter 3 - LBFGS: NLL=59.2003  mean_cds=9.854e-09  mean_casa=9.193 deg, 0.86s 
mc_idx = 24/100, 耗时 36.68s 
AO iter 1 - EM: NLL=137.0413, 0.12s 
AO iter 1 - LBFGS: NLL=110.5995  mean_cds=1.038e-08  mean_casa=9.462 deg, 0.29s 
AO iter 2 - EM: NLL=95.9876, 0.41s 
AO iter 2 - LBFGS: NLL=86.1108  mean_cds=9.898e-09  mean_casa=9.146 deg, 0.57s 
AO iter 3 - EM: NLL=83.5900, 0.70s 
AO iter 3 - LBFGS: NLL=80.0454  mean_cds=9.658e-09  mean_casa=9.071 deg, 0.85s 
mc_idx = 25/100, 耗时 38.19s 
AO iter 1 - EM: NLL=44.1157, 0.12s 
AO iter 1 - LBFGS: NLL=18.9614  mean_cds=1.048e-08  mean_casa=9.342 deg, 0.29s 
AO iter 2 - EM: NLL=14.1091, 0.41s 
AO iter 2 - LBFGS: NLL=5.1420  mean_cds=1.019e-08  mean_casa=9.379 deg, 0.57s 
AO iter 3 - EM: NLL=0.1382, 0.70s 
AO iter 3 - LBFGS: NLL=-6.3623  mean_cds=9.699e-09  mean_casa=9.454 deg, 0.86s 
mc_idx = 26/100, 耗时 39.71s 
AO iter 1 - EM: NLL=84.6311, 0.12s 
AO iter 1 - LBFGS: NLL=49.8664  mean_cds=1.042e-08  mean_casa=9.240 deg, 0.30s 
AO iter 2 - EM: NLL=18.1987, 0.43s 
AO iter 2 - LBFGS: NLL=6.8783  mean_cds=9.803e-09  mean_casa=9.072 deg, 0.60s 
AO iter 3 - EM: NLL=4.5785, 0.73s 
AO iter 3 - LBFGS: NLL=3.6746  mean_cds=9.803e-09  mean_casa=9.011 deg, 0.89s 
mc_idx = 27/100, 耗时 41.27s 
AO iter 1 - EM: NLL=99.8313, 0.12s 
AO iter 1 - LBFGS: NLL=80.1761  mean_cds=9.819e-09  mean_casa=9.837 deg, 0.30s 
AO iter 2 - EM: NLL=67.5257, 0.42s 
AO iter 2 - LBFGS: NLL=56.9940  mean_cds=9.414e-09  mean_casa=10.084 deg, 0.59s 
AO iter 3 - EM: NLL=52.6513, 0.72s 
AO iter 3 - LBFGS: NLL=46.7126  mean_cds=9.031e-09  mean_casa=10.414 deg, 0.88s 
mc_idx = 28/100, 耗时 42.81s 
AO iter 1 - EM: NLL=120.8391, 0.12s 
AO iter 1 - LBFGS: NLL=102.3338  mean_cds=1.029e-08  mean_casa=9.673 deg, 0.28s 
AO iter 2 - EM: NLL=94.1714, 0.40s 
AO iter 2 - LBFGS: NLL=81.7594  mean_cds=9.231e-09  mean_casa=9.808 deg, 0.57s 
AO iter 3 - EM: NLL=76.8309, 0.70s 
AO iter 3 - LBFGS: NLL=74.1715  mean_cds=9.149e-09  mean_casa=9.879 deg, 0.86s 
mc_idx = 29/100, 耗时 44.34s 
AO iter 1 - EM: NLL=129.7345, 0.12s 
AO iter 1 - LBFGS: NLL=103.4237  mean_cds=9.140e-09  mean_casa=9.632 deg, 0.30s 
AO iter 2 - EM: NLL=90.8717, 0.42s 
AO iter 2 - LBFGS: NLL=73.1733  mean_cds=8.583e-09  mean_casa=9.616 deg, 0.59s 
AO iter 3 - EM: NLL=68.6313, 0.72s 
AO iter 3 - LBFGS: NLL=65.5575  mean_cds=8.388e-09  mean_casa=9.566 deg, 0.89s 
mc_idx = 30/100, 耗时 45.89s 
AO iter 1 - EM: NLL=127.9345, 0.12s 
AO iter 1 - LBFGS: NLL=90.9720  mean_cds=9.914e-09  mean_casa=9.641 deg, 0.29s 
AO iter 2 - EM: NLL=74.6506, 0.42s 
AO iter 2 - LBFGS: NLL=59.6968  mean_cds=8.575e-09  mean_casa=10.424 deg, 0.58s 
AO iter 3 - EM: NLL=56.4051, 0.71s 
AO iter 3 - LBFGS: NLL=52.6277  mean_cds=8.289e-09  mean_casa=10.550 deg, 0.86s 
mc_idx = 31/100, 耗时 47.42s 
AO iter 1 - EM: NLL=147.5449, 0.12s 
AO iter 1 - LBFGS: NLL=119.5309  mean_cds=1.024e-08  mean_casa=9.609 deg, 0.29s 
AO iter 2 - EM: NLL=84.8541, 0.42s 
AO iter 2 - LBFGS: NLL=80.6906  mean_cds=1.006e-08  mean_casa=9.437 deg, 0.59s 
AO iter 3 - EM: NLL=77.0791, 0.72s 
AO iter 3 - LBFGS: NLL=74.4935  mean_cds=9.871e-09  mean_casa=9.233 deg, 0.88s 
mc_idx = 32/100, 耗时 48.96s 
AO iter 1 - EM: NLL=90.5183, 0.12s 
AO iter 1 - LBFGS: NLL=57.0951  mean_cds=9.728e-09  mean_casa=9.189 deg, 0.29s 
AO iter 2 - EM: NLL=42.6273, 0.42s 
AO iter 2 - LBFGS: NLL=34.5013  mean_cds=9.063e-09  mean_casa=8.985 deg, 0.58s 
AO iter 3 - EM: NLL=31.0778, 0.70s 
AO iter 3 - LBFGS: NLL=26.7006  mean_cds=8.437e-09  mean_casa=8.715 deg, 0.86s 
mc_idx = 33/100, 耗时 50.48s 
AO iter 1 - EM: NLL=119.1361, 0.12s 
AO iter 1 - LBFGS: NLL=95.1448  mean_cds=1.061e-08  mean_casa=9.525 deg, 0.32s 
AO iter 2 - EM: NLL=72.6100, 0.44s 
AO iter 2 - LBFGS: NLL=68.2562  mean_cds=1.031e-08  mean_casa=9.616 deg, 0.61s 
AO iter 3 - EM: NLL=63.1385, 0.74s 
AO iter 3 - LBFGS: NLL=57.1045  mean_cds=9.820e-09  mean_casa=9.841 deg, 0.90s 
mc_idx = 34/100, 耗时 52.03s 
AO iter 1 - EM: NLL=124.6534, 0.12s 
AO iter 1 - LBFGS: NLL=91.9021  mean_cds=9.500e-09  mean_casa=9.554 deg, 0.30s 
AO iter 2 - EM: NLL=59.0411, 0.42s 
AO iter 2 - LBFGS: NLL=49.6285  mean_cds=9.248e-09  mean_casa=9.354 deg, 0.59s 
AO iter 3 - EM: NLL=46.4013, 0.72s 
AO iter 3 - LBFGS: NLL=43.5885  mean_cds=9.008e-09  mean_casa=9.289 deg, 0.87s 
mc_idx = 35/100, 耗时 53.58s 
AO iter 1 - EM: NLL=92.1122, 0.12s 
AO iter 1 - LBFGS: NLL=57.3310  mean_cds=1.003e-08  mean_casa=9.483 deg, 0.30s 
AO iter 2 - EM: NLL=39.4016, 0.42s 
AO iter 2 - LBFGS: NLL=28.0908  mean_cds=9.467e-09  mean_casa=9.258 deg, 0.59s 
AO iter 3 - EM: NLL=25.6970, 0.71s 
AO iter 3 - LBFGS: NLL=22.4468  mean_cds=9.420e-09  mean_casa=9.345 deg, 0.86s 
mc_idx = 36/100, 耗时 55.10s 
AO iter 1 - EM: NLL=111.1999, 0.12s 
AO iter 1 - LBFGS: NLL=80.1489  mean_cds=1.024e-08  mean_casa=9.291 deg, 0.30s 
AO iter 2 - EM: NLL=57.8337, 0.43s 
AO iter 2 - LBFGS: NLL=51.6414  mean_cds=9.777e-09  mean_casa=9.081 deg, 0.58s 
AO iter 3 - EM: NLL=48.0805, 0.70s 
AO iter 3 - LBFGS: NLL=44.4782  mean_cds=9.526e-09  mean_casa=9.099 deg, 0.87s 
mc_idx = 37/100, 耗时 56.62s 
AO iter 1 - EM: NLL=123.5210, 0.13s 
AO iter 1 - LBFGS: NLL=99.8986  mean_cds=1.017e-08  mean_casa=9.314 deg, 0.29s 
AO iter 2 - EM: NLL=81.1255, 0.42s 
AO iter 2 - LBFGS: NLL=71.8367  mean_cds=9.154e-09  mean_casa=9.390 deg, 0.58s 
AO iter 3 - EM: NLL=66.7140, 0.71s 
AO iter 3 - LBFGS: NLL=63.7851  mean_cds=9.052e-09  mean_casa=9.149 deg, 0.87s 
mc_idx = 38/100, 耗时 58.16s 
AO iter 1 - EM: NLL=125.8574, 0.12s 
AO iter 1 - LBFGS: NLL=99.6081  mean_cds=1.037e-08  mean_casa=9.441 deg, 0.29s 
AO iter 2 - EM: NLL=79.4339, 0.41s 
AO iter 2 - LBFGS: NLL=73.9078  mean_cds=1.010e-08  mean_casa=9.237 deg, 0.57s 
AO iter 3 - EM: NLL=71.2496, 0.69s 
AO iter 3 - LBFGS: NLL=68.5580  mean_cds=9.853e-09  mean_casa=9.160 deg, 0.85s 
mc_idx = 39/100, 耗时 59.66s 
AO iter 1 - EM: NLL=113.3673, 0.12s 
AO iter 1 - LBFGS: NLL=89.5820  mean_cds=9.939e-09  mean_casa=9.639 deg, 0.28s 
AO iter 2 - EM: NLL=80.2832, 0.41s 
AO iter 2 - LBFGS: NLL=65.5024  mean_cds=8.970e-09  mean_casa=10.117 deg, 0.56s 
AO iter 3 - EM: NLL=60.7045, 0.68s 
AO iter 3 - LBFGS: NLL=57.1889  mean_cds=8.687e-09  mean_casa=10.402 deg, 0.86s 
mc_idx = 40/100, 耗时 61.18s 
AO iter 1 - EM: NLL=133.5611, 0.12s 
AO iter 1 - LBFGS: NLL=119.1092  mean_cds=1.032e-08  mean_casa=9.570 deg, 0.29s 
AO iter 2 - EM: NLL=106.7787, 0.41s 
AO iter 2 - LBFGS: NLL=97.5685  mean_cds=9.590e-09  mean_casa=9.436 deg, 0.56s 
AO iter 3 - EM: NLL=94.2598, 0.68s 
AO iter 3 - LBFGS: NLL=92.6493  mean_cds=9.530e-09  mean_casa=9.439 deg, 0.84s 
mc_idx = 41/100, 耗时 62.68s 
AO iter 1 - EM: NLL=124.3547, 0.12s 
AO iter 1 - LBFGS: NLL=108.0135  mean_cds=1.045e-08  mean_casa=9.807 deg, 0.29s 
AO iter 2 - EM: NLL=100.1173, 0.41s 
AO iter 2 - LBFGS: NLL=81.4455  mean_cds=9.010e-09  mean_casa=10.071 deg, 0.57s 
AO iter 3 - EM: NLL=74.4926, 0.69s 
AO iter 3 - LBFGS: NLL=72.9141  mean_cds=8.927e-09  mean_casa=10.144 deg, 0.87s 
mc_idx = 42/100, 耗时 64.22s 
AO iter 1 - EM: NLL=156.6793, 0.13s 
AO iter 1 - LBFGS: NLL=126.1284  mean_cds=1.024e-08  mean_casa=9.521 deg, 0.32s 
AO iter 2 - EM: NLL=107.1723, 0.44s 
AO iter 2 - LBFGS: NLL=99.9162  mean_cds=9.894e-09  mean_casa=9.858 deg, 0.60s 
AO iter 3 - EM: NLL=95.5898, 0.72s 
AO iter 3 - LBFGS: NLL=86.1278  mean_cds=9.172e-09  mean_casa=10.866 deg, 0.87s 
mc_idx = 43/100, 耗时 65.74s 
AO iter 1 - EM: NLL=128.7757, 0.13s 
AO iter 1 - LBFGS: NLL=77.2137  mean_cds=9.860e-09  mean_casa=9.186 deg, 0.29s 
AO iter 2 - EM: NLL=44.0751, 0.41s 
AO iter 2 - LBFGS: NLL=36.2513  mean_cds=9.716e-09  mean_casa=9.432 deg, 0.57s 
AO iter 3 - EM: NLL=31.8993, 0.70s 
AO iter 3 - LBFGS: NLL=29.4974  mean_cds=9.681e-09  mean_casa=9.660 deg, 0.85s 
mc_idx = 44/100, 耗时 67.26s 
AO iter 1 - EM: NLL=68.9471, 0.12s 
AO iter 1 - LBFGS: NLL=21.3652  mean_cds=9.093e-09  mean_casa=9.064 deg, 0.29s 
AO iter 2 - EM: NLL=8.0620, 0.41s 
AO iter 2 - LBFGS: NLL=-0.6484  mean_cds=9.036e-09  mean_casa=9.295 deg, 0.58s 
AO iter 3 - EM: NLL=-4.0213, 0.71s 
AO iter 3 - LBFGS: NLL=-8.7545  mean_cds=9.021e-09  mean_casa=9.543 deg, 0.86s 
mc_idx = 45/100, 耗时 68.77s 
AO iter 1 - EM: NLL=126.2032, 0.12s 
AO iter 1 - LBFGS: NLL=111.8868  mean_cds=1.058e-08  mean_casa=9.744 deg, 0.29s 
AO iter 2 - EM: NLL=99.5281, 0.41s 
AO iter 2 - LBFGS: NLL=92.7745  mean_cds=1.007e-08  mean_casa=9.835 deg, 0.57s 
AO iter 3 - EM: NLL=87.8370, 0.69s 
AO iter 3 - LBFGS: NLL=85.7112  mean_cds=9.925e-09  mean_casa=9.834 deg, 0.87s 
mc_idx = 46/100, 耗时 70.31s 
AO iter 1 - EM: NLL=108.9129, 0.12s 
AO iter 1 - LBFGS: NLL=86.0858  mean_cds=1.054e-08  mean_casa=9.543 deg, 0.30s 
AO iter 2 - EM: NLL=79.3823, 0.42s 
AO iter 2 - LBFGS: NLL=64.1584  mean_cds=1.001e-08  mean_casa=9.425 deg, 0.57s 
AO iter 3 - EM: NLL=60.7568, 0.70s 
AO iter 3 - LBFGS: NLL=56.7632  mean_cds=9.927e-09  mean_casa=9.362 deg, 0.86s 
mc_idx = 47/100, 耗时 71.83s 
AO iter 1 - EM: NLL=114.6359, 0.12s 
AO iter 1 - LBFGS: NLL=87.9851  mean_cds=1.013e-08  mean_casa=9.690 deg, 0.30s 
AO iter 2 - EM: NLL=77.8446, 0.43s 
AO iter 2 - LBFGS: NLL=66.9028  mean_cds=9.711e-09  mean_casa=10.249 deg, 0.58s 
AO iter 3 - EM: NLL=61.9020, 0.70s 
AO iter 3 - LBFGS: NLL=57.1773  mean_cds=9.614e-09  mean_casa=10.262 deg, 0.87s 
mc_idx = 48/100, 耗时 73.37s 
AO iter 1 - EM: NLL=63.0066, 0.12s 
AO iter 1 - LBFGS: NLL=40.1685  mean_cds=1.029e-08  mean_casa=9.254 deg, 0.29s 
AO iter 2 - EM: NLL=30.8913, 0.41s 
AO iter 2 - LBFGS: NLL=21.7445  mean_cds=9.479e-09  mean_casa=8.666 deg, 0.57s 
AO iter 3 - EM: NLL=19.4383, 0.69s 
AO iter 3 - LBFGS: NLL=16.9475  mean_cds=9.351e-09  mean_casa=8.492 deg, 0.85s 
mc_idx = 49/100, 耗时 74.90s 
AO iter 1 - EM: NLL=131.7751, 0.12s 
AO iter 1 - LBFGS: NLL=113.5059  mean_cds=1.032e-08  mean_casa=9.706 deg, 0.29s 
AO iter 2 - EM: NLL=102.5305, 0.41s 
AO iter 2 - LBFGS: NLL=82.5594  mean_cds=9.542e-09  mean_casa=10.293 deg, 0.57s 
AO iter 3 - EM: NLL=80.4220, 0.69s 
AO iter 3 - LBFGS: NLL=77.4600  mean_cds=9.424e-09  mean_casa=10.210 deg, 0.85s 
mc_idx = 50/100, 耗时 76.40s 
AO iter 1 - EM: NLL=98.4489, 0.12s 
AO iter 1 - LBFGS: NLL=76.5523  mean_cds=1.048e-08  mean_casa=9.483 deg, 0.31s 
AO iter 2 - EM: NLL=62.4599, 0.44s 
AO iter 2 - LBFGS: NLL=47.1144  mean_cds=9.592e-09  mean_casa=8.972 deg, 0.59s 
AO iter 3 - EM: NLL=42.4227, 0.71s 
AO iter 3 - LBFGS: NLL=36.7078  mean_cds=9.196e-09  mean_casa=8.718 deg, 0.87s 
mc_idx = 51/100, 耗时 77.94s 
AO iter 1 - EM: NLL=147.6859, 0.12s 
AO iter 1 - LBFGS: NLL=121.0578  mean_cds=1.002e-08  mean_casa=9.342 deg, 0.30s 
AO iter 2 - EM: NLL=100.8524, 0.43s 
AO iter 2 - LBFGS: NLL=90.7098  mean_cds=9.571e-09  mean_casa=9.200 deg, 0.61s 
AO iter 3 - EM: NLL=85.7138, 0.73s 
AO iter 3 - LBFGS: NLL=79.0451  mean_cds=9.182e-09  mean_casa=9.175 deg, 0.89s 
mc_idx = 52/100, 耗时 79.51s 
AO iter 1 - EM: NLL=87.1117, 0.12s 
AO iter 1 - LBFGS: NLL=57.4150  mean_cds=1.034e-08  mean_casa=9.599 deg, 0.29s 
AO iter 2 - EM: NLL=47.3167, 0.41s 
AO iter 2 - LBFGS: NLL=27.6025  mean_cds=9.649e-09  mean_casa=9.370 deg, 0.57s 
AO iter 3 - EM: NLL=22.3035, 0.69s 
AO iter 3 - LBFGS: NLL=19.6521  mean_cds=9.558e-09  mean_casa=9.405 deg, 0.85s 
mc_idx = 53/100, 耗时 81.02s 
AO iter 1 - EM: NLL=45.4976, 0.12s 
AO iter 1 - LBFGS: NLL=23.1421  mean_cds=1.024e-08  mean_casa=9.668 deg, 0.30s 
AO iter 2 - EM: NLL=8.5008, 0.42s 
AO iter 2 - LBFGS: NLL=-0.9088  mean_cds=9.705e-09  mean_casa=9.672 deg, 0.58s 
AO iter 3 - EM: NLL=-5.0667, 0.71s 
AO iter 3 - LBFGS: NLL=-9.3440  mean_cds=9.352e-09  mean_casa=9.572 deg, 0.88s 
mc_idx = 54/100, 耗时 82.56s 
AO iter 1 - EM: NLL=56.3723, 0.12s 
AO iter 1 - LBFGS: NLL=35.8028  mean_cds=1.006e-08  mean_casa=9.601 deg, 0.28s 
AO iter 2 - EM: NLL=26.6439, 0.40s 
AO iter 2 - LBFGS: NLL=22.1362  mean_cds=9.586e-09  mean_casa=9.792 deg, 0.56s 
AO iter 3 - EM: NLL=20.3281, 0.68s 
AO iter 3 - LBFGS: NLL=18.0018  mean_cds=9.361e-09  mean_casa=9.831 deg, 0.84s 
mc_idx = 55/100, 耗时 84.05s 
AO iter 1 - EM: NLL=162.0057, 0.12s 
AO iter 1 - LBFGS: NLL=130.3717  mean_cds=1.049e-08  mean_casa=9.316 deg, 0.29s 
AO iter 2 - EM: NLL=120.5382, 0.41s 
AO iter 2 - LBFGS: NLL=111.1337  mean_cds=1.010e-08  mean_casa=9.318 deg, 0.57s 
AO iter 3 - EM: NLL=107.5404, 0.69s 
AO iter 3 - LBFGS: NLL=102.2968  mean_cds=9.820e-09  mean_casa=9.168 deg, 0.85s 
mc_idx = 56/100, 耗时 85.56s 
AO iter 1 - EM: NLL=162.2475, 0.12s 
AO iter 1 - LBFGS: NLL=129.7883  mean_cds=1.010e-08  mean_casa=9.638 deg, 0.30s 
AO iter 2 - EM: NLL=83.3312, 0.43s 
AO iter 2 - LBFGS: NLL=79.1175  mean_cds=9.939e-09  mean_casa=9.718 deg, 0.58s 
AO iter 3 - EM: NLL=73.7654, 0.71s 
AO iter 3 - LBFGS: NLL=66.2948  mean_cds=9.774e-09  mean_casa=9.779 deg, 0.86s 
mc_idx = 57/100, 耗时 87.09s 
AO iter 1 - EM: NLL=131.0376, 0.12s 
AO iter 1 - LBFGS: NLL=96.4392  mean_cds=1.060e-08  mean_casa=9.358 deg, 0.29s 
AO iter 2 - EM: NLL=81.7813, 0.42s 
AO iter 2 - LBFGS: NLL=66.5629  mean_cds=1.033e-08  mean_casa=9.102 deg, 0.58s 
AO iter 3 - EM: NLL=61.5041, 0.70s 
AO iter 3 - LBFGS: NLL=57.1455  mean_cds=1.008e-08  mean_casa=9.098 deg, 0.87s 
mc_idx = 58/100, 耗时 88.61s 
AO iter 1 - EM: NLL=53.9477, 0.12s 
AO iter 1 - LBFGS: NLL=20.2726  mean_cds=9.984e-09  mean_casa=8.916 deg, 0.29s 
AO iter 2 - EM: NLL=4.7333, 0.42s 
AO iter 2 - LBFGS: NLL=-2.1964  mean_cds=9.679e-09  mean_casa=8.841 deg, 0.58s 
AO iter 3 - EM: NLL=-3.7597, 0.71s 
AO iter 3 - LBFGS: NLL=-6.9743  mean_cds=9.072e-09  mean_casa=8.476 deg, 0.87s 
mc_idx = 59/100, 耗时 90.15s 
AO iter 1 - EM: NLL=114.2271, 0.13s 
AO iter 1 - LBFGS: NLL=85.3456  mean_cds=1.016e-08  mean_casa=8.852 deg, 0.29s 
AO iter 2 - EM: NLL=71.2589, 0.42s 
AO iter 2 - LBFGS: NLL=54.7966  mean_cds=1.055e-08  mean_casa=8.874 deg, 0.57s 
AO iter 3 - EM: NLL=51.1429, 0.70s 
AO iter 3 - LBFGS: NLL=49.4942  mean_cds=1.062e-08  mean_casa=8.744 deg, 0.85s 
mc_idx = 60/100, 耗时 91.67s 
AO iter 1 - EM: NLL=77.0606, 0.12s 
AO iter 1 - LBFGS: NLL=56.6774  mean_cds=1.023e-08  mean_casa=9.444 deg, 0.28s 
AO iter 2 - EM: NLL=50.8372, 0.41s 
AO iter 2 - LBFGS: NLL=39.1604  mean_cds=9.121e-09  mean_casa=9.295 deg, 0.57s 
AO iter 3 - EM: NLL=37.3440, 0.69s 
AO iter 3 - LBFGS: NLL=34.0580  mean_cds=8.979e-09  mean_casa=9.260 deg, 0.85s 
mc_idx = 61/100, 耗时 93.19s 
AO iter 1 - EM: NLL=171.0771, 0.12s 
AO iter 1 - LBFGS: NLL=154.7085  mean_cds=1.056e-08  mean_casa=9.832 deg, 0.29s 
AO iter 2 - EM: NLL=145.3974, 0.41s 
AO iter 2 - LBFGS: NLL=130.6368  mean_cds=1.002e-08  mean_casa=9.890 deg, 0.58s 
AO iter 3 - EM: NLL=126.0089, 0.70s 
AO iter 3 - LBFGS: NLL=121.1845  mean_cds=9.959e-09  mean_casa=9.974 deg, 0.86s 
mc_idx = 62/100, 耗时 94.71s 
AO iter 1 - EM: NLL=121.4054, 0.13s 
AO iter 1 - LBFGS: NLL=96.1203  mean_cds=1.034e-08  mean_casa=9.373 deg, 0.29s 
AO iter 2 - EM: NLL=85.0424, 0.41s 
AO iter 2 - LBFGS: NLL=70.8462  mean_cds=1.000e-08  mean_casa=9.262 deg, 0.57s 
AO iter 3 - EM: NLL=67.6159, 0.70s 
AO iter 3 - LBFGS: NLL=64.8189  mean_cds=9.913e-09  mean_casa=9.157 deg, 0.85s 
mc_idx = 63/100, 耗时 96.24s 
AO iter 1 - EM: NLL=108.0723, 0.12s 
AO iter 1 - LBFGS: NLL=88.0775  mean_cds=1.045e-08  mean_casa=9.584 deg, 0.29s 
AO iter 2 - EM: NLL=78.8564, 0.41s 
AO iter 2 - LBFGS: NLL=74.3778  mean_cds=1.031e-08  mean_casa=9.456 deg, 0.57s 
AO iter 3 - EM: NLL=71.5227, 0.69s 
AO iter 3 - LBFGS: NLL=66.7085  mean_cds=1.003e-08  mean_casa=9.279 deg, 0.84s 
mc_idx = 64/100, 耗时 97.75s 
AO iter 1 - EM: NLL=178.8904, 0.12s 
AO iter 1 - LBFGS: NLL=162.4200  mean_cds=1.060e-08  mean_casa=9.799 deg, 0.29s 
AO iter 2 - EM: NLL=153.5646, 0.42s 
AO iter 2 - LBFGS: NLL=148.7020  mean_cds=1.044e-08  mean_casa=9.744 deg, 0.58s 
AO iter 3 - EM: NLL=145.3152, 0.71s 
AO iter 3 - LBFGS: NLL=141.6228  mean_cds=1.027e-08  mean_casa=9.777 deg, 0.86s 
mc_idx = 65/100, 耗时 99.27s 
AO iter 1 - EM: NLL=132.4231, 0.12s 
AO iter 1 - LBFGS: NLL=94.9449  mean_cds=1.028e-08  mean_casa=9.354 deg, 0.30s 
AO iter 2 - EM: NLL=79.9914, 0.42s 
AO iter 2 - LBFGS: NLL=69.8529  mean_cds=9.541e-09  mean_casa=9.235 deg, 0.58s 
AO iter 3 - EM: NLL=66.1887, 0.70s 
AO iter 3 - LBFGS: NLL=57.0551  mean_cds=8.811e-09  mean_casa=9.389 deg, 0.86s 
mc_idx = 66/100, 耗时 100.82s 
AO iter 1 - EM: NLL=89.9698, 0.12s 
AO iter 1 - LBFGS: NLL=56.2682  mean_cds=9.872e-09  mean_casa=9.748 deg, 0.29s 
AO iter 2 - EM: NLL=49.5176, 0.41s 
AO iter 2 - LBFGS: NLL=46.2765  mean_cds=9.609e-09  mean_casa=10.073 deg, 0.58s 
AO iter 3 - EM: NLL=45.1396, 0.70s 
AO iter 3 - LBFGS: NLL=41.9088  mean_cds=9.425e-09  mean_casa=10.497 deg, 0.85s 
mc_idx = 67/100, 耗时 102.34s 
AO iter 1 - EM: NLL=98.9692, 0.13s 
AO iter 1 - LBFGS: NLL=75.5534  mean_cds=1.040e-08  mean_casa=9.213 deg, 0.29s 
AO iter 2 - EM: NLL=63.7918, 0.41s 
AO iter 2 - LBFGS: NLL=54.6972  mean_cds=9.927e-09  mean_casa=9.329 deg, 0.57s 
AO iter 3 - EM: NLL=49.9545, 0.70s 
AO iter 3 - LBFGS: NLL=40.9272  mean_cds=9.502e-09  mean_casa=9.324 deg, 0.86s 
mc_idx = 68/100, 耗时 103.86s 
AO iter 1 - EM: NLL=130.7397, 0.12s 
AO iter 1 - LBFGS: NLL=111.9037  mean_cds=1.051e-08  mean_casa=9.844 deg, 0.30s 
AO iter 2 - EM: NLL=104.4935, 0.42s 
AO iter 2 - LBFGS: NLL=96.5356  mean_cds=1.018e-08  mean_casa=10.133 deg, 0.59s 
AO iter 3 - EM: NLL=92.4628, 0.72s 
AO iter 3 - LBFGS: NLL=88.6487  mean_cds=9.982e-09  mean_casa=10.260 deg, 0.88s 
mc_idx = 69/100, 耗时 105.39s 
AO iter 1 - EM: NLL=79.9756, 0.12s 
AO iter 1 - LBFGS: NLL=61.8243  mean_cds=1.064e-08  mean_casa=9.387 deg, 0.28s 
AO iter 2 - EM: NLL=54.1520, 0.41s 
AO iter 2 - LBFGS: NLL=46.4119  mean_cds=1.027e-08  mean_casa=9.129 deg, 0.57s 
AO iter 3 - EM: NLL=45.0794, 0.69s 
AO iter 3 - LBFGS: NLL=43.5381  mean_cds=1.028e-08  mean_casa=9.081 deg, 0.85s 
mc_idx = 70/100, 耗时 106.90s 
AO iter 1 - EM: NLL=116.7887, 0.12s 
AO iter 1 - LBFGS: NLL=83.0554  mean_cds=1.039e-08  mean_casa=9.479 deg, 0.29s 
AO iter 2 - EM: NLL=74.1910, 0.41s 
AO iter 2 - LBFGS: NLL=62.7668  mean_cds=9.706e-09  mean_casa=9.229 deg, 0.56s 
AO iter 3 - EM: NLL=57.5027, 0.68s 
AO iter 3 - LBFGS: NLL=56.3181  mean_cds=9.749e-09  mean_casa=9.274 deg, 0.84s 
mc_idx = 71/100, 耗时 108.39s 
AO iter 1 - EM: NLL=141.0299, 0.12s 
AO iter 1 - LBFGS: NLL=113.2261  mean_cds=1.070e-08  mean_casa=9.626 deg, 0.30s 
AO iter 2 - EM: NLL=104.6266, 0.42s 
AO iter 2 - LBFGS: NLL=95.3660  mean_cds=1.060e-08  mean_casa=9.570 deg, 0.58s 
AO iter 3 - EM: NLL=94.2473, 0.70s 
AO iter 3 - LBFGS: NLL=91.4701  mean_cds=1.047e-08  mean_casa=9.649 deg, 0.86s 
mc_idx = 72/100, 耗时 109.92s 
AO iter 1 - EM: NLL=194.8325, 0.12s 
AO iter 1 - LBFGS: NLL=164.7938  mean_cds=9.844e-09  mean_casa=9.677 deg, 0.29s 
AO iter 2 - EM: NLL=135.3924, 0.41s 
AO iter 2 - LBFGS: NLL=123.1783  mean_cds=9.238e-09  mean_casa=9.934 deg, 0.58s 
AO iter 3 - EM: NLL=117.1322, 0.70s 
AO iter 3 - LBFGS: NLL=108.9749  mean_cds=8.663e-09  mean_casa=10.416 deg, 0.86s 
mc_idx = 73/100, 耗时 111.44s 
AO iter 1 - EM: NLL=119.7351, 0.12s 
AO iter 1 - LBFGS: NLL=101.3988  mean_cds=1.010e-08  mean_casa=9.815 deg, 0.28s 
AO iter 2 - EM: NLL=83.7742, 0.41s 
AO iter 2 - LBFGS: NLL=74.8210  mean_cds=9.681e-09  mean_casa=9.975 deg, 0.57s 
AO iter 3 - EM: NLL=70.7904, 0.69s 
AO iter 3 - LBFGS: NLL=65.7356  mean_cds=9.180e-09  mean_casa=10.094 deg, 0.85s 
mc_idx = 74/100, 耗时 112.95s 
AO iter 1 - EM: NLL=66.9232, 0.12s 
AO iter 1 - LBFGS: NLL=36.0416  mean_cds=9.870e-09  mean_casa=9.299 deg, 0.29s 
AO iter 2 - EM: NLL=16.3228, 0.41s 
AO iter 2 - LBFGS: NLL=5.4568  mean_cds=9.352e-09  mean_casa=9.341 deg, 0.58s 
AO iter 3 - EM: NLL=2.2715, 0.70s 
AO iter 3 - LBFGS: NLL=-7.3067  mean_cds=8.394e-09  mean_casa=9.587 deg, 0.86s 
mc_idx = 75/100, 耗时 114.47s 
AO iter 1 - EM: NLL=126.7826, 0.12s 
AO iter 1 - LBFGS: NLL=47.6464  mean_cds=1.037e-08  mean_casa=9.327 deg, 0.31s 
AO iter 2 - EM: NLL=31.5994, 0.43s 
AO iter 2 - LBFGS: NLL=13.8721  mean_cds=9.948e-09  mean_casa=9.135 deg, 0.60s 
AO iter 3 - EM: NLL=10.0974, 0.73s 
AO iter 3 - LBFGS: NLL=5.1205  mean_cds=9.817e-09  mean_casa=9.079 deg, 0.88s 
mc_idx = 76/100, 耗时 116.02s 
AO iter 1 - EM: NLL=-6.1504, 0.12s 
AO iter 1 - LBFGS: NLL=-25.5162  mean_cds=1.025e-08  mean_casa=9.568 deg, 0.30s 
AO iter 2 - EM: NLL=-38.3444, 0.42s 
AO iter 2 - LBFGS: NLL=-53.2254  mean_cds=8.630e-09  mean_casa=10.327 deg, 0.58s 
AO iter 3 - EM: NLL=-57.2726, 0.70s 
AO iter 3 - LBFGS: NLL=-59.9288  mean_cds=8.420e-09  mean_casa=10.444 deg, 0.85s 
mc_idx = 77/100, 耗时 117.52s 
AO iter 1 - EM: NLL=107.2551, 0.12s 
AO iter 1 - LBFGS: NLL=87.0323  mean_cds=1.020e-08  mean_casa=9.678 deg, 0.30s 
AO iter 2 - EM: NLL=70.4883, 0.42s 
AO iter 2 - LBFGS: NLL=58.9082  mean_cds=9.377e-09  mean_casa=9.588 deg, 0.58s 
AO iter 3 - EM: NLL=54.0545, 0.70s 
AO iter 3 - LBFGS: NLL=50.8928  mean_cds=9.255e-09  mean_casa=9.416 deg, 0.87s 
mc_idx = 78/100, 耗时 119.05s 
AO iter 1 - EM: NLL=64.9619, 0.12s 
AO iter 1 - LBFGS: NLL=34.5318  mean_cds=1.027e-08  mean_casa=9.660 deg, 0.29s 
AO iter 2 - EM: NLL=24.9119, 0.42s 
AO iter 2 - LBFGS: NLL=2.4656  mean_cds=9.358e-09  mean_casa=10.322 deg, 0.58s 
AO iter 3 - EM: NLL=0.6816, 0.70s 
AO iter 3 - LBFGS: NLL=-5.2529  mean_cds=9.156e-09  mean_casa=10.220 deg, 0.85s 
mc_idx = 79/100, 耗时 120.57s 
AO iter 1 - EM: NLL=208.3401, 0.12s 
AO iter 1 - LBFGS: NLL=182.9710  mean_cds=1.012e-08  mean_casa=9.458 deg, 0.29s 
AO iter 2 - EM: NLL=148.8739, 0.41s 
AO iter 2 - LBFGS: NLL=135.8897  mean_cds=9.404e-09  mean_casa=10.569 deg, 0.57s 
AO iter 3 - EM: NLL=135.0095, 0.70s 
AO iter 3 - LBFGS: NLL=132.2455  mean_cds=9.453e-09  mean_casa=10.630 deg, 0.87s 
mc_idx = 80/100, 耗时 122.10s 
AO iter 1 - EM: NLL=160.5811, 0.12s 
AO iter 1 - LBFGS: NLL=127.4076  mean_cds=1.003e-08  mean_casa=9.292 deg, 0.29s 
AO iter 2 - EM: NLL=108.9457, 0.42s 
AO iter 2 - LBFGS: NLL=102.8113  mean_cds=9.576e-09  mean_casa=9.207 deg, 0.57s 
AO iter 3 - EM: NLL=97.5072, 0.70s 
AO iter 3 - LBFGS: NLL=94.3288  mean_cds=9.284e-09  mean_casa=9.191 deg, 0.85s 
mc_idx = 81/100, 耗时 123.61s 
AO iter 1 - EM: NLL=191.4004, 0.13s 
AO iter 1 - LBFGS: NLL=156.6328  mean_cds=1.017e-08  mean_casa=9.494 deg, 0.32s 
AO iter 2 - EM: NLL=130.5418, 0.45s 
AO iter 2 - LBFGS: NLL=120.5554  mean_cds=9.754e-09  mean_casa=9.565 deg, 0.61s 
AO iter 3 - EM: NLL=117.3873, 0.73s 
AO iter 3 - LBFGS: NLL=114.9300  mean_cds=9.599e-09  mean_casa=9.662 deg, 0.89s 
mc_idx = 82/100, 耗时 125.17s 
AO iter 1 - EM: NLL=158.8117, 0.12s 
AO iter 1 - LBFGS: NLL=134.0739  mean_cds=1.040e-08  mean_casa=9.274 deg, 0.29s 
AO iter 2 - EM: NLL=118.1681, 0.42s 
AO iter 2 - LBFGS: NLL=109.1511  mean_cds=9.956e-09  mean_casa=9.375 deg, 0.57s 
AO iter 3 - EM: NLL=106.0859, 0.70s 
AO iter 3 - LBFGS: NLL=100.5204  mean_cds=9.186e-09  mean_casa=9.594 deg, 0.84s 
mc_idx = 83/100, 耗时 126.67s 
AO iter 1 - EM: NLL=179.9122, 0.12s 
AO iter 1 - LBFGS: NLL=154.8378  mean_cds=9.945e-09  mean_casa=9.361 deg, 0.29s 
AO iter 2 - EM: NLL=138.2727, 0.42s 
AO iter 2 - LBFGS: NLL=132.3411  mean_cds=9.671e-09  mean_casa=9.411 deg, 0.58s 
AO iter 3 - EM: NLL=129.4409, 0.70s 
AO iter 3 - LBFGS: NLL=125.4907  mean_cds=9.273e-09  mean_casa=9.443 deg, 0.86s 
mc_idx = 84/100, 耗时 128.21s 
AO iter 1 - EM: NLL=131.3851, 0.13s 
AO iter 1 - LBFGS: NLL=103.5430  mean_cds=9.831e-09  mean_casa=9.373 deg, 0.30s 
AO iter 2 - EM: NLL=85.8725, 0.43s 
AO iter 2 - LBFGS: NLL=79.5390  mean_cds=9.498e-09  mean_casa=9.569 deg, 0.59s 
AO iter 3 - EM: NLL=75.6537, 0.71s 
AO iter 3 - LBFGS: NLL=72.8478  mean_cds=9.473e-09  mean_casa=9.718 deg, 0.86s 
mc_idx = 85/100, 耗时 129.74s 
AO iter 1 - EM: NLL=180.1413, 0.12s 
AO iter 1 - LBFGS: NLL=153.7459  mean_cds=1.019e-08  mean_casa=9.589 deg, 0.31s 
AO iter 2 - EM: NLL=134.5644, 0.44s 
AO iter 2 - LBFGS: NLL=124.0130  mean_cds=9.653e-09  mean_casa=9.815 deg, 0.60s 
AO iter 3 - EM: NLL=121.5529, 0.72s 
AO iter 3 - LBFGS: NLL=117.7226  mean_cds=9.556e-09  mean_casa=9.889 deg, 0.88s 
mc_idx = 86/100, 耗时 131.29s 
AO iter 1 - EM: NLL=76.2923, 0.12s 
AO iter 1 - LBFGS: NLL=32.2012  mean_cds=9.553e-09  mean_casa=8.661 deg, 0.31s 
AO iter 2 - EM: NLL=-1.1501, 0.43s 
AO iter 2 - LBFGS: NLL=-9.8002  mean_cds=9.158e-09  mean_casa=8.558 deg, 0.61s 
AO iter 3 - EM: NLL=-14.3382, 0.74s 
AO iter 3 - LBFGS: NLL=-16.1418  mean_cds=8.963e-09  mean_casa=8.511 deg, 0.89s 
mc_idx = 87/100, 耗时 132.84s 
AO iter 1 - EM: NLL=64.9311, 0.12s 
AO iter 1 - LBFGS: NLL=42.1802  mean_cds=1.049e-08  mean_casa=9.651 deg, 0.29s 
AO iter 2 - EM: NLL=32.2366, 0.42s 
AO iter 2 - LBFGS: NLL=8.1058  mean_cds=9.458e-09  mean_casa=9.232 deg, 0.57s 
AO iter 3 - EM: NLL=5.7240, 0.70s 
AO iter 3 - LBFGS: NLL=2.3103  mean_cds=9.436e-09  mean_casa=9.289 deg, 0.87s 
mc_idx = 88/100, 耗时 134.38s 
AO iter 1 - EM: NLL=185.6533, 0.12s 
AO iter 1 - LBFGS: NLL=161.0986  mean_cds=1.013e-08  mean_casa=9.385 deg, 0.28s 
AO iter 2 - EM: NLL=139.4554, 0.41s 
AO iter 2 - LBFGS: NLL=128.8249  mean_cds=9.722e-09  mean_casa=9.119 deg, 0.57s 
AO iter 3 - EM: NLL=122.3504, 0.69s 
AO iter 3 - LBFGS: NLL=119.2326  mean_cds=1.025e-08  mean_casa=9.123 deg, 0.84s 
mc_idx = 89/100, 耗时 135.89s 
AO iter 1 - EM: NLL=126.5940, 0.12s 
AO iter 1 - LBFGS: NLL=97.8888  mean_cds=9.928e-09  mean_casa=9.520 deg, 0.29s 
AO iter 2 - EM: NLL=85.6522, 0.42s 
AO iter 2 - LBFGS: NLL=74.5283  mean_cds=9.285e-09  mean_casa=9.570 deg, 0.57s 
AO iter 3 - EM: NLL=71.0260, 0.70s 
AO iter 3 - LBFGS: NLL=69.0732  mean_cds=9.275e-09  mean_casa=9.434 deg, 0.86s 
mc_idx = 90/100, 耗时 137.40s 
AO iter 1 - EM: NLL=128.4812, 0.14s 
AO iter 1 - LBFGS: NLL=106.3115  mean_cds=1.017e-08  mean_casa=9.869 deg, 0.32s 
AO iter 2 - EM: NLL=86.6458, 0.44s 
AO iter 2 - LBFGS: NLL=78.5531  mean_cds=9.707e-09  mean_casa=10.009 deg, 0.60s 
AO iter 3 - EM: NLL=74.8273, 0.73s 
AO iter 3 - LBFGS: NLL=68.6362  mean_cds=9.481e-09  mean_casa=10.403 deg, 0.89s 
mc_idx = 91/100, 耗时 138.95s 
AO iter 1 - EM: NLL=104.9220, 0.12s 
AO iter 1 - LBFGS: NLL=76.0487  mean_cds=1.046e-08  mean_casa=9.550 deg, 0.30s 
AO iter 2 - EM: NLL=66.2597, 0.42s 
AO iter 2 - LBFGS: NLL=55.2818  mean_cds=1.002e-08  mean_casa=9.797 deg, 0.58s 
AO iter 3 - EM: NLL=49.6558, 0.70s 
AO iter 3 - LBFGS: NLL=44.2971  mean_cds=9.625e-09  mean_casa=9.906 deg, 0.86s 
mc_idx = 92/100, 耗时 140.47s 
AO iter 1 - EM: NLL=123.6447, 0.12s 
AO iter 1 - LBFGS: NLL=90.2474  mean_cds=1.005e-08  mean_casa=9.423 deg, 0.29s 
AO iter 2 - EM: NLL=72.7094, 0.41s 
AO iter 2 - LBFGS: NLL=61.7179  mean_cds=8.799e-09  mean_casa=9.701 deg, 0.58s 
AO iter 3 - EM: NLL=58.7319, 0.70s 
AO iter 3 - LBFGS: NLL=54.8422  mean_cds=8.671e-09  mean_casa=9.712 deg, 0.86s 
mc_idx = 93/100, 耗时 142.00s 
AO iter 1 - EM: NLL=97.8680, 0.12s 
AO iter 1 - LBFGS: NLL=80.5994  mean_cds=1.025e-08  mean_casa=9.615 deg, 0.29s 
AO iter 2 - EM: NLL=71.3040, 0.43s 
AO iter 2 - LBFGS: NLL=61.6394  mean_cds=9.710e-09  mean_casa=9.747 deg, 0.60s 
AO iter 3 - EM: NLL=58.0746, 0.73s 
AO iter 3 - LBFGS: NLL=55.7878  mean_cds=9.647e-09  mean_casa=9.641 deg, 0.88s 
mc_idx = 94/100, 耗时 143.57s 
AO iter 1 - EM: NLL=157.1552, 0.12s 
AO iter 1 - LBFGS: NLL=116.0819  mean_cds=1.074e-08  mean_casa=9.727 deg, 0.30s 
AO iter 2 - EM: NLL=95.0438, 0.42s 
AO iter 2 - LBFGS: NLL=81.8718  mean_cds=1.061e-08  mean_casa=9.778 deg, 0.59s 
AO iter 3 - EM: NLL=76.8489, 0.71s 
AO iter 3 - LBFGS: NLL=75.0602  mean_cds=1.055e-08  mean_casa=9.722 deg, 0.88s 
mc_idx = 95/100, 耗时 145.12s 
AO iter 1 - EM: NLL=202.0143, 0.12s 
AO iter 1 - LBFGS: NLL=171.7447  mean_cds=1.029e-08  mean_casa=9.970 deg, 0.29s 
AO iter 2 - EM: NLL=160.9921, 0.41s 
AO iter 2 - LBFGS: NLL=147.9350  mean_cds=9.697e-09  mean_casa=10.288 deg, 0.58s 
AO iter 3 - EM: NLL=144.7566, 0.70s 
AO iter 3 - LBFGS: NLL=136.3422  mean_cds=8.709e-09  mean_casa=10.378 deg, 0.85s 
mc_idx = 96/100, 耗时 146.64s 
AO iter 1 - EM: NLL=112.3130, 0.12s 
AO iter 1 - LBFGS: NLL=87.1821  mean_cds=1.043e-08  mean_casa=9.786 deg, 0.29s 
AO iter 2 - EM: NLL=72.8805, 0.42s 
AO iter 2 - LBFGS: NLL=61.4356  mean_cds=9.925e-09  mean_casa=9.608 deg, 0.58s 
AO iter 3 - EM: NLL=57.2071, 0.70s 
AO iter 3 - LBFGS: NLL=51.1447  mean_cds=9.696e-09  mean_casa=9.667 deg, 0.86s 
mc_idx = 97/100, 耗时 148.16s 
AO iter 1 - EM: NLL=86.7693, 0.12s 
AO iter 1 - LBFGS: NLL=59.3498  mean_cds=1.047e-08  mean_casa=9.405 deg, 0.29s 
AO iter 2 - EM: NLL=45.0391, 0.42s 
AO iter 2 - LBFGS: NLL=33.6485  mean_cds=1.025e-08  mean_casa=9.276 deg, 0.57s 
AO iter 3 - EM: NLL=30.2867, 0.71s 
AO iter 3 - LBFGS: NLL=26.6976  mean_cds=1.021e-08  mean_casa=9.168 deg, 0.87s 
mc_idx = 98/100, 耗时 149.70s 
AO iter 1 - EM: NLL=59.7740, 0.13s 
AO iter 1 - LBFGS: NLL=37.7727  mean_cds=1.040e-08  mean_casa=9.657 deg, 0.32s 
AO iter 2 - EM: NLL=27.9996, 0.44s 
AO iter 2 - LBFGS: NLL=17.9897  mean_cds=9.004e-09  mean_casa=10.159 deg, 0.59s 
AO iter 3 - EM: NLL=14.7228, 0.72s 
AO iter 3 - LBFGS: NLL=12.9081  mean_cds=8.928e-09  mean_casa=10.225 deg, 0.88s 
mc_idx = 99/100, 耗时 151.26s 
AO iter 1 - EM: NLL=115.8067, 0.12s 
AO iter 1 - LBFGS: NLL=84.3166  mean_cds=1.050e-08  mean_casa=9.347 deg, 0.31s 
AO iter 2 - EM: NLL=73.7722, 0.43s 
AO iter 2 - LBFGS: NLL=61.7598  mean_cds=1.000e-08  mean_casa=9.147 deg, 0.59s 
AO iter 3 - EM: NLL=57.8152, 0.71s 
AO iter 3 - LBFGS: NLL=50.5256  mean_cds=9.677e-09  mean_casa=8.850 deg, 0.86s 
mc_idx = 100/100, 耗时 152.80s 

====== SNR_dB = 10 (4/5) finished, consumed 152.8s ======

开始MonteCarlo仿真...... 
AO iter 1 - EM: NLL=-141.5544, 0.12s 
AO iter 1 - LBFGS: NLL=-161.2209  mean_cds=1.054e-08  mean_casa=9.638 deg, 0.30s 
AO iter 2 - EM: NLL=-179.4772, 0.42s 
AO iter 2 - LBFGS: NLL=-191.7538  mean_cds=9.987e-09  mean_casa=9.226 deg, 0.58s 
AO iter 3 - EM: NLL=-195.9811, 0.70s 
AO iter 3 - LBFGS: NLL=-200.7983  mean_cds=9.767e-09  mean_casa=9.153 deg, 0.85s 
mc_idx = 1/100, 耗时 1.53s 
AO iter 1 - EM: NLL=-140.8544, 0.12s 
AO iter 1 - LBFGS: NLL=-173.3447  mean_cds=1.057e-08  mean_casa=9.502 deg, 0.30s 
AO iter 2 - EM: NLL=-191.3009, 0.42s 
AO iter 2 - LBFGS: NLL=-200.1790  mean_cds=1.012e-08  mean_casa=9.146 deg, 0.58s 
AO iter 3 - EM: NLL=-201.3480, 0.70s 
AO iter 3 - LBFGS: NLL=-205.4597  mean_cds=9.984e-09  mean_casa=9.061 deg, 0.85s 
mc_idx = 2/100, 耗时 3.06s 
AO iter 1 - EM: NLL=-116.9239, 0.13s 
AO iter 1 - LBFGS: NLL=-145.9539  mean_cds=1.004e-08  mean_casa=9.701 deg, 0.30s 
AO iter 2 - EM: NLL=-156.8282, 0.42s 
AO iter 2 - LBFGS: NLL=-175.2945  mean_cds=9.512e-09  mean_casa=10.073 deg, 0.59s 
AO iter 3 - EM: NLL=-181.4484, 0.71s 
AO iter 3 - LBFGS: NLL=-188.9199  mean_cds=9.598e-09  mean_casa=10.210 deg, 0.88s 
mc_idx = 3/100, 耗时 4.61s 
AO iter 1 - EM: NLL=-180.6663, 0.12s 
AO iter 1 - LBFGS: NLL=-203.9720  mean_cds=1.031e-08  mean_casa=9.694 deg, 0.28s 
AO iter 2 - EM: NLL=-210.9362, 0.41s 
AO iter 2 - LBFGS: NLL=-221.9161  mean_cds=9.678e-09  mean_casa=10.126 deg, 0.57s 
AO iter 3 - EM: NLL=-224.4276, 0.69s 
AO iter 3 - LBFGS: NLL=-227.5352  mean_cds=9.441e-09  mean_casa=10.363 deg, 0.84s 
mc_idx = 4/100, 耗时 6.13s 
AO iter 1 - EM: NLL=-235.7073, 0.12s 
AO iter 1 - LBFGS: NLL=-282.0087  mean_cds=1.008e-08  mean_casa=9.421 deg, 0.29s 
AO iter 2 - EM: NLL=-294.3053, 0.41s 
AO iter 2 - LBFGS: NLL=-306.0239  mean_cds=9.222e-09  mean_casa=9.329 deg, 0.57s 
AO iter 3 - EM: NLL=-311.1579, 0.70s 
AO iter 3 - LBFGS: NLL=-317.2778  mean_cds=9.199e-09  mean_casa=9.286 deg, 0.87s 
mc_idx = 5/100, 耗时 7.66s 
AO iter 1 - EM: NLL=-241.4662, 0.12s 
AO iter 1 - LBFGS: NLL=-282.5119  mean_cds=9.796e-09  mean_casa=9.271 deg, 0.29s 
AO iter 2 - EM: NLL=-297.1979, 0.41s 
AO iter 2 - LBFGS: NLL=-311.6717  mean_cds=8.695e-09  mean_casa=8.930 deg, 0.57s 
AO iter 3 - EM: NLL=-317.3977, 0.69s 
AO iter 3 - LBFGS: NLL=-324.9629  mean_cds=8.531e-09  mean_casa=8.920 deg, 0.86s 
mc_idx = 6/100, 耗时 9.19s 
AO iter 1 - EM: NLL=-218.8301, 0.12s 
AO iter 1 - LBFGS: NLL=-263.5800  mean_cds=9.990e-09  mean_casa=9.504 deg, 0.29s 
AO iter 2 - EM: NLL=-278.2107, 0.41s 
AO iter 2 - LBFGS: NLL=-292.6463  mean_cds=9.035e-09  mean_casa=9.445 deg, 0.60s 
AO iter 3 - EM: NLL=-298.4895, 0.73s 
AO iter 3 - LBFGS: NLL=-303.7676  mean_cds=8.522e-09  mean_casa=9.391 deg, 0.89s 
mc_idx = 7/100, 耗时 10.74s 
AO iter 1 - EM: NLL=-226.6177, 0.13s 
AO iter 1 - LBFGS: NLL=-261.4998  mean_cds=1.022e-08  mean_casa=9.892 deg, 0.31s 
AO iter 2 - EM: NLL=-286.1308, 0.44s 
AO iter 2 - LBFGS: NLL=-302.7910  mean_cds=9.835e-09  mean_casa=9.916 deg, 0.60s 
AO iter 3 - EM: NLL=-307.7777, 0.72s 
AO iter 3 - LBFGS: NLL=-314.2720  mean_cds=9.728e-09  mean_casa=9.935 deg, 0.88s 
mc_idx = 8/100, 耗时 12.29s 
AO iter 1 - EM: NLL=-215.6257, 0.12s 
AO iter 1 - LBFGS: NLL=-250.0507  mean_cds=1.041e-08  mean_casa=9.543 deg, 0.30s 
AO iter 2 - EM: NLL=-268.1077, 0.42s 
AO iter 2 - LBFGS: NLL=-275.2005  mean_cds=1.007e-08  mean_casa=9.520 deg, 0.58s 
AO iter 3 - EM: NLL=-277.0616, 0.70s 
AO iter 3 - LBFGS: NLL=-280.1846  mean_cds=9.948e-09  mean_casa=9.666 deg, 0.86s 
mc_idx = 9/100, 耗时 13.81s 
AO iter 1 - EM: NLL=-152.3903, 0.12s 
AO iter 1 - LBFGS: NLL=-192.9772  mean_cds=9.845e-09  mean_casa=9.449 deg, 0.30s 
AO iter 2 - EM: NLL=-211.3953, 0.42s 
AO iter 2 - LBFGS: NLL=-223.2333  mean_cds=9.136e-09  mean_casa=9.562 deg, 0.58s 
AO iter 3 - EM: NLL=-229.6919, 0.71s 
AO iter 3 - LBFGS: NLL=-238.9819  mean_cds=8.468e-09  mean_casa=9.778 deg, 0.86s 
mc_idx = 10/100, 耗时 15.34s 
AO iter 1 - EM: NLL=-253.7327, 0.13s 
AO iter 1 - LBFGS: NLL=-304.5470  mean_cds=9.442e-09  mean_casa=9.129 deg, 0.30s 
AO iter 2 - EM: NLL=-330.6456, 0.42s 
AO iter 2 - LBFGS: NLL=-343.3944  mean_cds=8.940e-09  mean_casa=8.940 deg, 0.61s 
AO iter 3 - EM: NLL=-348.4617, 0.73s 
AO iter 3 - LBFGS: NLL=-353.7295  mean_cds=8.580e-09  mean_casa=8.902 deg, 0.88s 
mc_idx = 11/100, 耗时 16.90s 
AO iter 1 - EM: NLL=-90.8647, 0.13s 
AO iter 1 - LBFGS: NLL=-126.7457  mean_cds=1.013e-08  mean_casa=8.997 deg, 0.29s 
AO iter 2 - EM: NLL=-172.1320, 0.42s 
AO iter 2 - LBFGS: NLL=-185.8154  mean_cds=9.888e-09  mean_casa=8.809 deg, 0.59s 
AO iter 3 - EM: NLL=-194.8172, 0.72s 
AO iter 3 - LBFGS: NLL=-198.9418  mean_cds=9.755e-09  mean_casa=8.741 deg, 0.87s 
mc_idx = 12/100, 耗时 18.45s 
AO iter 1 - EM: NLL=-241.1386, 0.13s 
AO iter 1 - LBFGS: NLL=-285.2652  mean_cds=1.057e-08  mean_casa=9.642 deg, 0.32s 
AO iter 2 - EM: NLL=-302.0809, 0.44s 
AO iter 2 - LBFGS: NLL=-314.2436  mean_cds=9.730e-09  mean_casa=9.634 deg, 0.62s 
AO iter 3 - EM: NLL=-318.9421, 0.74s 
AO iter 3 - LBFGS: NLL=-323.0461  mean_cds=9.654e-09  mean_casa=9.638 deg, 0.91s 
mc_idx = 13/100, 耗时 20.04s 
AO iter 1 - EM: NLL=-211.9473, 0.14s 
AO iter 1 - LBFGS: NLL=-254.1620  mean_cds=1.033e-08  mean_casa=9.297 deg, 0.30s 
AO iter 2 - EM: NLL=-269.0779, 0.42s 
AO iter 2 - LBFGS: NLL=-277.4816  mean_cds=9.892e-09  mean_casa=9.326 deg, 0.58s 
AO iter 3 - EM: NLL=-280.7705, 0.70s 
AO iter 3 - LBFGS: NLL=-287.9433  mean_cds=9.483e-09  mean_casa=9.374 deg, 0.86s 
mc_idx = 14/100, 耗时 21.61s 
AO iter 1 - EM: NLL=-228.5826, 0.12s 
AO iter 1 - LBFGS: NLL=-272.3645  mean_cds=9.870e-09  mean_casa=9.786 deg, 0.29s 
AO iter 2 - EM: NLL=-288.3958, 0.41s 
AO iter 2 - LBFGS: NLL=-305.4919  mean_cds=8.976e-09  mean_casa=10.145 deg, 0.60s 
AO iter 3 - EM: NLL=-309.6262, 0.72s 
AO iter 3 - LBFGS: NLL=-314.2250  mean_cds=8.794e-09  mean_casa=10.155 deg, 0.89s 
mc_idx = 15/100, 耗时 23.17s 
AO iter 1 - EM: NLL=-198.1262, 0.13s 
AO iter 1 - LBFGS: NLL=-218.7432  mean_cds=1.054e-08  mean_casa=9.782 deg, 0.31s 
AO iter 2 - EM: NLL=-233.5600, 0.43s 
AO iter 2 - LBFGS: NLL=-248.4386  mean_cds=9.960e-09  mean_casa=9.784 deg, 0.60s 
AO iter 3 - EM: NLL=-254.8743, 0.73s 
AO iter 3 - LBFGS: NLL=-259.5320  mean_cds=1.006e-08  mean_casa=9.851 deg, 0.88s 
mc_idx = 16/100, 耗时 24.73s 
AO iter 1 - EM: NLL=-221.9236, 0.12s 
AO iter 1 - LBFGS: NLL=-257.0507  mean_cds=1.041e-08  mean_casa=9.701 deg, 0.30s 
AO iter 2 - EM: NLL=-273.8565, 0.42s 
AO iter 2 - LBFGS: NLL=-291.2041  mean_cds=9.620e-09  mean_casa=9.354 deg, 0.60s 
AO iter 3 - EM: NLL=-296.7334, 0.73s 
AO iter 3 - LBFGS: NLL=-302.2712  mean_cds=9.357e-09  mean_casa=9.238 deg, 0.88s 
mc_idx = 17/100, 耗时 26.27s 
AO iter 1 - EM: NLL=-137.0578, 0.12s 
AO iter 1 - LBFGS: NLL=-166.6130  mean_cds=1.026e-08  mean_casa=9.615 deg, 0.29s 
AO iter 2 - EM: NLL=-184.0395, 0.42s 
AO iter 2 - LBFGS: NLL=-196.2302  mean_cds=9.751e-09  mean_casa=9.411 deg, 0.58s 
AO iter 3 - EM: NLL=-200.8983, 0.70s 
AO iter 3 - LBFGS: NLL=-211.1466  mean_cds=9.299e-09  mean_casa=9.184 deg, 0.87s 
mc_idx = 18/100, 耗时 27.81s 
AO iter 1 - EM: NLL=-131.2493, 0.12s 
AO iter 1 - LBFGS: NLL=-161.2328  mean_cds=1.022e-08  mean_casa=9.741 deg, 0.29s 
AO iter 2 - EM: NLL=-176.3324, 0.41s 
AO iter 2 - LBFGS: NLL=-185.3274  mean_cds=9.693e-09  mean_casa=10.022 deg, 0.58s 
AO iter 3 - EM: NLL=-188.9688, 0.71s 
AO iter 3 - LBFGS: NLL=-193.1161  mean_cds=9.389e-09  mean_casa=10.142 deg, 0.87s 
mc_idx = 19/100, 耗时 29.35s 
AO iter 1 - EM: NLL=-210.9322, 0.12s 
AO iter 1 - LBFGS: NLL=-262.1722  mean_cds=1.012e-08  mean_casa=9.572 deg, 0.29s 
AO iter 2 - EM: NLL=-275.9327, 0.41s 
AO iter 2 - LBFGS: NLL=-285.2271  mean_cds=9.655e-09  mean_casa=9.788 deg, 0.57s 
AO iter 3 - EM: NLL=-288.6673, 0.69s 
AO iter 3 - LBFGS: NLL=-293.1221  mean_cds=9.399e-09  mean_casa=9.982 deg, 0.85s 
mc_idx = 20/100, 耗时 30.87s 
AO iter 1 - EM: NLL=-247.3553, 0.12s 
AO iter 1 - LBFGS: NLL=-288.7868  mean_cds=1.040e-08  mean_casa=9.580 deg, 0.30s 
AO iter 2 - EM: NLL=-310.0143, 0.42s 
AO iter 2 - LBFGS: NLL=-322.2520  mean_cds=9.464e-09  mean_casa=9.281 deg, 0.59s 
AO iter 3 - EM: NLL=-330.4043, 0.71s 
AO iter 3 - LBFGS: NLL=-333.9331  mean_cds=9.299e-09  mean_casa=9.283 deg, 0.87s 
mc_idx = 21/100, 耗时 32.41s 
AO iter 1 - EM: NLL=-171.7246, 0.13s 
AO iter 1 - LBFGS: NLL=-222.1389  mean_cds=1.031e-08  mean_casa=9.293 deg, 0.33s 
AO iter 2 - EM: NLL=-243.4012, 0.45s 
AO iter 2 - LBFGS: NLL=-267.8718  mean_cds=1.014e-08  mean_casa=8.953 deg, 0.61s 
AO iter 3 - EM: NLL=-274.7991, 0.73s 
AO iter 3 - LBFGS: NLL=-279.1992  mean_cds=1.016e-08  mean_casa=8.880 deg, 0.89s 
mc_idx = 22/100, 耗时 33.99s 
AO iter 1 - EM: NLL=-94.4530, 0.13s 
AO iter 1 - LBFGS: NLL=-144.6421  mean_cds=1.048e-08  mean_casa=9.277 deg, 0.29s 
AO iter 2 - EM: NLL=-159.6563, 0.42s 
AO iter 2 - LBFGS: NLL=-169.6171  mean_cds=1.007e-08  mean_casa=9.348 deg, 0.58s 
AO iter 3 - EM: NLL=-170.4391, 0.71s 
AO iter 3 - LBFGS: NLL=-174.3869  mean_cds=9.901e-09  mean_casa=9.294 deg, 0.87s 
mc_idx = 23/100, 耗时 35.55s 
AO iter 1 - EM: NLL=-210.8924, 0.12s 
AO iter 1 - LBFGS: NLL=-263.9534  mean_cds=9.415e-09  mean_casa=9.134 deg, 0.30s 
AO iter 2 - EM: NLL=-296.7330, 0.42s 
AO iter 2 - LBFGS: NLL=-315.0305  mean_cds=8.814e-09  mean_casa=8.919 deg, 0.59s 
AO iter 3 - EM: NLL=-325.2694, 0.71s 
AO iter 3 - LBFGS: NLL=-332.2933  mean_cds=8.405e-09  mean_casa=8.843 deg, 0.88s 
mc_idx = 24/100, 耗时 37.10s 
AO iter 1 - EM: NLL=-175.2996, 0.12s 
AO iter 1 - LBFGS: NLL=-191.5868  mean_cds=1.034e-08  mean_casa=9.868 deg, 0.30s 
AO iter 2 - EM: NLL=-209.3002, 0.42s 
AO iter 2 - LBFGS: NLL=-220.8017  mean_cds=9.818e-09  mean_casa=9.813 deg, 0.59s 
AO iter 3 - EM: NLL=-226.4398, 0.71s 
AO iter 3 - LBFGS: NLL=-234.4297  mean_cds=9.408e-09  mean_casa=9.822 deg, 0.87s 
mc_idx = 25/100, 耗时 38.64s 
AO iter 1 - EM: NLL=-229.5113, 0.12s 
AO iter 1 - LBFGS: NLL=-267.0401  mean_cds=1.060e-08  mean_casa=9.505 deg, 0.31s 
AO iter 2 - EM: NLL=-293.4327, 0.43s 
AO iter 2 - LBFGS: NLL=-300.8021  mean_cds=1.042e-08  mean_casa=9.015 deg, 0.59s 
AO iter 3 - EM: NLL=-305.0411, 0.71s 
AO iter 3 - LBFGS: NLL=-313.0544  mean_cds=9.843e-09  mean_casa=8.910 deg, 0.88s 
mc_idx = 26/100, 耗时 40.19s 
AO iter 1 - EM: NLL=-134.7453, 0.12s 
AO iter 1 - LBFGS: NLL=-146.3106  mean_cds=1.051e-08  mean_casa=9.820 deg, 0.28s 
AO iter 2 - EM: NLL=-154.7476, 0.41s 
AO iter 2 - LBFGS: NLL=-158.4872  mean_cds=1.016e-08  mean_casa=9.941 deg, 0.57s 
AO iter 3 - EM: NLL=-160.4400, 0.69s 
AO iter 3 - LBFGS: NLL=-170.5935  mean_cds=9.031e-09  mean_casa=10.621 deg, 0.84s 
mc_idx = 27/100, 耗时 41.70s 
AO iter 1 - EM: NLL=-175.7595, 0.12s 
AO iter 1 - LBFGS: NLL=-206.5451  mean_cds=1.017e-08  mean_casa=9.543 deg, 0.30s 
AO iter 2 - EM: NLL=-220.3389, 0.43s 
AO iter 2 - LBFGS: NLL=-231.9616  mean_cds=9.196e-09  mean_casa=9.544 deg, 0.58s 
AO iter 3 - EM: NLL=-236.7486, 0.71s 
AO iter 3 - LBFGS: NLL=-241.5896  mean_cds=8.918e-09  mean_casa=9.535 deg, 0.87s 
mc_idx = 28/100, 耗时 43.23s 
AO iter 1 - EM: NLL=-248.7646, 0.12s 
AO iter 1 - LBFGS: NLL=-299.9166  mean_cds=1.039e-08  mean_casa=9.132 deg, 0.31s 
AO iter 2 - EM: NLL=-310.1132, 0.43s 
AO iter 2 - LBFGS: NLL=-324.5833  mean_cds=9.708e-09  mean_casa=9.040 deg, 0.58s 
AO iter 3 - EM: NLL=-330.3137, 0.71s 
AO iter 3 - LBFGS: NLL=-336.3574  mean_cds=9.664e-09  mean_casa=9.126 deg, 0.86s 
mc_idx = 29/100, 耗时 44.76s 
AO iter 1 - EM: NLL=-227.2861, 0.12s 
AO iter 1 - LBFGS: NLL=-247.9504  mean_cds=1.051e-08  mean_casa=9.677 deg, 0.30s 
AO iter 2 - EM: NLL=-270.9435, 0.43s 
AO iter 2 - LBFGS: NLL=-276.3559  mean_cds=1.022e-08  mean_casa=9.549 deg, 0.59s 
AO iter 3 - EM: NLL=-280.2453, 0.72s 
AO iter 3 - LBFGS: NLL=-284.6289  mean_cds=9.901e-09  mean_casa=9.447 deg, 0.88s 
mc_idx = 30/100, 耗时 46.31s 
AO iter 1 - EM: NLL=-217.2305, 0.13s 
AO iter 1 - LBFGS: NLL=-234.9903  mean_cds=1.042e-08  mean_casa=9.644 deg, 0.30s 
AO iter 2 - EM: NLL=-251.1589, 0.42s 
AO iter 2 - LBFGS: NLL=-262.2875  mean_cds=9.598e-09  mean_casa=9.580 deg, 0.58s 
AO iter 3 - EM: NLL=-268.3390, 0.70s 
AO iter 3 - LBFGS: NLL=-270.6736  mean_cds=9.435e-09  mean_casa=9.511 deg, 0.86s 
mc_idx = 31/100, 耗时 47.85s 
AO iter 1 - EM: NLL=-173.5747, 0.13s 
AO iter 1 - LBFGS: NLL=-215.5833  mean_cds=1.024e-08  mean_casa=9.377 deg, 0.30s 
AO iter 2 - EM: NLL=-243.4131, 0.42s 
AO iter 2 - LBFGS: NLL=-256.4724  mean_cds=9.826e-09  mean_casa=9.324 deg, 0.58s 
AO iter 3 - EM: NLL=-262.1529, 0.70s 
AO iter 3 - LBFGS: NLL=-267.3906  mean_cds=9.675e-09  mean_casa=9.238 deg, 0.87s 
mc_idx = 32/100, 耗时 49.38s 
AO iter 1 - EM: NLL=-155.6247, 0.12s 
AO iter 1 - LBFGS: NLL=-197.6223  mean_cds=1.018e-08  mean_casa=9.258 deg, 0.29s 
AO iter 2 - EM: NLL=-216.8827, 0.41s 
AO iter 2 - LBFGS: NLL=-225.0619  mean_cds=9.812e-09  mean_casa=9.294 deg, 0.58s 
AO iter 3 - EM: NLL=-228.7396, 0.70s 
AO iter 3 - LBFGS: NLL=-235.5448  mean_cds=9.331e-09  mean_casa=9.404 deg, 0.86s 
mc_idx = 33/100, 耗时 50.92s 
AO iter 1 - EM: NLL=-209.9167, 0.12s 
AO iter 1 - LBFGS: NLL=-269.7485  mean_cds=9.550e-09  mean_casa=8.998 deg, 0.29s 
AO iter 2 - EM: NLL=-285.4246, 0.41s 
AO iter 2 - LBFGS: NLL=-295.1197  mean_cds=9.088e-09  mean_casa=9.049 deg, 0.59s 
AO iter 3 - EM: NLL=-299.7699, 0.71s 
AO iter 3 - LBFGS: NLL=-303.8686  mean_cds=8.730e-09  mean_casa=9.083 deg, 0.88s 
mc_idx = 34/100, 耗时 52.47s 
AO iter 1 - EM: NLL=-155.4238, 0.12s 
AO iter 1 - LBFGS: NLL=-205.2995  mean_cds=1.031e-08  mean_casa=9.310 deg, 0.29s 
AO iter 2 - EM: NLL=-229.9274, 0.41s 
AO iter 2 - LBFGS: NLL=-236.7443  mean_cds=1.008e-08  mean_casa=9.296 deg, 0.57s 
AO iter 3 - EM: NLL=-239.5207, 0.71s 
AO iter 3 - LBFGS: NLL=-244.4644  mean_cds=9.746e-09  mean_casa=9.467 deg, 0.87s 
mc_idx = 35/100, 耗时 54.01s 
AO iter 1 - EM: NLL=-239.0249, 0.12s 
AO iter 1 - LBFGS: NLL=-277.0371  mean_cds=1.041e-08  mean_casa=9.523 deg, 0.30s 
AO iter 2 - EM: NLL=-299.1100, 0.42s 
AO iter 2 - LBFGS: NLL=-319.5785  mean_cds=9.981e-09  mean_casa=9.487 deg, 0.58s 
AO iter 3 - EM: NLL=-322.6256, 0.70s 
AO iter 3 - LBFGS: NLL=-326.1143  mean_cds=9.936e-09  mean_casa=9.554 deg, 0.86s 
mc_idx = 36/100, 耗时 55.54s 
AO iter 1 - EM: NLL=-167.2387, 0.12s 
AO iter 1 - LBFGS: NLL=-203.5855  mean_cds=1.037e-08  mean_casa=9.486 deg, 0.29s 
AO iter 2 - EM: NLL=-214.3443, 0.41s 
AO iter 2 - LBFGS: NLL=-225.3778  mean_cds=1.031e-08  mean_casa=9.873 deg, 0.57s 
AO iter 3 - EM: NLL=-228.0479, 0.70s 
AO iter 3 - LBFGS: NLL=-232.8526  mean_cds=1.019e-08  mean_casa=9.901 deg, 0.86s 
mc_idx = 37/100, 耗时 57.08s 
AO iter 1 - EM: NLL=-211.6349, 0.12s 
AO iter 1 - LBFGS: NLL=-234.9279  mean_cds=1.014e-08  mean_casa=9.731 deg, 0.28s 
AO iter 2 - EM: NLL=-246.6295, 0.41s 
AO iter 2 - LBFGS: NLL=-254.8505  mean_cds=9.689e-09  mean_casa=9.914 deg, 0.58s 
AO iter 3 - EM: NLL=-257.6050, 0.70s 
AO iter 3 - LBFGS: NLL=-260.8185  mean_cds=9.395e-09  mean_casa=10.122 deg, 0.86s 
mc_idx = 38/100, 耗时 58.63s 
AO iter 1 - EM: NLL=-198.5367, 0.13s 
AO iter 1 - LBFGS: NLL=-250.1923  mean_cds=1.012e-08  mean_casa=9.756 deg, 0.30s 
AO iter 2 - EM: NLL=-284.4744, 0.42s 
AO iter 2 - LBFGS: NLL=-300.8927  mean_cds=9.220e-09  mean_casa=9.486 deg, 0.59s 
AO iter 3 - EM: NLL=-309.5090, 0.71s 
AO iter 3 - LBFGS: NLL=-320.7752  mean_cds=8.509e-09  mean_casa=9.189 deg, 0.88s 
mc_idx = 39/100, 耗时 60.17s 
AO iter 1 - EM: NLL=-138.0659, 0.12s 
AO iter 1 - LBFGS: NLL=-173.9779  mean_cds=1.019e-08  mean_casa=9.912 deg, 0.29s 
AO iter 2 - EM: NLL=-190.7129, 0.41s 
AO iter 2 - LBFGS: NLL=-208.4534  mean_cds=9.509e-09  mean_casa=10.490 deg, 0.57s 
AO iter 3 - EM: NLL=-212.4827, 0.69s 
AO iter 3 - LBFGS: NLL=-219.6147  mean_cds=9.142e-09  mean_casa=10.595 deg, 0.85s 
mc_idx = 40/100, 耗时 61.70s 
AO iter 1 - EM: NLL=-167.5732, 0.12s 
AO iter 1 - LBFGS: NLL=-211.0271  mean_cds=9.817e-09  mean_casa=8.979 deg, 0.29s 
AO iter 2 - EM: NLL=-226.5593, 0.42s 
AO iter 2 - LBFGS: NLL=-237.3652  mean_cds=9.256e-09  mean_casa=8.694 deg, 0.58s 
AO iter 3 - EM: NLL=-241.6083, 0.70s 
AO iter 3 - LBFGS: NLL=-251.2400  mean_cds=8.600e-09  mean_casa=8.086 deg, 0.85s 
mc_idx = 41/100, 耗时 63.23s 
AO iter 1 - EM: NLL=-200.2491, 0.12s 
AO iter 1 - LBFGS: NLL=-246.2035  mean_cds=9.818e-09  mean_casa=9.325 deg, 0.29s 
AO iter 2 - EM: NLL=-282.3134, 0.41s 
AO iter 2 - LBFGS: NLL=-309.5261  mean_cds=9.074e-09  mean_casa=9.548 deg, 0.57s 
AO iter 3 - EM: NLL=-314.1501, 0.70s 
AO iter 3 - LBFGS: NLL=-319.1336  mean_cds=8.970e-09  mean_casa=9.505 deg, 0.85s 
mc_idx = 42/100, 耗时 64.74s 
AO iter 1 - EM: NLL=-192.6879, 0.12s 
AO iter 1 - LBFGS: NLL=-218.5779  mean_cds=1.021e-08  mean_casa=9.804 deg, 0.29s 
AO iter 2 - EM: NLL=-247.6927, 0.42s 
AO iter 2 - LBFGS: NLL=-262.4271  mean_cds=9.907e-09  mean_casa=9.989 deg, 0.58s 
AO iter 3 - EM: NLL=-267.1854, 0.71s 
AO iter 3 - LBFGS: NLL=-275.7807  mean_cds=9.756e-09  mean_casa=10.954 deg, 0.86s 
mc_idx = 43/100, 耗时 66.27s 
AO iter 1 - EM: NLL=-240.2954, 0.12s 
AO iter 1 - LBFGS: NLL=-277.9379  mean_cds=9.904e-09  mean_casa=9.851 deg, 0.30s 
AO iter 2 - EM: NLL=-298.8173, 0.42s 
AO iter 2 - LBFGS: NLL=-317.5201  mean_cds=9.291e-09  mean_casa=10.048 deg, 0.58s 
AO iter 3 - EM: NLL=-322.0238, 0.71s 
AO iter 3 - LBFGS: NLL=-331.7331  mean_cds=8.805e-09  mean_casa=9.995 deg, 0.87s 
mc_idx = 44/100, 耗时 67.84s 
AO iter 1 - EM: NLL=-154.4590, 0.12s 
AO iter 1 - LBFGS: NLL=-205.7312  mean_cds=1.007e-08  mean_casa=9.241 deg, 0.30s 
AO iter 2 - EM: NLL=-223.3782, 0.42s 
AO iter 2 - LBFGS: NLL=-234.1783  mean_cds=9.737e-09  mean_casa=9.269 deg, 0.59s 
AO iter 3 - EM: NLL=-238.7500, 0.72s 
AO iter 3 - LBFGS: NLL=-247.6627  mean_cds=9.409e-09  mean_casa=9.145 deg, 0.88s 
mc_idx = 45/100, 耗时 69.40s 
AO iter 1 - EM: NLL=-175.1359, 0.13s 
AO iter 1 - LBFGS: NLL=-220.2968  mean_cds=1.013e-08  mean_casa=9.628 deg, 0.30s 
AO iter 2 - EM: NLL=-245.9484, 0.43s 
AO iter 2 - LBFGS: NLL=-260.2708  mean_cds=9.675e-09  mean_casa=9.528 deg, 0.59s 
AO iter 3 - EM: NLL=-263.6224, 0.72s 
AO iter 3 - LBFGS: NLL=-271.9106  mean_cds=9.179e-09  mean_casa=9.518 deg, 0.87s 
mc_idx = 46/100, 耗时 70.94s 
AO iter 1 - EM: NLL=-207.0937, 0.12s 
AO iter 1 - LBFGS: NLL=-239.5075  mean_cds=1.056e-08  mean_casa=9.596 deg, 0.29s 
AO iter 2 - EM: NLL=-252.9293, 0.42s 
AO iter 2 - LBFGS: NLL=-265.5146  mean_cds=1.027e-08  mean_casa=9.603 deg, 0.58s 
AO iter 3 - EM: NLL=-269.1378, 0.70s 
AO iter 3 - LBFGS: NLL=-276.4611  mean_cds=1.007e-08  mean_casa=9.627 deg, 0.87s 
mc_idx = 47/100, 耗时 72.48s 
AO iter 1 - EM: NLL=-257.4579, 0.12s 
AO iter 1 - LBFGS: NLL=-300.2587  mean_cds=1.006e-08  mean_casa=9.509 deg, 0.31s 
AO iter 2 - EM: NLL=-319.4648, 0.43s 
AO iter 2 - LBFGS: NLL=-330.2169  mean_cds=9.725e-09  mean_casa=9.366 deg, 0.59s 
AO iter 3 - EM: NLL=-335.0827, 0.71s 
AO iter 3 - LBFGS: NLL=-338.1319  mean_cds=9.615e-09  mean_casa=9.377 deg, 0.87s 
mc_idx = 48/100, 耗时 74.02s 
AO iter 1 - EM: NLL=-198.3829, 0.12s 
AO iter 1 - LBFGS: NLL=-213.7124  mean_cds=1.051e-08  mean_casa=9.633 deg, 0.29s 
AO iter 2 - EM: NLL=-227.9198, 0.41s 
AO iter 2 - LBFGS: NLL=-234.2473  mean_cds=1.012e-08  mean_casa=9.535 deg, 0.58s 
AO iter 3 - EM: NLL=-240.9334, 0.70s 
AO iter 3 - LBFGS: NLL=-247.2262  mean_cds=9.571e-09  mean_casa=9.360 deg, 0.86s 
mc_idx = 49/100, 耗时 75.55s 
AO iter 1 - EM: NLL=-180.7411, 0.12s 
AO iter 1 - LBFGS: NLL=-226.2233  mean_cds=9.721e-09  mean_casa=9.149 deg, 0.29s 
AO iter 2 - EM: NLL=-257.8392, 0.41s 
AO iter 2 - LBFGS: NLL=-277.7016  mean_cds=8.782e-09  mean_casa=8.525 deg, 0.56s 
AO iter 3 - EM: NLL=-287.5805, 0.69s 
AO iter 3 - LBFGS: NLL=-292.6530  mean_cds=8.442e-09  mean_casa=8.465 deg, 0.84s 
mc_idx = 50/100, 耗时 77.06s 
AO iter 1 - EM: NLL=-171.1659, 0.12s 
AO iter 1 - LBFGS: NLL=-201.4707  mean_cds=1.044e-08  mean_casa=9.530 deg, 0.30s 
AO iter 2 - EM: NLL=-216.9684, 0.42s 
AO iter 2 - LBFGS: NLL=-225.4630  mean_cds=1.009e-08  mean_casa=9.412 deg, 0.59s 
AO iter 3 - EM: NLL=-228.6798, 0.71s 
AO iter 3 - LBFGS: NLL=-230.9906  mean_cds=1.000e-08  mean_casa=9.488 deg, 0.87s 
mc_idx = 51/100, 耗时 78.59s 
AO iter 1 - EM: NLL=-160.7929, 0.12s 
AO iter 1 - LBFGS: NLL=-216.5700  mean_cds=1.010e-08  mean_casa=9.590 deg, 0.30s 
AO iter 2 - EM: NLL=-233.9092, 0.42s 
AO iter 2 - LBFGS: NLL=-242.9262  mean_cds=9.755e-09  mean_casa=9.694 deg, 0.59s 
AO iter 3 - EM: NLL=-248.3234, 0.72s 
AO iter 3 - LBFGS: NLL=-253.0582  mean_cds=9.492e-09  mean_casa=9.818 deg, 0.87s 
mc_idx = 52/100, 耗时 80.16s 
AO iter 1 - EM: NLL=-172.0863, 0.12s 
AO iter 1 - LBFGS: NLL=-193.3387  mean_cds=1.057e-08  mean_casa=9.711 deg, 0.29s 
AO iter 2 - EM: NLL=-214.1833, 0.42s 
AO iter 2 - LBFGS: NLL=-225.1402  mean_cds=1.006e-08  mean_casa=9.480 deg, 0.57s 
AO iter 3 - EM: NLL=-233.0387, 0.70s 
AO iter 3 - LBFGS: NLL=-237.7847  mean_cds=9.675e-09  mean_casa=9.272 deg, 0.85s 
mc_idx = 53/100, 耗时 81.69s 
AO iter 1 - EM: NLL=-216.4679, 0.12s 
AO iter 1 - LBFGS: NLL=-257.0648  mean_cds=1.042e-08  mean_casa=9.611 deg, 0.30s 
AO iter 2 - EM: NLL=-287.2194, 0.43s 
AO iter 2 - LBFGS: NLL=-306.5754  mean_cds=9.986e-09  mean_casa=9.541 deg, 0.60s 
AO iter 3 - EM: NLL=-312.5838, 0.73s 
AO iter 3 - LBFGS: NLL=-315.3114  mean_cds=9.949e-09  mean_casa=9.545 deg, 0.89s 
mc_idx = 54/100, 耗时 83.25s 
AO iter 1 - EM: NLL=-277.8517, 0.12s 
AO iter 1 - LBFGS: NLL=-303.0936  mean_cds=1.075e-08  mean_casa=9.722 deg, 0.29s 
AO iter 2 - EM: NLL=-318.6947, 0.42s 
AO iter 2 - LBFGS: NLL=-335.2727  mean_cds=1.024e-08  mean_casa=9.642 deg, 0.58s 
AO iter 3 - EM: NLL=-342.0083, 0.70s 
AO iter 3 - LBFGS: NLL=-344.0859  mean_cds=1.015e-08  mean_casa=9.613 deg, 0.87s 
mc_idx = 55/100, 耗时 84.80s 
AO iter 1 - EM: NLL=-215.3726, 0.12s 
AO iter 1 - LBFGS: NLL=-244.0545  mean_cds=1.035e-08  mean_casa=9.852 deg, 0.29s 
AO iter 2 - EM: NLL=-259.1382, 0.41s 
AO iter 2 - LBFGS: NLL=-265.2603  mean_cds=9.882e-09  mean_casa=10.116 deg, 0.56s 
AO iter 3 - EM: NLL=-268.8077, 0.69s 
AO iter 3 - LBFGS: NLL=-276.8778  mean_cds=9.132e-09  mean_casa=10.632 deg, 0.86s 
mc_idx = 56/100, 耗时 86.33s 
AO iter 1 - EM: NLL=-186.5524, 0.12s 
AO iter 1 - LBFGS: NLL=-231.2562  mean_cds=9.425e-09  mean_casa=9.241 deg, 0.29s 
AO iter 2 - EM: NLL=-276.3233, 0.42s 
AO iter 2 - LBFGS: NLL=-291.2740  mean_cds=8.637e-09  mean_casa=9.157 deg, 0.59s 
AO iter 3 - EM: NLL=-296.0493, 0.71s 
AO iter 3 - LBFGS: NLL=-302.0674  mean_cds=8.142e-09  mean_casa=9.276 deg, 0.86s 
mc_idx = 57/100, 耗时 87.86s 
AO iter 1 - EM: NLL=-186.6906, 0.12s 
AO iter 1 - LBFGS: NLL=-222.9517  mean_cds=1.039e-08  mean_casa=9.581 deg, 0.30s 
AO iter 2 - EM: NLL=-231.0229, 0.42s 
AO iter 2 - LBFGS: NLL=-249.8603  mean_cds=9.520e-09  mean_casa=9.345 deg, 0.58s 
AO iter 3 - EM: NLL=-258.0944, 0.70s 
AO iter 3 - LBFGS: NLL=-262.7834  mean_cds=9.571e-09  mean_casa=9.290 deg, 0.87s 
mc_idx = 58/100, 耗时 89.40s 
AO iter 1 - EM: NLL=-249.3544, 0.12s 
AO iter 1 - LBFGS: NLL=-301.3966  mean_cds=1.030e-08  mean_casa=9.419 deg, 0.29s 
AO iter 2 - EM: NLL=-312.3378, 0.41s 
AO iter 2 - LBFGS: NLL=-323.0891  mean_cds=1.012e-08  mean_casa=9.390 deg, 0.57s 
AO iter 3 - EM: NLL=-326.0228, 0.70s 
AO iter 3 - LBFGS: NLL=-334.1267  mean_cds=9.999e-09  mean_casa=9.411 deg, 0.85s 
mc_idx = 59/100, 耗时 90.92s 
AO iter 1 - EM: NLL=-189.5065, 0.12s 
AO iter 1 - LBFGS: NLL=-217.4840  mean_cds=1.046e-08  mean_casa=9.526 deg, 0.29s 
AO iter 2 - EM: NLL=-240.0218, 0.42s 
AO iter 2 - LBFGS: NLL=-249.5295  mean_cds=1.028e-08  mean_casa=9.445 deg, 0.61s 
AO iter 3 - EM: NLL=-252.2936, 0.73s 
AO iter 3 - LBFGS: NLL=-257.8528  mean_cds=1.018e-08  mean_casa=9.425 deg, 0.90s 
mc_idx = 60/100, 耗时 92.48s 
AO iter 1 - EM: NLL=-245.0554, 0.12s 
AO iter 1 - LBFGS: NLL=-283.5336  mean_cds=1.003e-08  mean_casa=9.276 deg, 0.29s 
AO iter 2 - EM: NLL=-302.5396, 0.41s 
AO iter 2 - LBFGS: NLL=-324.2440  mean_cds=8.184e-09  mean_casa=8.911 deg, 0.57s 
AO iter 3 - EM: NLL=-332.4292, 0.70s 
AO iter 3 - LBFGS: NLL=-336.7353  mean_cds=8.061e-09  mean_casa=8.942 deg, 0.87s 
mc_idx = 61/100, 耗时 94.01s 
AO iter 1 - EM: NLL=-281.2875, 0.12s 
AO iter 1 - LBFGS: NLL=-325.8932  mean_cds=9.822e-09  mean_casa=9.178 deg, 0.29s 
AO iter 2 - EM: NLL=-341.6725, 0.41s 
AO iter 2 - LBFGS: NLL=-350.3284  mean_cds=9.347e-09  mean_casa=9.173 deg, 0.57s 
AO iter 3 - EM: NLL=-352.8547, 0.70s 
AO iter 3 - LBFGS: NLL=-359.1810  mean_cds=8.736e-09  mean_casa=9.286 deg, 0.87s 
mc_idx = 62/100, 耗时 95.55s 
AO iter 1 - EM: NLL=-236.0955, 0.12s 
AO iter 1 - LBFGS: NLL=-266.5940  mean_cds=1.030e-08  mean_casa=9.425 deg, 0.28s 
AO iter 2 - EM: NLL=-276.2412, 0.41s 
AO iter 2 - LBFGS: NLL=-289.1306  mean_cds=9.489e-09  mean_casa=9.117 deg, 0.57s 
AO iter 3 - EM: NLL=-291.1530, 0.69s 
AO iter 3 - LBFGS: NLL=-292.7876  mean_cds=9.379e-09  mean_casa=9.089 deg, 0.85s 
mc_idx = 63/100, 耗时 97.05s 
AO iter 1 - EM: NLL=-192.1501, 0.12s 
AO iter 1 - LBFGS: NLL=-253.4633  mean_cds=9.893e-09  mean_casa=8.812 deg, 0.29s 
AO iter 2 - EM: NLL=-282.8314, 0.41s 
AO iter 2 - LBFGS: NLL=-289.1171  mean_cds=9.610e-09  mean_casa=8.824 deg, 0.56s 
AO iter 3 - EM: NLL=-293.2514, 0.68s 
AO iter 3 - LBFGS: NLL=-299.0913  mean_cds=9.586e-09  mean_casa=8.826 deg, 0.84s 
mc_idx = 64/100, 耗时 98.55s 
AO iter 1 - EM: NLL=-208.8716, 0.12s 
AO iter 1 - LBFGS: NLL=-242.0272  mean_cds=1.020e-08  mean_casa=9.609 deg, 0.29s 
AO iter 2 - EM: NLL=-253.8135, 0.41s 
AO iter 2 - LBFGS: NLL=-266.6969  mean_cds=9.230e-09  mean_casa=10.049 deg, 0.57s 
AO iter 3 - EM: NLL=-269.8660, 0.69s 
AO iter 3 - LBFGS: NLL=-271.2249  mean_cds=9.025e-09  mean_casa=10.056 deg, 0.84s 
mc_idx = 65/100, 耗时 100.06s 
AO iter 1 - EM: NLL=-229.5287, 0.12s 
AO iter 1 - LBFGS: NLL=-275.2943  mean_cds=1.001e-08  mean_casa=9.442 deg, 0.29s 
AO iter 2 - EM: NLL=-289.6497, 0.41s 
AO iter 2 - LBFGS: NLL=-300.2883  mean_cds=9.513e-09  mean_casa=9.317 deg, 0.57s 
AO iter 3 - EM: NLL=-306.6842, 0.69s 
AO iter 3 - LBFGS: NLL=-314.4559  mean_cds=9.040e-09  mean_casa=9.190 deg, 0.85s 
mc_idx = 66/100, 耗时 101.59s 
AO iter 1 - EM: NLL=-289.3703, 0.12s 
AO iter 1 - LBFGS: NLL=-345.0831  mean_cds=1.003e-08  mean_casa=9.137 deg, 0.29s 
AO iter 2 - EM: NLL=-371.2882, 0.41s 
AO iter 2 - LBFGS: NLL=-392.3175  mean_cds=9.318e-09  mean_casa=8.527 deg, 0.57s 
AO iter 3 - EM: NLL=-399.4720, 0.70s 
AO iter 3 - LBFGS: NLL=-402.2786  mean_cds=9.192e-09  mean_casa=8.394 deg, 0.85s 
mc_idx = 67/100, 耗时 103.11s 
AO iter 1 - EM: NLL=-139.7154, 0.13s 
AO iter 1 - LBFGS: NLL=-171.3484  mean_cds=1.054e-08  mean_casa=9.832 deg, 0.31s 
AO iter 2 - EM: NLL=-198.7354, 0.43s 
AO iter 2 - LBFGS: NLL=-210.3705  mean_cds=1.004e-08  mean_casa=9.623 deg, 0.59s 
AO iter 3 - EM: NLL=-215.7027, 0.71s 
AO iter 3 - LBFGS: NLL=-225.0263  mean_cds=9.497e-09  mean_casa=9.541 deg, 0.88s 
mc_idx = 68/100, 耗时 104.67s 
AO iter 1 - EM: NLL=-151.4964, 0.12s 
AO iter 1 - LBFGS: NLL=-185.0530  mean_cds=1.044e-08  mean_casa=9.457 deg, 0.29s 
AO iter 2 - EM: NLL=-203.9812, 0.42s 
AO iter 2 - LBFGS: NLL=-212.9066  mean_cds=1.036e-08  mean_casa=9.298 deg, 0.58s 
AO iter 3 - EM: NLL=-216.2723, 0.70s 
AO iter 3 - LBFGS: NLL=-223.3523  mean_cds=1.026e-08  mean_casa=9.057 deg, 0.86s 
mc_idx = 69/100, 耗时 106.20s 
AO iter 1 - EM: NLL=-215.4434, 0.12s 
AO iter 1 - LBFGS: NLL=-246.0321  mean_cds=1.022e-08  mean_casa=9.605 deg, 0.29s 
AO iter 2 - EM: NLL=-268.1710, 0.42s 
AO iter 2 - LBFGS: NLL=-276.8965  mean_cds=9.495e-09  mean_casa=9.886 deg, 0.58s 
AO iter 3 - EM: NLL=-281.5702, 0.70s 
AO iter 3 - LBFGS: NLL=-291.2835  mean_cds=8.697e-09  mean_casa=10.394 deg, 0.86s 
mc_idx = 70/100, 耗时 107.73s 
AO iter 1 - EM: NLL=-143.6471, 0.12s 
AO iter 1 - LBFGS: NLL=-177.6659  mean_cds=9.772e-09  mean_casa=9.808 deg, 0.30s 
AO iter 2 - EM: NLL=-187.7714, 0.42s 
AO iter 2 - LBFGS: NLL=-197.0086  mean_cds=9.273e-09  mean_casa=9.980 deg, 0.57s 
AO iter 3 - EM: NLL=-199.9652, 0.70s 
AO iter 3 - LBFGS: NLL=-204.0824  mean_cds=9.091e-09  mean_casa=10.032 deg, 0.86s 
mc_idx = 71/100, 耗时 109.26s 
AO iter 1 - EM: NLL=-103.1821, 0.12s 
AO iter 1 - LBFGS: NLL=-133.5092  mean_cds=1.048e-08  mean_casa=9.622 deg, 0.29s 
AO iter 2 - EM: NLL=-154.7679, 0.42s 
AO iter 2 - LBFGS: NLL=-174.4826  mean_cds=9.931e-09  mean_casa=9.503 deg, 0.58s 
AO iter 3 - EM: NLL=-181.2658, 0.70s 
AO iter 3 - LBFGS: NLL=-188.8793  mean_cds=9.507e-09  mean_casa=9.427 deg, 0.86s 
mc_idx = 72/100, 耗时 110.79s 
AO iter 1 - EM: NLL=-220.7079, 0.12s 
AO iter 1 - LBFGS: NLL=-276.9109  mean_cds=9.663e-09  mean_casa=9.040 deg, 0.29s 
AO iter 2 - EM: NLL=-304.2655, 0.41s 
AO iter 2 - LBFGS: NLL=-320.0958  mean_cds=9.118e-09  mean_casa=9.037 deg, 0.57s 
AO iter 3 - EM: NLL=-328.3447, 0.70s 
AO iter 3 - LBFGS: NLL=-334.6863  mean_cds=8.597e-09  mean_casa=8.941 deg, 0.85s 
mc_idx = 73/100, 耗时 112.31s 
AO iter 1 - EM: NLL=-124.8031, 0.14s 
AO iter 1 - LBFGS: NLL=-158.1574  mean_cds=1.012e-08  mean_casa=9.365 deg, 0.32s 
AO iter 2 - EM: NLL=-173.2383, 0.45s 
AO iter 2 - LBFGS: NLL=-186.2624  mean_cds=9.376e-09  mean_casa=9.265 deg, 0.60s 
AO iter 3 - EM: NLL=-192.8915, 0.73s 
AO iter 3 - LBFGS: NLL=-200.3827  mean_cds=8.835e-09  mean_casa=9.270 deg, 0.88s 
mc_idx = 74/100, 耗时 113.87s 
AO iter 1 - EM: NLL=-155.7977, 0.12s 
AO iter 1 - LBFGS: NLL=-179.8576  mean_cds=1.042e-08  mean_casa=9.745 deg, 0.29s 
AO iter 2 - EM: NLL=-201.1879, 0.42s 
AO iter 2 - LBFGS: NLL=-212.8050  mean_cds=1.001e-08  mean_casa=10.148 deg, 0.57s 
AO iter 3 - EM: NLL=-218.0732, 0.69s 
AO iter 3 - LBFGS: NLL=-223.2954  mean_cds=9.655e-09  mean_casa=10.437 deg, 0.85s 
mc_idx = 75/100, 耗时 115.38s 
AO iter 1 - EM: NLL=-240.0346, 0.12s 
AO iter 1 - LBFGS: NLL=-260.2593  mean_cds=1.071e-08  mean_casa=9.584 deg, 0.31s 
AO iter 2 - EM: NLL=-273.6837, 0.43s 
AO iter 2 - LBFGS: NLL=-281.3421  mean_cds=1.044e-08  mean_casa=9.080 deg, 0.59s 
AO iter 3 - EM: NLL=-286.1190, 0.72s 
AO iter 3 - LBFGS: NLL=-287.9878  mean_cds=1.036e-08  mean_casa=9.041 deg, 0.89s 
mc_idx = 76/100, 耗时 116.96s 
AO iter 1 - EM: NLL=-196.7886, 0.12s 
AO iter 1 - LBFGS: NLL=-221.4404  mean_cds=1.019e-08  mean_casa=9.736 deg, 0.29s 
AO iter 2 - EM: NLL=-234.3901, 0.41s 
AO iter 2 - LBFGS: NLL=-244.3988  mean_cds=9.448e-09  mean_casa=9.910 deg, 0.57s 
AO iter 3 - EM: NLL=-247.0862, 0.70s 
AO iter 3 - LBFGS: NLL=-249.5557  mean_cds=9.279e-09  mean_casa=10.052 deg, 0.86s 
mc_idx = 77/100, 耗时 118.49s 
AO iter 1 - EM: NLL=-154.6987, 0.12s 
AO iter 1 - LBFGS: NLL=-179.8716  mean_cds=1.042e-08  mean_casa=9.645 deg, 0.30s 
AO iter 2 - EM: NLL=-194.7573, 0.42s 
AO iter 2 - LBFGS: NLL=-210.6738  mean_cds=9.280e-09  mean_casa=9.664 deg, 0.58s 
AO iter 3 - EM: NLL=-219.3117, 0.71s 
AO iter 3 - LBFGS: NLL=-227.1095  mean_cds=9.118e-09  mean_casa=8.983 deg, 0.87s 
mc_idx = 78/100, 耗时 120.02s 
AO iter 1 - EM: NLL=-202.6841, 0.12s 
AO iter 1 - LBFGS: NLL=-233.9031  mean_cds=9.816e-09  mean_casa=9.644 deg, 0.30s 
AO iter 2 - EM: NLL=-269.2647, 0.43s 
AO iter 2 - LBFGS: NLL=-289.6202  mean_cds=9.437e-09  mean_casa=9.653 deg, 0.62s 
AO iter 3 - EM: NLL=-298.6597, 0.75s 
AO iter 3 - LBFGS: NLL=-303.6356  mean_cds=9.244e-09  mean_casa=9.665 deg, 0.93s 
mc_idx = 79/100, 耗时 121.63s 
AO iter 1 - EM: NLL=-145.7586, 0.12s 
AO iter 1 - LBFGS: NLL=-178.7874  mean_cds=1.002e-08  mean_casa=9.531 deg, 0.29s 
AO iter 2 - EM: NLL=-195.3878, 0.41s 
AO iter 2 - LBFGS: NLL=-207.0946  mean_cds=9.646e-09  mean_casa=9.446 deg, 0.59s 
AO iter 3 - EM: NLL=-210.8478, 0.71s 
AO iter 3 - LBFGS: NLL=-215.3555  mean_cds=9.435e-09  mean_casa=9.401 deg, 0.87s 
mc_idx = 80/100, 耗时 123.17s 
AO iter 1 - EM: NLL=-172.9044, 0.12s 
AO iter 1 - LBFGS: NLL=-225.0651  mean_cds=9.576e-09  mean_casa=9.289 deg, 0.29s 
AO iter 2 - EM: NLL=-238.4675, 0.41s 
AO iter 2 - LBFGS: NLL=-251.3408  mean_cds=9.030e-09  mean_casa=9.450 deg, 0.57s 
AO iter 3 - EM: NLL=-256.4248, 0.69s 
AO iter 3 - LBFGS: NLL=-265.1345  mean_cds=8.511e-09  mean_casa=9.636 deg, 0.85s 
mc_idx = 81/100, 耗时 124.69s 
AO iter 1 - EM: NLL=-184.1602, 0.13s 
AO iter 1 - LBFGS: NLL=-218.5973  mean_cds=9.931e-09  mean_casa=9.652 deg, 0.30s 
AO iter 2 - EM: NLL=-228.2485, 0.43s 
AO iter 2 - LBFGS: NLL=-238.6357  mean_cds=9.445e-09  mean_casa=9.781 deg, 0.58s 
AO iter 3 - EM: NLL=-241.7416, 0.71s 
AO iter 3 - LBFGS: NLL=-246.1171  mean_cds=9.198e-09  mean_casa=9.751 deg, 0.87s 
mc_idx = 82/100, 耗时 126.24s 
AO iter 1 - EM: NLL=-198.7578, 0.12s 
AO iter 1 - LBFGS: NLL=-260.2303  mean_cds=9.874e-09  mean_casa=9.468 deg, 0.29s 
AO iter 2 - EM: NLL=-281.8277, 0.42s 
AO iter 2 - LBFGS: NLL=-300.0496  mean_cds=8.944e-09  mean_casa=9.212 deg, 0.59s 
AO iter 3 - EM: NLL=-305.0780, 0.71s 
AO iter 3 - LBFGS: NLL=-309.3723  mean_cds=8.772e-09  mean_casa=9.267 deg, 0.88s 
mc_idx = 83/100, 耗时 127.81s 
AO iter 1 - EM: NLL=-280.4798, 0.12s 
AO iter 1 - LBFGS: NLL=-326.0586  mean_cds=1.023e-08  mean_casa=9.386 deg, 0.31s 
AO iter 2 - EM: NLL=-336.3131, 0.43s 
AO iter 2 - LBFGS: NLL=-350.5182  mean_cds=9.556e-09  mean_casa=8.750 deg, 0.59s 
AO iter 3 - EM: NLL=-354.6499, 0.71s 
AO iter 3 - LBFGS: NLL=-356.9398  mean_cds=9.462e-09  mean_casa=8.667 deg, 0.87s 
mc_idx = 84/100, 耗时 129.34s 
AO iter 1 - EM: NLL=-149.9913, 0.12s 
AO iter 1 - LBFGS: NLL=-171.2368  mean_cds=1.055e-08  mean_casa=9.771 deg, 0.31s 
AO iter 2 - EM: NLL=-188.4958, 0.44s 
AO iter 2 - LBFGS: NLL=-200.3959  mean_cds=1.010e-08  mean_casa=9.567 deg, 0.62s 
AO iter 3 - EM: NLL=-202.2088, 0.74s 
AO iter 3 - LBFGS: NLL=-207.2653  mean_cds=9.880e-09  mean_casa=9.578 deg, 0.90s 
mc_idx = 85/100, 耗时 130.90s 
AO iter 1 - EM: NLL=-119.2710, 0.12s 
AO iter 1 - LBFGS: NLL=-164.0519  mean_cds=1.027e-08  mean_casa=9.378 deg, 0.30s 
AO iter 2 - EM: NLL=-173.3139, 0.42s 
AO iter 2 - LBFGS: NLL=-181.2870  mean_cds=9.738e-09  mean_casa=9.520 deg, 0.58s 
AO iter 3 - EM: NLL=-184.2718, 0.71s 
AO iter 3 - LBFGS: NLL=-187.8139  mean_cds=9.590e-09  mean_casa=9.591 deg, 0.87s 
mc_idx = 86/100, 耗时 132.43s 
AO iter 1 - EM: NLL=-188.7925, 0.12s 
AO iter 1 - LBFGS: NLL=-236.9872  mean_cds=1.048e-08  mean_casa=9.345 deg, 0.30s 
AO iter 2 - EM: NLL=-241.3145, 0.43s 
AO iter 2 - LBFGS: NLL=-258.3335  mean_cds=9.401e-09  mean_casa=9.183 deg, 0.58s 
AO iter 3 - EM: NLL=-261.5813, 0.70s 
AO iter 3 - LBFGS: NLL=-266.5946  mean_cds=9.289e-09  mean_casa=9.159 deg, 0.87s 
mc_idx = 87/100, 耗时 133.97s 
AO iter 1 - EM: NLL=-217.6461, 0.13s 
AO iter 1 - LBFGS: NLL=-245.5286  mean_cds=1.049e-08  mean_casa=9.652 deg, 0.30s 
AO iter 2 - EM: NLL=-264.0817, 0.42s 
AO iter 2 - LBFGS: NLL=-280.8330  mean_cds=1.004e-08  mean_casa=9.605 deg, 0.58s 
AO iter 3 - EM: NLL=-293.6027, 0.71s 
AO iter 3 - LBFGS: NLL=-297.2503  mean_cds=9.860e-09  mean_casa=9.592 deg, 0.87s 
mc_idx = 88/100, 耗时 135.52s 
AO iter 1 - EM: NLL=-182.1658, 0.12s 
AO iter 1 - LBFGS: NLL=-212.5169  mean_cds=1.049e-08  mean_casa=9.841 deg, 0.30s 
AO iter 2 - EM: NLL=-226.4169, 0.42s 
AO iter 2 - LBFGS: NLL=-236.5445  mean_cds=9.927e-09  mean_casa=9.875 deg, 0.58s 
AO iter 3 - EM: NLL=-238.0580, 0.71s 
AO iter 3 - LBFGS: NLL=-240.4066  mean_cds=9.818e-09  mean_casa=9.939 deg, 0.87s 
mc_idx = 89/100, 耗时 137.06s 
AO iter 1 - EM: NLL=-155.9902, 0.12s 
AO iter 1 - LBFGS: NLL=-184.6175  mean_cds=1.054e-08  mean_casa=9.677 deg, 0.30s 
AO iter 2 - EM: NLL=-198.6749, 0.42s 
AO iter 2 - LBFGS: NLL=-208.8740  mean_cds=1.031e-08  mean_casa=9.807 deg, 0.58s 
AO iter 3 - EM: NLL=-212.2845, 0.71s 
AO iter 3 - LBFGS: NLL=-214.8467  mean_cds=1.013e-08  mean_casa=9.777 deg, 0.87s 
mc_idx = 90/100, 耗时 138.59s 
AO iter 1 - EM: NLL=-189.8750, 0.14s 
AO iter 1 - LBFGS: NLL=-243.3213  mean_cds=9.965e-09  mean_casa=9.442 deg, 0.33s 
AO iter 2 - EM: NLL=-281.8461, 0.45s 
AO iter 2 - LBFGS: NLL=-301.6114  mean_cds=9.441e-09  mean_casa=9.312 deg, 0.61s 
AO iter 3 - EM: NLL=-311.2290, 0.74s 
AO iter 3 - LBFGS: NLL=-326.3491  mean_cds=8.744e-09  mean_casa=9.183 deg, 0.92s 
mc_idx = 91/100, 耗时 140.20s 
AO iter 1 - EM: NLL=-195.4053, 0.13s 
AO iter 1 - LBFGS: NLL=-245.7071  mean_cds=1.040e-08  mean_casa=9.123 deg, 0.32s 
AO iter 2 - EM: NLL=-272.7433, 0.44s 
AO iter 2 - LBFGS: NLL=-281.7254  mean_cds=1.001e-08  mean_casa=9.163 deg, 0.61s 
AO iter 3 - EM: NLL=-284.7659, 0.73s 
AO iter 3 - LBFGS: NLL=-289.5973  mean_cds=9.674e-09  mean_casa=8.946 deg, 0.90s 
mc_idx = 92/100, 耗时 141.76s 
AO iter 1 - EM: NLL=-156.3170, 0.12s 
AO iter 1 - LBFGS: NLL=-181.0088  mean_cds=1.047e-08  mean_casa=9.694 deg, 0.29s 
AO iter 2 - EM: NLL=-197.6812, 0.41s 
AO iter 2 - LBFGS: NLL=-209.1279  mean_cds=1.014e-08  mean_casa=9.523 deg, 0.57s 
AO iter 3 - EM: NLL=-214.4942, 0.70s 
AO iter 3 - LBFGS: NLL=-219.5495  mean_cds=9.876e-09  mean_casa=9.532 deg, 0.86s 
mc_idx = 93/100, 耗时 143.29s 
AO iter 1 - EM: NLL=-137.3424, 0.12s 
AO iter 1 - LBFGS: NLL=-171.2376  mean_cds=1.024e-08  mean_casa=9.504 deg, 0.30s 
AO iter 2 - EM: NLL=-185.8584, 0.42s 
AO iter 2 - LBFGS: NLL=-193.7238  mean_cds=9.950e-09  mean_casa=9.549 deg, 0.58s 
AO iter 3 - EM: NLL=-197.3590, 0.70s 
AO iter 3 - LBFGS: NLL=-205.0521  mean_cds=9.621e-09  mean_casa=9.536 deg, 0.85s 
mc_idx = 94/100, 耗时 144.83s 
AO iter 1 - EM: NLL=-149.6851, 0.14s 
AO iter 1 - LBFGS: NLL=-192.3998  mean_cds=9.958e-09  mean_casa=9.663 deg, 0.31s 
AO iter 2 - EM: NLL=-206.8534, 0.43s 
AO iter 2 - LBFGS: NLL=-224.0706  mean_cds=9.345e-09  mean_casa=9.924 deg, 0.58s 
AO iter 3 - EM: NLL=-226.4971, 0.71s 
AO iter 3 - LBFGS: NLL=-229.2868  mean_cds=9.154e-09  mean_casa=9.961 deg, 0.86s 
mc_idx = 95/100, 耗时 146.37s 
AO iter 1 - EM: NLL=-214.8109, 0.12s 
AO iter 1 - LBFGS: NLL=-257.0992  mean_cds=9.320e-09  mean_casa=9.485 deg, 0.30s 
AO iter 2 - EM: NLL=-289.9319, 0.43s 
AO iter 2 - LBFGS: NLL=-303.2007  mean_cds=8.902e-09  mean_casa=9.502 deg, 0.60s 
AO iter 3 - EM: NLL=-307.7892, 0.72s 
AO iter 3 - LBFGS: NLL=-316.6437  mean_cds=8.313e-09  mean_casa=9.648 deg, 0.88s 
mc_idx = 96/100, 耗时 147.93s 
AO iter 1 - EM: NLL=-174.7698, 0.12s 
AO iter 1 - LBFGS: NLL=-211.2700  mean_cds=1.048e-08  mean_casa=9.263 deg, 0.29s 
AO iter 2 - EM: NLL=-220.7524, 0.41s 
AO iter 2 - LBFGS: NLL=-232.4441  mean_cds=9.939e-09  mean_casa=8.845 deg, 0.58s 
AO iter 3 - EM: NLL=-237.2761, 0.70s 
AO iter 3 - LBFGS: NLL=-240.2989  mean_cds=9.649e-09  mean_casa=8.909 deg, 0.86s 
mc_idx = 97/100, 耗时 149.46s 
AO iter 1 - EM: NLL=-186.7436, 0.13s 
AO iter 1 - LBFGS: NLL=-209.7827  mean_cds=1.042e-08  mean_casa=9.542 deg, 0.29s 
AO iter 2 - EM: NLL=-224.4611, 0.42s 
AO iter 2 - LBFGS: NLL=-228.6163  mean_cds=1.024e-08  mean_casa=9.544 deg, 0.58s 
AO iter 3 - EM: NLL=-233.9637, 0.70s 
AO iter 3 - LBFGS: NLL=-237.9315  mean_cds=1.012e-08  mean_casa=9.715 deg, 0.85s 
mc_idx = 98/100, 耗时 150.98s 
AO iter 1 - EM: NLL=-246.1356, 0.12s 
AO iter 1 - LBFGS: NLL=-292.2870  mean_cds=9.704e-09  mean_casa=10.025 deg, 0.29s 
AO iter 2 - EM: NLL=-318.8366, 0.41s 
AO iter 2 - LBFGS: NLL=-331.7512  mean_cds=9.125e-09  mean_casa=9.919 deg, 0.56s 
AO iter 3 - EM: NLL=-334.1521, 0.69s 
AO iter 3 - LBFGS: NLL=-339.7979  mean_cds=8.668e-09  mean_casa=10.012 deg, 0.84s 
mc_idx = 99/100, 耗时 152.49s 
AO iter 1 - EM: NLL=-217.0160, 0.12s 
AO iter 1 - LBFGS: NLL=-247.0760  mean_cds=1.013e-08  mean_casa=9.308 deg, 0.28s 
AO iter 2 - EM: NLL=-255.7179, 0.41s 
AO iter 2 - LBFGS: NLL=-267.4921  mean_cds=9.544e-09  mean_casa=9.177 deg, 0.57s 
AO iter 3 - EM: NLL=-267.8178, 0.69s 
AO iter 3 - LBFGS: NLL=-271.3021  mean_cds=9.455e-09  mean_casa=9.066 deg, 0.86s 
mc_idx = 100/100, 耗时 154.01s 

====== SNR_dB = 15 (5/5) finished, consumed 154.0s ======

时延分辨率:4.1 ns, 角度分辨率:3.6 deg 
平均每簇参数自由度: 时延-5.4, 角度-11.2, 总-60.4 
RMS时延扩展:100.22 ns, 相干带宽(50%):2.00 MHz, 相干带宽(90%):0.20 MHz
开始MonteCarlo仿真...... 
AO iter 1 - EM: NLL=241.4180, 0.12s 
AO iter 1 - LBFGS: NLL=235.8668  mean_cds=1.100e-08  mean_casa=9.085 deg, 0.29s 
AO iter 2 - EM: NLL=229.3182, 0.41s 
AO iter 2 - LBFGS: NLL=227.3467  mean_cds=1.102e-08  mean_casa=9.125 deg, 0.56s 
AO iter 3 - EM: NLL=226.1969, 0.68s 
AO iter 3 - LBFGS: NLL=224.9070  mean_cds=1.129e-08  mean_casa=8.828 deg, 0.83s 
mc_idx = 1/50, 耗时 1.50s 
AO iter 1 - EM: NLL=228.1521, 0.12s 
AO iter 1 - LBFGS: NLL=224.1845  mean_cds=1.104e-08  mean_casa=9.447 deg, 0.28s 
AO iter 2 - EM: NLL=219.6132, 0.40s 
AO iter 2 - LBFGS: NLL=218.2047  mean_cds=1.122e-08  mean_casa=9.977 deg, 0.55s 
AO iter 3 - EM: NLL=217.4288, 0.68s 
AO iter 3 - LBFGS: NLL=216.3529  mean_cds=1.169e-08  mean_casa=10.063 deg, 0.82s 
mc_idx = 2/50, 耗时 2.97s 
AO iter 1 - EM: NLL=250.8948, 0.14s 
AO iter 1 - LBFGS: NLL=244.8937  mean_cds=1.070e-08  mean_casa=8.617 deg, 0.31s 
AO iter 2 - EM: NLL=241.7106, 0.43s 
AO iter 2 - LBFGS: NLL=239.6817  mean_cds=1.049e-08  mean_casa=8.556 deg, 0.60s 
AO iter 3 - EM: NLL=239.2244, 0.72s 
AO iter 3 - LBFGS: NLL=237.5157  mean_cds=1.000e-08  mean_casa=8.156 deg, 0.87s 
mc_idx = 3/50, 耗时 4.49s 
AO iter 1 - EM: NLL=257.6089, 0.12s 
AO iter 1 - LBFGS: NLL=248.5926  mean_cds=1.120e-08  mean_casa=9.275 deg, 0.28s 
AO iter 2 - EM: NLL=242.5168, 0.40s 
AO iter 2 - LBFGS: NLL=241.5535  mean_cds=1.141e-08  mean_casa=9.627 deg, 0.57s 
AO iter 3 - EM: NLL=240.1894, 0.69s 
AO iter 3 - LBFGS: NLL=238.6242  mean_cds=1.250e-08  mean_casa=10.641 deg, 0.85s 
mc_idx = 4/50, 耗时 5.98s 
AO iter 1 - EM: NLL=242.5122, 0.12s 
AO iter 1 - LBFGS: NLL=230.0078  mean_cds=1.602e-08  mean_casa=12.554 deg, 0.26s 
AO iter 2 - EM: NLL=226.1708, 0.39s 
AO iter 2 - LBFGS: NLL=222.2486  mean_cds=1.868e-08  mean_casa=14.085 deg, 0.53s 
AO iter 3 - EM: NLL=221.5968, 0.65s 
AO iter 3 - LBFGS: NLL=221.0917  mean_cds=1.952e-08  mean_casa=14.441 deg, 0.80s 
mc_idx = 5/50, 耗时 7.42s 
AO iter 1 - EM: NLL=240.0338, 0.12s 
AO iter 1 - LBFGS: NLL=234.6473  mean_cds=1.113e-08  mean_casa=9.073 deg, 0.27s 
AO iter 2 - EM: NLL=229.7460, 0.40s 
AO iter 2 - LBFGS: NLL=228.5142  mean_cds=1.153e-08  mean_casa=9.274 deg, 0.55s 
AO iter 3 - EM: NLL=227.5196, 0.67s 
AO iter 3 - LBFGS: NLL=225.3802  mean_cds=1.756e-08  mean_casa=10.079 deg, 0.81s 
mc_idx = 6/50, 耗时 8.87s 
AO iter 1 - EM: NLL=238.4593, 0.12s 
AO iter 1 - LBFGS: NLL=233.0720  mean_cds=1.106e-08  mean_casa=9.279 deg, 0.27s 
AO iter 2 - EM: NLL=226.7589, 0.39s 
AO iter 2 - LBFGS: NLL=222.5096  mean_cds=1.119e-08  mean_casa=9.569 deg, 0.54s 
AO iter 3 - EM: NLL=219.1151, 0.67s 
AO iter 3 - LBFGS: NLL=215.1125  mean_cds=1.113e-08  mean_casa=9.516 deg, 0.82s 
mc_idx = 7/50, 耗时 10.34s 
AO iter 1 - EM: NLL=267.8372, 0.12s 
AO iter 1 - LBFGS: NLL=265.2414  mean_cds=1.059e-08  mean_casa=9.778 deg, 0.27s 
AO iter 2 - EM: NLL=264.9451, 0.39s 
AO iter 2 - LBFGS: NLL=261.4068  mean_cds=1.053e-08  mean_casa=12.295 deg, 0.53s 
AO iter 3 - EM: NLL=256.8436, 0.65s 
AO iter 3 - LBFGS: NLL=255.6663  mean_cds=1.062e-08  mean_casa=13.052 deg, 0.81s 
mc_idx = 8/50, 耗时 11.79s 
AO iter 1 - EM: NLL=248.0890, 0.12s 
AO iter 1 - LBFGS: NLL=243.7693  mean_cds=1.246e-08  mean_casa=11.400 deg, 0.26s 
AO iter 2 - EM: NLL=241.5753, 0.38s 
AO iter 2 - LBFGS: NLL=240.9453  mean_cds=1.257e-08  mean_casa=11.879 deg, 0.53s 
AO iter 3 - EM: NLL=239.9777, 0.65s 
AO iter 3 - LBFGS: NLL=239.5889  mean_cds=1.284e-08  mean_casa=12.451 deg, 0.80s 
mc_idx = 9/50, 耗时 13.23s 
AO iter 1 - EM: NLL=254.2511, 0.12s 
AO iter 1 - LBFGS: NLL=245.2184  mean_cds=1.728e-08  mean_casa=9.277 deg, 0.26s 
AO iter 2 - EM: NLL=242.1933, 0.38s 
AO iter 2 - LBFGS: NLL=236.7979  mean_cds=2.084e-08  mean_casa=11.348 deg, 0.53s 
AO iter 3 - EM: NLL=235.9179, 0.66s 
AO iter 3 - LBFGS: NLL=235.3138  mean_cds=2.139e-08  mean_casa=11.511 deg, 0.81s 
mc_idx = 10/50, 耗时 14.68s 
AO iter 1 - EM: NLL=226.2837, 0.12s 
AO iter 1 - LBFGS: NLL=218.9532  mean_cds=1.460e-08  mean_casa=8.651 deg, 0.26s 
AO iter 2 - EM: NLL=218.7818, 0.38s 
AO iter 2 - LBFGS: NLL=215.6104  mean_cds=1.927e-08  mean_casa=10.657 deg, 0.54s 
AO iter 3 - EM: NLL=213.1938, 0.66s 
AO iter 3 - LBFGS: NLL=212.3938  mean_cds=2.139e-08  mean_casa=11.345 deg, 0.81s 
mc_idx = 11/50, 耗时 16.14s 
AO iter 1 - EM: NLL=264.0257, 0.12s 
AO iter 1 - LBFGS: NLL=258.6369  mean_cds=1.079e-08  mean_casa=9.451 deg, 0.28s 
AO iter 2 - EM: NLL=254.2324, 0.40s 
AO iter 2 - LBFGS: NLL=252.7499  mean_cds=1.075e-08  mean_casa=9.597 deg, 0.54s 
AO iter 3 - EM: NLL=251.8356, 0.67s 
AO iter 3 - LBFGS: NLL=251.3766  mean_cds=1.072e-08  mean_casa=9.709 deg, 0.81s 
mc_idx = 12/50, 耗时 17.60s 
AO iter 1 - EM: NLL=232.5556, 0.12s 
AO iter 1 - LBFGS: NLL=225.7994  mean_cds=1.006e-08  mean_casa=10.420 deg, 0.26s 
AO iter 2 - EM: NLL=222.1627, 0.38s 
AO iter 2 - LBFGS: NLL=220.2869  mean_cds=1.066e-08  mean_casa=11.526 deg, 0.52s 
AO iter 3 - EM: NLL=219.7185, 0.65s 
AO iter 3 - LBFGS: NLL=218.6223  mean_cds=1.119e-08  mean_casa=11.954 deg, 0.79s 
mc_idx = 13/50, 耗时 19.03s 
AO iter 1 - EM: NLL=236.0976, 0.12s 
AO iter 1 - LBFGS: NLL=222.2420  mean_cds=1.157e-08  mean_casa=8.450 deg, 0.27s 
AO iter 2 - EM: NLL=214.1739, 0.39s 
AO iter 2 - LBFGS: NLL=212.9393  mean_cds=1.201e-08  mean_casa=8.581 deg, 0.55s 
AO iter 3 - EM: NLL=212.2950, 0.67s 
AO iter 3 - LBFGS: NLL=209.7567  mean_cds=1.629e-08  mean_casa=8.841 deg, 0.81s 
mc_idx = 14/50, 耗时 20.49s 
AO iter 1 - EM: NLL=201.9467, 0.12s 
AO iter 1 - LBFGS: NLL=194.5536  mean_cds=1.333e-08  mean_casa=12.870 deg, 0.26s 
AO iter 2 - EM: NLL=192.0965, 0.38s 
AO iter 2 - LBFGS: NLL=190.1926  mean_cds=1.398e-08  mean_casa=13.728 deg, 0.52s 
AO iter 3 - EM: NLL=189.5815, 0.65s 
AO iter 3 - LBFGS: NLL=188.4674  mean_cds=1.520e-08  mean_casa=14.752 deg, 0.79s 
mc_idx = 15/50, 耗时 21.91s 
AO iter 1 - EM: NLL=206.7193, 0.13s 
AO iter 1 - LBFGS: NLL=197.3875  mean_cds=1.213e-08  mean_casa=12.126 deg, 0.28s 
AO iter 2 - EM: NLL=191.3933, 0.41s 
AO iter 2 - LBFGS: NLL=190.2917  mean_cds=1.229e-08  mean_casa=12.624 deg, 0.56s 
AO iter 3 - EM: NLL=189.3970, 0.68s 
AO iter 3 - LBFGS: NLL=188.7840  mean_cds=1.211e-08  mean_casa=12.925 deg, 0.82s 
mc_idx = 16/50, 耗时 23.39s 
AO iter 1 - EM: NLL=255.1501, 0.12s 
AO iter 1 - LBFGS: NLL=241.9108  mean_cds=1.225e-08  mean_casa=11.354 deg, 0.27s 
AO iter 2 - EM: NLL=231.5614, 0.39s 
AO iter 2 - LBFGS: NLL=227.1784  mean_cds=1.278e-08  mean_casa=15.166 deg, 0.54s 
AO iter 3 - EM: NLL=225.1347, 0.66s 
AO iter 3 - LBFGS: NLL=224.8761  mean_cds=1.310e-08  mean_casa=15.395 deg, 0.81s 
mc_idx = 17/50, 耗时 24.83s 
AO iter 1 - EM: NLL=256.6059, 0.12s 
AO iter 1 - LBFGS: NLL=250.4514  mean_cds=1.149e-08  mean_casa=8.780 deg, 0.29s 
AO iter 2 - EM: NLL=245.8696, 0.41s 
AO iter 2 - LBFGS: NLL=244.4255  mean_cds=1.168e-08  mean_casa=8.819 deg, 0.57s 
AO iter 3 - EM: NLL=243.5635, 0.70s 
AO iter 3 - LBFGS: NLL=240.2633  mean_cds=1.379e-08  mean_casa=9.170 deg, 0.86s 
mc_idx = 18/50, 耗时 26.34s 
AO iter 1 - EM: NLL=232.7345, 0.12s 
AO iter 1 - LBFGS: NLL=208.5436  mean_cds=1.759e-08  mean_casa=10.636 deg, 0.26s 
AO iter 2 - EM: NLL=205.0706, 0.38s 
AO iter 2 - LBFGS: NLL=202.6199  mean_cds=1.757e-08  mean_casa=17.461 deg, 0.53s 
AO iter 3 - EM: NLL=201.9777, 0.65s 
AO iter 3 - LBFGS: NLL=200.6953  mean_cds=1.710e-08  mean_casa=16.495 deg, 0.79s 
mc_idx = 19/50, 耗时 27.77s 
AO iter 1 - EM: NLL=242.0286, 0.12s 
AO iter 1 - LBFGS: NLL=235.8480  mean_cds=1.092e-08  mean_casa=8.924 deg, 0.29s 
AO iter 2 - EM: NLL=231.8870, 0.42s 
AO iter 2 - LBFGS: NLL=229.1520  mean_cds=1.088e-08  mean_casa=8.706 deg, 0.57s 
AO iter 3 - EM: NLL=227.9038, 0.70s 
AO iter 3 - LBFGS: NLL=223.6007  mean_cds=1.132e-08  mean_casa=7.777 deg, 0.85s 
mc_idx = 20/50, 耗时 29.27s 
AO iter 1 - EM: NLL=222.7046, 0.12s 
AO iter 1 - LBFGS: NLL=214.6464  mean_cds=1.141e-08  mean_casa=9.159 deg, 0.27s 
AO iter 2 - EM: NLL=210.0363, 0.39s 
AO iter 2 - LBFGS: NLL=208.7167  mean_cds=1.157e-08  mean_casa=9.109 deg, 0.55s 
AO iter 3 - EM: NLL=207.6440, 0.67s 
AO iter 3 - LBFGS: NLL=207.0425  mean_cds=1.173e-08  mean_casa=9.175 deg, 0.81s 
mc_idx = 21/50, 耗时 30.72s 
AO iter 1 - EM: NLL=247.0566, 0.12s 
AO iter 1 - LBFGS: NLL=228.2382  mean_cds=2.688e-08  mean_casa=10.912 deg, 0.27s 
AO iter 2 - EM: NLL=217.1788, 0.40s 
AO iter 2 - LBFGS: NLL=216.1813  mean_cds=2.630e-08  mean_casa=12.675 deg, 0.54s 
AO iter 3 - EM: NLL=214.9759, 0.66s 
AO iter 3 - LBFGS: NLL=214.3091  mean_cds=2.467e-08  mean_casa=14.202 deg, 0.80s 
mc_idx = 22/50, 耗时 32.16s 
AO iter 1 - EM: NLL=243.3950, 0.12s 
AO iter 1 - LBFGS: NLL=239.1710  mean_cds=1.098e-08  mean_casa=9.416 deg, 0.28s 
AO iter 2 - EM: NLL=232.4508, 0.40s 
AO iter 2 - LBFGS: NLL=231.4826  mean_cds=1.098e-08  mean_casa=9.392 deg, 0.55s 
AO iter 3 - EM: NLL=230.1692, 0.68s 
AO iter 3 - LBFGS: NLL=227.9202  mean_cds=1.132e-08  mean_casa=9.016 deg, 0.82s 
mc_idx = 23/50, 耗时 33.62s 
AO iter 1 - EM: NLL=227.4610, 0.12s 
AO iter 1 - LBFGS: NLL=217.3882  mean_cds=1.233e-08  mean_casa=8.812 deg, 0.27s 
AO iter 2 - EM: NLL=211.9781, 0.39s 
AO iter 2 - LBFGS: NLL=210.5300  mean_cds=1.249e-08  mean_casa=8.438 deg, 0.54s 
AO iter 3 - EM: NLL=209.9649, 0.67s 
AO iter 3 - LBFGS: NLL=209.5928  mean_cds=1.267e-08  mean_casa=8.284 deg, 0.82s 
mc_idx = 24/50, 耗时 35.07s 
AO iter 1 - EM: NLL=251.0676, 0.12s 
AO iter 1 - LBFGS: NLL=233.4286  mean_cds=1.042e-08  mean_casa=9.810 deg, 0.26s 
AO iter 2 - EM: NLL=231.0130, 0.39s 
AO iter 2 - LBFGS: NLL=228.0714  mean_cds=1.021e-08  mean_casa=10.737 deg, 0.53s 
AO iter 3 - EM: NLL=227.1950, 0.65s 
AO iter 3 - LBFGS: NLL=226.4805  mean_cds=1.005e-08  mean_casa=10.139 deg, 0.79s 
mc_idx = 25/50, 耗时 36.51s 
AO iter 1 - EM: NLL=245.6111, 0.12s 
AO iter 1 - LBFGS: NLL=239.4340  mean_cds=1.678e-08  mean_casa=8.720 deg, 0.27s 
AO iter 2 - EM: NLL=232.5159, 0.39s 
AO iter 2 - LBFGS: NLL=229.8994  mean_cds=2.196e-08  mean_casa=8.782 deg, 0.53s 
AO iter 3 - EM: NLL=229.0901, 0.66s 
AO iter 3 - LBFGS: NLL=228.6921  mean_cds=2.446e-08  mean_casa=8.088 deg, 0.80s 
mc_idx = 26/50, 耗时 37.94s 
AO iter 1 - EM: NLL=203.1959, 0.12s 
AO iter 1 - LBFGS: NLL=198.7971  mean_cds=1.050e-08  mean_casa=8.914 deg, 0.27s 
AO iter 2 - EM: NLL=194.8711, 0.40s 
AO iter 2 - LBFGS: NLL=194.1697  mean_cds=1.027e-08  mean_casa=8.952 deg, 0.55s 
AO iter 3 - EM: NLL=192.8669, 0.67s 
AO iter 3 - LBFGS: NLL=192.4207  mean_cds=9.996e-09  mean_casa=8.814 deg, 0.83s 
mc_idx = 27/50, 耗时 39.41s 
AO iter 1 - EM: NLL=217.2012, 0.12s 
AO iter 1 - LBFGS: NLL=195.4463  mean_cds=1.256e-08  mean_casa=9.952 deg, 0.26s 
AO iter 2 - EM: NLL=191.7067, 0.38s 
AO iter 2 - LBFGS: NLL=189.6654  mean_cds=1.297e-08  mean_casa=11.609 deg, 0.54s 
AO iter 3 - EM: NLL=189.1617, 0.66s 
AO iter 3 - LBFGS: NLL=188.5319  mean_cds=1.388e-08  mean_casa=12.218 deg, 0.81s 
mc_idx = 28/50, 耗时 40.84s 
AO iter 1 - EM: NLL=232.9253, 0.12s 
AO iter 1 - LBFGS: NLL=229.3775  mean_cds=1.086e-08  mean_casa=9.554 deg, 0.27s 
AO iter 2 - EM: NLL=226.4266, 0.40s 
AO iter 2 - LBFGS: NLL=225.5317  mean_cds=1.080e-08  mean_casa=9.703 deg, 0.55s 
AO iter 3 - EM: NLL=224.5500, 0.67s 
AO iter 3 - LBFGS: NLL=223.6446  mean_cds=1.086e-08  mean_casa=10.160 deg, 0.83s 
mc_idx = 29/50, 耗时 42.31s 
AO iter 1 - EM: NLL=263.4687, 0.12s 
AO iter 1 - LBFGS: NLL=256.1549  mean_cds=1.167e-08  mean_casa=8.704 deg, 0.27s 
AO iter 2 - EM: NLL=252.1308, 0.39s 
AO iter 2 - LBFGS: NLL=249.5672  mean_cds=1.226e-08  mean_casa=8.583 deg, 0.55s 
AO iter 3 - EM: NLL=248.7277, 0.67s 
AO iter 3 - LBFGS: NLL=245.6638  mean_cds=1.478e-08  mean_casa=8.369 deg, 0.82s 
mc_idx = 30/50, 耗时 43.78s 
AO iter 1 - EM: NLL=229.0148, 0.12s 
AO iter 1 - LBFGS: NLL=220.9388  mean_cds=1.051e-08  mean_casa=9.548 deg, 0.27s 
AO iter 2 - EM: NLL=216.7756, 0.40s 
AO iter 2 - LBFGS: NLL=215.9822  mean_cds=1.042e-08  mean_casa=9.725 deg, 0.54s 
AO iter 3 - EM: NLL=214.3304, 0.67s 
AO iter 3 - LBFGS: NLL=212.2762  mean_cds=9.610e-09  mean_casa=10.767 deg, 0.81s 
mc_idx = 31/50, 耗时 45.22s 
AO iter 1 - EM: NLL=219.8109, 0.12s 
AO iter 1 - LBFGS: NLL=212.0389  mean_cds=1.592e-08  mean_casa=11.870 deg, 0.27s 
AO iter 2 - EM: NLL=209.1723, 0.39s 
AO iter 2 - LBFGS: NLL=206.4622  mean_cds=2.589e-08  mean_casa=14.658 deg, 0.54s 
AO iter 3 - EM: NLL=205.9765, 0.68s 
AO iter 3 - LBFGS: NLL=204.6845  mean_cds=3.358e-08  mean_casa=17.396 deg, 0.83s 
mc_idx = 32/50, 耗时 46.70s 
AO iter 1 - EM: NLL=237.2144, 0.12s 
AO iter 1 - LBFGS: NLL=231.2684  mean_cds=1.082e-08  mean_casa=8.586 deg, 0.27s 
AO iter 2 - EM: NLL=229.3709, 0.39s 
AO iter 2 - LBFGS: NLL=227.2450  mean_cds=1.070e-08  mean_casa=8.411 deg, 0.54s 
AO iter 3 - EM: NLL=224.6947, 0.66s 
AO iter 3 - LBFGS: NLL=222.7951  mean_cds=1.099e-08  mean_casa=8.552 deg, 0.80s 
mc_idx = 33/50, 耗时 48.15s 
AO iter 1 - EM: NLL=248.4702, 0.12s 
AO iter 1 - LBFGS: NLL=241.6587  mean_cds=1.020e-08  mean_casa=7.524 deg, 0.27s 
AO iter 2 - EM: NLL=236.7761, 0.39s 
AO iter 2 - LBFGS: NLL=231.1865  mean_cds=1.022e-08  mean_casa=7.326 deg, 0.53s 
AO iter 3 - EM: NLL=229.7988, 0.66s 
AO iter 3 - LBFGS: NLL=226.5856  mean_cds=9.601e-09  mean_casa=7.549 deg, 0.80s 
mc_idx = 34/50, 耗时 49.60s 
AO iter 1 - EM: NLL=243.9744, 0.12s 
AO iter 1 - LBFGS: NLL=236.5474  mean_cds=1.091e-08  mean_casa=9.046 deg, 0.27s 
AO iter 2 - EM: NLL=231.4627, 0.39s 
AO iter 2 - LBFGS: NLL=229.4568  mean_cds=1.083e-08  mean_casa=9.642 deg, 0.53s 
AO iter 3 - EM: NLL=228.4204, 0.66s 
AO iter 3 - LBFGS: NLL=227.5077  mean_cds=1.083e-08  mean_casa=9.832 deg, 0.80s 
mc_idx = 35/50, 耗时 51.04s 
AO iter 1 - EM: NLL=219.3575, 0.12s 
AO iter 1 - LBFGS: NLL=214.7397  mean_cds=1.218e-08  mean_casa=10.364 deg, 0.26s 
AO iter 2 - EM: NLL=210.1537, 0.38s 
AO iter 2 - LBFGS: NLL=206.7916  mean_cds=1.181e-08  mean_casa=11.453 deg, 0.53s 
AO iter 3 - EM: NLL=206.0823, 0.66s 
AO iter 3 - LBFGS: NLL=205.4922  mean_cds=1.200e-08  mean_casa=11.672 deg, 0.80s 
mc_idx = 36/50, 耗时 52.47s 
AO iter 1 - EM: NLL=262.4629, 0.12s 
AO iter 1 - LBFGS: NLL=258.4664  mean_cds=1.125e-08  mean_casa=9.079 deg, 0.27s 
AO iter 2 - EM: NLL=253.4719, 0.39s 
AO iter 2 - LBFGS: NLL=251.7994  mean_cds=1.142e-08  mean_casa=9.121 deg, 0.54s 
AO iter 3 - EM: NLL=251.0681, 0.67s 
AO iter 3 - LBFGS: NLL=250.5535  mean_cds=1.156e-08  mean_casa=9.154 deg, 0.81s 
mc_idx = 37/50, 耗时 53.92s 
AO iter 1 - EM: NLL=238.7387, 0.12s 
AO iter 1 - LBFGS: NLL=235.0756  mean_cds=1.107e-08  mean_casa=9.450 deg, 0.29s 
AO iter 2 - EM: NLL=229.2044, 0.41s 
AO iter 2 - LBFGS: NLL=228.2604  mean_cds=1.113e-08  mean_casa=9.572 deg, 0.55s 
AO iter 3 - EM: NLL=227.0694, 0.68s 
AO iter 3 - LBFGS: NLL=226.0318  mean_cds=1.144e-08  mean_casa=9.688 deg, 0.83s 
mc_idx = 38/50, 耗时 55.39s 
AO iter 1 - EM: NLL=242.3671, 0.12s 
AO iter 1 - LBFGS: NLL=231.8995  mean_cds=1.460e-08  mean_casa=10.470 deg, 0.27s 
AO iter 2 - EM: NLL=228.8204, 0.39s 
AO iter 2 - LBFGS: NLL=226.9317  mean_cds=1.456e-08  mean_casa=11.282 deg, 0.54s 
AO iter 3 - EM: NLL=226.0873, 0.66s 
AO iter 3 - LBFGS: NLL=225.5678  mean_cds=1.458e-08  mean_casa=11.795 deg, 0.81s 
mc_idx = 39/50, 耗时 56.84s 
AO iter 1 - EM: NLL=265.7174, 0.12s 
AO iter 1 - LBFGS: NLL=245.4259  mean_cds=1.306e-08  mean_casa=9.598 deg, 0.27s 
AO iter 2 - EM: NLL=243.4481, 0.40s 
AO iter 2 - LBFGS: NLL=241.0113  mean_cds=1.962e-08  mean_casa=13.514 deg, 0.54s 
AO iter 3 - EM: NLL=239.4684, 0.66s 
AO iter 3 - LBFGS: NLL=238.8862  mean_cds=2.173e-08  mean_casa=13.663 deg, 0.81s 
mc_idx = 40/50, 耗时 58.29s 
AO iter 1 - EM: NLL=254.2754, 0.12s 
AO iter 1 - LBFGS: NLL=248.3873  mean_cds=1.295e-08  mean_casa=12.146 deg, 0.26s 
AO iter 2 - EM: NLL=243.2544, 0.38s 
AO iter 2 - LBFGS: NLL=242.0299  mean_cds=1.339e-08  mean_casa=14.345 deg, 0.52s 
AO iter 3 - EM: NLL=241.2258, 0.65s 
AO iter 3 - LBFGS: NLL=239.8235  mean_cds=1.578e-08  mean_casa=17.504 deg, 0.80s 
mc_idx = 41/50, 耗时 59.72s 
AO iter 1 - EM: NLL=254.8849, 0.13s 
AO iter 1 - LBFGS: NLL=228.9142  mean_cds=1.768e-08  mean_casa=9.647 deg, 0.28s 
AO iter 2 - EM: NLL=218.0759, 0.41s 
AO iter 2 - LBFGS: NLL=216.0448  mean_cds=1.890e-08  mean_casa=10.092 deg, 0.55s 
AO iter 3 - EM: NLL=215.0491, 0.67s 
AO iter 3 - LBFGS: NLL=214.2160  mean_cds=2.066e-08  mean_casa=10.380 deg, 0.82s 
mc_idx = 42/50, 耗时 61.18s 
AO iter 1 - EM: NLL=245.2665, 0.12s 
AO iter 1 - LBFGS: NLL=233.3728  mean_cds=1.068e-08  mean_casa=8.964 deg, 0.28s 
AO iter 2 - EM: NLL=223.6100, 0.40s 
AO iter 2 - LBFGS: NLL=220.7064  mean_cds=1.123e-08  mean_casa=9.354 deg, 0.56s 
AO iter 3 - EM: NLL=219.8612, 0.69s 
AO iter 3 - LBFGS: NLL=217.9961  mean_cds=1.204e-08  mean_casa=9.714 deg, 0.83s 
mc_idx = 43/50, 耗时 62.64s 
AO iter 1 - EM: NLL=239.4796, 0.12s 
AO iter 1 - LBFGS: NLL=233.3601  mean_cds=1.167e-08  mean_casa=8.463 deg, 0.27s 
AO iter 2 - EM: NLL=229.6096, 0.39s 
AO iter 2 - LBFGS: NLL=227.8434  mean_cds=1.231e-08  mean_casa=8.751 deg, 0.54s 
AO iter 3 - EM: NLL=227.1690, 0.66s 
AO iter 3 - LBFGS: NLL=226.0206  mean_cds=1.291e-08  mean_casa=9.037 deg, 0.80s 
mc_idx = 44/50, 耗时 64.09s 
AO iter 1 - EM: NLL=259.0727, 0.12s 
AO iter 1 - LBFGS: NLL=254.5501  mean_cds=1.091e-08  mean_casa=9.457 deg, 0.28s 
AO iter 2 - EM: NLL=249.5013, 0.40s 
AO iter 2 - LBFGS: NLL=247.3518  mean_cds=1.068e-08  mean_casa=9.905 deg, 0.55s 
AO iter 3 - EM: NLL=246.0093, 0.68s 
AO iter 3 - LBFGS: NLL=243.2124  mean_cds=1.031e-08  mean_casa=10.798 deg, 0.82s 
mc_idx = 45/50, 耗时 65.55s 
AO iter 1 - EM: NLL=231.7384, 0.12s 
AO iter 1 - LBFGS: NLL=222.9514  mean_cds=1.096e-08  mean_casa=9.111 deg, 0.28s 
AO iter 2 - EM: NLL=216.3749, 0.40s 
AO iter 2 - LBFGS: NLL=212.9090  mean_cds=1.187e-08  mean_casa=8.512 deg, 0.56s 
AO iter 3 - EM: NLL=210.2765, 0.68s 
AO iter 3 - LBFGS: NLL=209.6569  mean_cds=1.189e-08  mean_casa=8.568 deg, 0.85s 
mc_idx = 46/50, 耗时 67.03s 
AO iter 1 - EM: NLL=210.7919, 0.12s 
AO iter 1 - LBFGS: NLL=208.6449  mean_cds=1.092e-08  mean_casa=9.217 deg, 0.27s 
AO iter 2 - EM: NLL=205.1417, 0.40s 
AO iter 2 - LBFGS: NLL=204.1693  mean_cds=1.085e-08  mean_casa=9.225 deg, 0.55s 
AO iter 3 - EM: NLL=203.5067, 0.67s 
AO iter 3 - LBFGS: NLL=202.1153  mean_cds=1.090e-08  mean_casa=8.519 deg, 0.81s 
mc_idx = 47/50, 耗时 68.48s 
AO iter 1 - EM: NLL=250.5764, 0.12s 
AO iter 1 - LBFGS: NLL=246.2744  mean_cds=1.207e-08  mean_casa=9.782 deg, 0.27s 
AO iter 2 - EM: NLL=241.4308, 0.39s 
AO iter 2 - LBFGS: NLL=240.6017  mean_cds=1.244e-08  mean_casa=9.974 deg, 0.55s 
AO iter 3 - EM: NLL=239.7312, 0.67s 
AO iter 3 - LBFGS: NLL=237.6046  mean_cds=1.797e-08  mean_casa=11.708 deg, 0.82s 
mc_idx = 48/50, 耗时 69.95s 
AO iter 1 - EM: NLL=228.3046, 0.12s 
AO iter 1 - LBFGS: NLL=225.9457  mean_cds=1.087e-08  mean_casa=9.945 deg, 0.27s 
AO iter 2 - EM: NLL=221.6541, 0.39s 
AO iter 2 - LBFGS: NLL=220.5658  mean_cds=1.074e-08  mean_casa=10.370 deg, 0.54s 
AO iter 3 - EM: NLL=219.4540, 0.66s 
AO iter 3 - LBFGS: NLL=218.4984  mean_cds=1.037e-08  mean_casa=11.352 deg, 0.81s 
mc_idx = 49/50, 耗时 71.39s 
AO iter 1 - EM: NLL=230.8019, 0.12s 
AO iter 1 - LBFGS: NLL=228.0554  mean_cds=1.069e-08  mean_casa=9.370 deg, 0.27s 
AO iter 2 - EM: NLL=226.2072, 0.39s 
AO iter 2 - LBFGS: NLL=224.7356  mean_cds=1.037e-08  mean_casa=9.918 deg, 0.53s 
AO iter 3 - EM: NLL=223.9167, 0.65s 
AO iter 3 - LBFGS: NLL=222.7602  mean_cds=9.710e-09  mean_casa=9.882 deg, 0.79s 
mc_idx = 50/50, 耗时 72.84s 

====== Kp = 8 (1/5) finished, consumed 72.8s ======

开始MonteCarlo仿真...... 
AO iter 1 - EM: NLL=427.0823, 0.12s 
AO iter 1 - LBFGS: NLL=419.5051  mean_cds=1.032e-08  mean_casa=9.706 deg, 0.28s 
AO iter 2 - EM: NLL=415.5683, 0.40s 
AO iter 2 - LBFGS: NLL=412.5873  mean_cds=9.785e-09  mean_casa=10.165 deg, 0.55s 
AO iter 3 - EM: NLL=411.0114, 0.68s 
AO iter 3 - LBFGS: NLL=409.6780  mean_cds=9.381e-09  mean_casa=10.365 deg, 0.83s 
mc_idx = 1/50, 耗时 1.47s 
AO iter 1 - EM: NLL=429.0217, 0.12s 
AO iter 1 - LBFGS: NLL=416.4730  mean_cds=9.386e-09  mean_casa=12.822 deg, 0.28s 
AO iter 2 - EM: NLL=399.4351, 0.40s 
AO iter 2 - LBFGS: NLL=390.8651  mean_cds=9.497e-09  mean_casa=15.209 deg, 0.56s 
AO iter 3 - EM: NLL=389.2729, 0.68s 
AO iter 3 - LBFGS: NLL=386.4782  mean_cds=9.565e-09  mean_casa=16.001 deg, 0.84s 
mc_idx = 2/50, 耗时 2.96s 
AO iter 1 - EM: NLL=427.6480, 0.12s 
AO iter 1 - LBFGS: NLL=414.8461  mean_cds=1.040e-08  mean_casa=9.014 deg, 0.29s 
AO iter 2 - EM: NLL=402.3050, 0.41s 
AO iter 2 - LBFGS: NLL=400.4009  mean_cds=1.035e-08  mean_casa=9.160 deg, 0.57s 
AO iter 3 - EM: NLL=398.7005, 0.69s 
AO iter 3 - LBFGS: NLL=396.3269  mean_cds=1.027e-08  mean_casa=9.023 deg, 0.84s 
mc_idx = 3/50, 耗时 4.44s 
AO iter 1 - EM: NLL=430.3686, 0.12s 
AO iter 1 - LBFGS: NLL=423.5375  mean_cds=1.080e-08  mean_casa=9.445 deg, 0.28s 
AO iter 2 - EM: NLL=416.6039, 0.41s 
AO iter 2 - LBFGS: NLL=412.8263  mean_cds=1.080e-08  mean_casa=9.328 deg, 0.57s 
AO iter 3 - EM: NLL=409.5546, 0.69s 
AO iter 3 - LBFGS: NLL=407.0003  mean_cds=1.070e-08  mean_casa=9.017 deg, 0.85s 
mc_idx = 4/50, 耗时 5.93s 
AO iter 1 - EM: NLL=445.6343, 0.12s 
AO iter 1 - LBFGS: NLL=433.0686  mean_cds=1.002e-08  mean_casa=9.742 deg, 0.29s 
AO iter 2 - EM: NLL=419.6943, 0.41s 
AO iter 2 - LBFGS: NLL=413.2867  mean_cds=9.290e-09  mean_casa=10.028 deg, 0.56s 
AO iter 3 - EM: NLL=411.1591, 0.70s 
AO iter 3 - LBFGS: NLL=410.2088  mean_cds=9.254e-09  mean_casa=10.197 deg, 0.84s 
mc_idx = 5/50, 耗时 7.42s 
AO iter 1 - EM: NLL=433.1028, 0.13s 
AO iter 1 - LBFGS: NLL=424.0881  mean_cds=1.105e-08  mean_casa=9.412 deg, 0.31s 
AO iter 2 - EM: NLL=418.9850, 0.43s 
AO iter 2 - LBFGS: NLL=416.0717  mean_cds=1.120e-08  mean_casa=9.504 deg, 0.59s 
AO iter 3 - EM: NLL=414.0953, 0.73s 
AO iter 3 - LBFGS: NLL=412.8821  mean_cds=1.127e-08  mean_casa=9.349 deg, 0.88s 
mc_idx = 6/50, 耗时 8.95s 
AO iter 1 - EM: NLL=412.8330, 0.12s 
AO iter 1 - LBFGS: NLL=402.8706  mean_cds=1.016e-08  mean_casa=9.607 deg, 0.29s 
AO iter 2 - EM: NLL=392.3397, 0.41s 
AO iter 2 - LBFGS: NLL=389.0218  mean_cds=9.750e-09  mean_casa=10.064 deg, 0.57s 
AO iter 3 - EM: NLL=386.5821, 0.70s 
AO iter 3 - LBFGS: NLL=385.3129  mean_cds=9.476e-09  mean_casa=10.121 deg, 0.85s 
mc_idx = 7/50, 耗时 10.46s 
AO iter 1 - EM: NLL=432.8540, 0.12s 
AO iter 1 - LBFGS: NLL=420.5175  mean_cds=1.056e-08  mean_casa=9.763 deg, 0.27s 
AO iter 2 - EM: NLL=414.5529, 0.39s 
AO iter 2 - LBFGS: NLL=412.5121  mean_cds=1.040e-08  mean_casa=10.319 deg, 0.55s 
AO iter 3 - EM: NLL=411.7179, 0.67s 
AO iter 3 - LBFGS: NLL=410.0727  mean_cds=1.014e-08  mean_casa=10.854 deg, 0.81s 
mc_idx = 8/50, 耗时 11.92s 
AO iter 1 - EM: NLL=401.7321, 0.12s 
AO iter 1 - LBFGS: NLL=392.9987  mean_cds=1.050e-08  mean_casa=8.071 deg, 0.28s 
AO iter 2 - EM: NLL=376.6523, 0.40s 
AO iter 2 - LBFGS: NLL=372.4973  mean_cds=2.292e-08  mean_casa=8.727 deg, 0.55s 
AO iter 3 - EM: NLL=370.9175, 0.67s 
AO iter 3 - LBFGS: NLL=369.3458  mean_cds=2.544e-08  mean_casa=8.666 deg, 0.81s 
mc_idx = 9/50, 耗时 13.39s 
AO iter 1 - EM: NLL=381.4136, 0.12s 
AO iter 1 - LBFGS: NLL=375.5551  mean_cds=1.070e-08  mean_casa=9.485 deg, 0.28s 
AO iter 2 - EM: NLL=368.2277, 0.41s 
AO iter 2 - LBFGS: NLL=366.6476  mean_cds=1.062e-08  mean_casa=9.485 deg, 0.56s 
AO iter 3 - EM: NLL=365.8069, 0.69s 
AO iter 3 - LBFGS: NLL=364.0878  mean_cds=1.046e-08  mean_casa=9.314 deg, 0.83s 
mc_idx = 10/50, 耗时 14.86s 
AO iter 1 - EM: NLL=439.2367, 0.12s 
AO iter 1 - LBFGS: NLL=420.6333  mean_cds=1.121e-08  mean_casa=10.913 deg, 0.28s 
AO iter 2 - EM: NLL=416.6283, 0.40s 
AO iter 2 - LBFGS: NLL=412.3177  mean_cds=1.089e-08  mean_casa=10.715 deg, 0.55s 
AO iter 3 - EM: NLL=411.8247, 0.68s 
AO iter 3 - LBFGS: NLL=410.2805  mean_cds=1.090e-08  mean_casa=10.696 deg, 0.84s 
mc_idx = 11/50, 耗时 16.35s 
AO iter 1 - EM: NLL=415.7107, 0.12s 
AO iter 1 - LBFGS: NLL=403.4428  mean_cds=1.022e-08  mean_casa=9.457 deg, 0.28s 
AO iter 2 - EM: NLL=391.7348, 0.40s 
AO iter 2 - LBFGS: NLL=388.8579  mean_cds=1.009e-08  mean_casa=9.607 deg, 0.55s 
AO iter 3 - EM: NLL=387.0767, 0.68s 
AO iter 3 - LBFGS: NLL=384.8481  mean_cds=9.933e-09  mean_casa=9.796 deg, 0.82s 
mc_idx = 12/50, 耗时 17.82s 
AO iter 1 - EM: NLL=486.3834, 0.12s 
AO iter 1 - LBFGS: NLL=479.5911  mean_cds=9.906e-09  mean_casa=9.795 deg, 0.29s 
AO iter 2 - EM: NLL=465.5548, 0.41s 
AO iter 2 - LBFGS: NLL=461.6351  mean_cds=9.785e-09  mean_casa=9.685 deg, 0.57s 
AO iter 3 - EM: NLL=458.0771, 0.69s 
AO iter 3 - LBFGS: NLL=454.5181  mean_cds=9.770e-09  mean_casa=9.746 deg, 0.85s 
mc_idx = 13/50, 耗时 19.32s 
AO iter 1 - EM: NLL=412.9188, 0.12s 
AO iter 1 - LBFGS: NLL=401.6533  mean_cds=9.810e-09  mean_casa=8.948 deg, 0.27s 
AO iter 2 - EM: NLL=394.8248, 0.40s 
AO iter 2 - LBFGS: NLL=392.7191  mean_cds=9.864e-09  mean_casa=9.016 deg, 0.54s 
AO iter 3 - EM: NLL=391.3005, 0.67s 
AO iter 3 - LBFGS: NLL=390.1253  mean_cds=9.928e-09  mean_casa=9.024 deg, 0.82s 
mc_idx = 14/50, 耗时 20.79s 
AO iter 1 - EM: NLL=426.8127, 0.13s 
AO iter 1 - LBFGS: NLL=422.7551  mean_cds=8.746e-09  mean_casa=10.942 deg, 0.30s 
AO iter 2 - EM: NLL=410.9410, 0.43s 
AO iter 2 - LBFGS: NLL=404.6300  mean_cds=8.773e-09  mean_casa=11.087 deg, 0.59s 
AO iter 3 - EM: NLL=401.8014, 0.71s 
AO iter 3 - LBFGS: NLL=400.7910  mean_cds=8.791e-09  mean_casa=11.205 deg, 0.86s 
mc_idx = 15/50, 耗时 22.31s 
AO iter 1 - EM: NLL=435.4468, 0.14s 
AO iter 1 - LBFGS: NLL=428.3080  mean_cds=9.578e-09  mean_casa=10.035 deg, 0.32s 
AO iter 2 - EM: NLL=411.9361, 0.46s 
AO iter 2 - LBFGS: NLL=406.8675  mean_cds=9.416e-09  mean_casa=10.312 deg, 0.61s 
AO iter 3 - EM: NLL=404.2436, 0.73s 
AO iter 3 - LBFGS: NLL=401.0935  mean_cds=9.233e-09  mean_casa=10.519 deg, 0.89s 
mc_idx = 16/50, 耗时 23.86s 
AO iter 1 - EM: NLL=442.6403, 0.12s 
AO iter 1 - LBFGS: NLL=435.7215  mean_cds=9.442e-09  mean_casa=10.010 deg, 0.28s 
AO iter 2 - EM: NLL=424.2415, 0.40s 
AO iter 2 - LBFGS: NLL=418.6349  mean_cds=8.456e-09  mean_casa=10.197 deg, 0.54s 
AO iter 3 - EM: NLL=415.6197, 0.67s 
AO iter 3 - LBFGS: NLL=413.8722  mean_cds=8.496e-09  mean_casa=10.385 deg, 0.82s 
mc_idx = 17/50, 耗时 25.32s 
AO iter 1 - EM: NLL=426.4676, 0.12s 
AO iter 1 - LBFGS: NLL=407.1857  mean_cds=1.009e-08  mean_casa=9.086 deg, 0.28s 
AO iter 2 - EM: NLL=388.0108, 0.40s 
AO iter 2 - LBFGS: NLL=385.8138  mean_cds=1.014e-08  mean_casa=9.074 deg, 0.56s 
AO iter 3 - EM: NLL=383.5636, 0.68s 
AO iter 3 - LBFGS: NLL=379.0822  mean_cds=1.204e-08  mean_casa=9.542 deg, 0.83s 
mc_idx = 18/50, 耗时 26.80s 
AO iter 1 - EM: NLL=424.1144, 0.13s 
AO iter 1 - LBFGS: NLL=404.9377  mean_cds=9.625e-09  mean_casa=9.418 deg, 0.28s 
AO iter 2 - EM: NLL=400.5295, 0.40s 
AO iter 2 - LBFGS: NLL=395.0023  mean_cds=9.056e-09  mean_casa=9.774 deg, 0.55s 
AO iter 3 - EM: NLL=392.7870, 0.68s 
AO iter 3 - LBFGS: NLL=388.5489  mean_cds=8.071e-09  mean_casa=11.380 deg, 0.83s 
mc_idx = 19/50, 耗时 28.30s 
AO iter 1 - EM: NLL=439.5031, 0.12s 
AO iter 1 - LBFGS: NLL=429.2527  mean_cds=1.026e-08  mean_casa=9.464 deg, 0.28s 
AO iter 2 - EM: NLL=418.1904, 0.41s 
AO iter 2 - LBFGS: NLL=415.4925  mean_cds=1.007e-08  mean_casa=9.180 deg, 0.56s 
AO iter 3 - EM: NLL=413.7421, 0.69s 
AO iter 3 - LBFGS: NLL=410.3761  mean_cds=9.971e-09  mean_casa=9.118 deg, 0.84s 
mc_idx = 20/50, 耗时 29.79s 
AO iter 1 - EM: NLL=417.5030, 0.12s 
AO iter 1 - LBFGS: NLL=400.3469  mean_cds=1.025e-08  mean_casa=9.066 deg, 0.28s 
AO iter 2 - EM: NLL=391.2739, 0.40s 
AO iter 2 - LBFGS: NLL=388.2334  mean_cds=1.016e-08  mean_casa=9.571 deg, 0.55s 
AO iter 3 - EM: NLL=386.1888, 0.68s 
AO iter 3 - LBFGS: NLL=383.7146  mean_cds=9.911e-09  mean_casa=9.472 deg, 0.84s 
mc_idx = 21/50, 耗时 31.27s 
AO iter 1 - EM: NLL=372.1899, 0.12s 
AO iter 1 - LBFGS: NLL=360.9731  mean_cds=1.394e-08  mean_casa=10.298 deg, 0.27s 
AO iter 2 - EM: NLL=347.0716, 0.39s 
AO iter 2 - LBFGS: NLL=342.8746  mean_cds=1.419e-08  mean_casa=10.779 deg, 0.54s 
AO iter 3 - EM: NLL=341.1804, 0.67s 
AO iter 3 - LBFGS: NLL=340.4778  mean_cds=1.435e-08  mean_casa=10.899 deg, 0.82s 
mc_idx = 22/50, 耗时 32.73s 
AO iter 1 - EM: NLL=406.9831, 0.12s 
AO iter 1 - LBFGS: NLL=393.3782  mean_cds=1.028e-08  mean_casa=9.311 deg, 0.29s 
AO iter 2 - EM: NLL=385.7409, 0.41s 
AO iter 2 - LBFGS: NLL=383.9364  mean_cds=1.056e-08  mean_casa=9.909 deg, 0.56s 
AO iter 3 - EM: NLL=382.0681, 0.68s 
AO iter 3 - LBFGS: NLL=381.3663  mean_cds=1.062e-08  mean_casa=9.927 deg, 0.84s 
mc_idx = 23/50, 耗时 34.22s 
AO iter 1 - EM: NLL=434.8657, 0.12s 
AO iter 1 - LBFGS: NLL=424.1483  mean_cds=1.009e-08  mean_casa=9.392 deg, 0.28s 
AO iter 2 - EM: NLL=414.5200, 0.40s 
AO iter 2 - LBFGS: NLL=411.1265  mean_cds=9.651e-09  mean_casa=10.162 deg, 0.55s 
AO iter 3 - EM: NLL=409.0363, 0.67s 
AO iter 3 - LBFGS: NLL=407.6975  mean_cds=9.545e-09  mean_casa=10.219 deg, 0.82s 
mc_idx = 24/50, 耗时 35.69s 
AO iter 1 - EM: NLL=398.6472, 0.12s 
AO iter 1 - LBFGS: NLL=390.9764  mean_cds=1.049e-08  mean_casa=9.174 deg, 0.27s 
AO iter 2 - EM: NLL=383.5075, 0.40s 
AO iter 2 - LBFGS: NLL=381.1678  mean_cds=1.042e-08  mean_casa=9.077 deg, 0.55s 
AO iter 3 - EM: NLL=379.2088, 0.68s 
AO iter 3 - LBFGS: NLL=376.7687  mean_cds=1.007e-08  mean_casa=8.669 deg, 0.84s 
mc_idx = 25/50, 耗时 37.19s 
AO iter 1 - EM: NLL=444.3449, 0.12s 
AO iter 1 - LBFGS: NLL=437.1213  mean_cds=1.025e-08  mean_casa=9.427 deg, 0.27s 
AO iter 2 - EM: NLL=433.6157, 0.40s 
AO iter 2 - LBFGS: NLL=430.9898  mean_cds=1.027e-08  mean_casa=9.668 deg, 0.55s 
AO iter 3 - EM: NLL=429.8956, 0.67s 
AO iter 3 - LBFGS: NLL=427.3786  mean_cds=1.028e-08  mean_casa=10.068 deg, 0.82s 
mc_idx = 26/50, 耗时 38.65s 
AO iter 1 - EM: NLL=438.4392, 0.12s 
AO iter 1 - LBFGS: NLL=419.9702  mean_cds=9.381e-09  mean_casa=8.647 deg, 0.28s 
AO iter 2 - EM: NLL=408.8932, 0.40s 
AO iter 2 - LBFGS: NLL=405.8072  mean_cds=8.992e-09  mean_casa=8.328 deg, 0.55s 
AO iter 3 - EM: NLL=403.4739, 0.68s 
AO iter 3 - LBFGS: NLL=401.2926  mean_cds=8.885e-09  mean_casa=8.272 deg, 0.82s 
mc_idx = 27/50, 耗时 40.12s 
AO iter 1 - EM: NLL=455.7916, 0.12s 
AO iter 1 - LBFGS: NLL=447.6968  mean_cds=9.803e-09  mean_casa=9.502 deg, 0.27s 
AO iter 2 - EM: NLL=440.8122, 0.40s 
AO iter 2 - LBFGS: NLL=436.7191  mean_cds=9.489e-09  mean_casa=9.502 deg, 0.55s 
AO iter 3 - EM: NLL=435.1706, 0.67s 
AO iter 3 - LBFGS: NLL=430.5473  mean_cds=8.896e-09  mean_casa=9.234 deg, 0.82s 
mc_idx = 28/50, 耗时 41.59s 
AO iter 1 - EM: NLL=425.7147, 0.12s 
AO iter 1 - LBFGS: NLL=413.1658  mean_cds=9.928e-09  mean_casa=9.214 deg, 0.30s 
AO iter 2 - EM: NLL=404.9621, 0.42s 
AO iter 2 - LBFGS: NLL=402.8707  mean_cds=9.755e-09  mean_casa=9.231 deg, 0.57s 
AO iter 3 - EM: NLL=401.5343, 0.69s 
AO iter 3 - LBFGS: NLL=399.7155  mean_cds=9.305e-09  mean_casa=9.136 deg, 0.83s 
mc_idx = 29/50, 耗时 43.07s 
AO iter 1 - EM: NLL=425.9898, 0.12s 
AO iter 1 - LBFGS: NLL=388.0212  mean_cds=1.681e-08  mean_casa=15.862 deg, 0.27s 
AO iter 2 - EM: NLL=381.7514, 0.39s 
AO iter 2 - LBFGS: NLL=377.0825  mean_cds=2.380e-08  mean_casa=19.914 deg, 0.54s 
AO iter 3 - EM: NLL=374.5536, 0.66s 
AO iter 3 - LBFGS: NLL=373.2027  mean_cds=2.564e-08  mean_casa=19.704 deg, 0.82s 
mc_idx = 30/50, 耗时 44.55s 
AO iter 1 - EM: NLL=406.7164, 0.12s 
AO iter 1 - LBFGS: NLL=388.0598  mean_cds=8.548e-09  mean_casa=9.419 deg, 0.28s 
AO iter 2 - EM: NLL=381.9155, 0.40s 
AO iter 2 - LBFGS: NLL=379.6506  mean_cds=8.600e-09  mean_casa=9.655 deg, 0.55s 
AO iter 3 - EM: NLL=378.4835, 0.67s 
AO iter 3 - LBFGS: NLL=377.2465  mean_cds=8.686e-09  mean_casa=9.920 deg, 0.83s 
mc_idx = 31/50, 耗时 46.01s 
AO iter 1 - EM: NLL=391.0133, 0.12s 
AO iter 1 - LBFGS: NLL=379.2319  mean_cds=9.459e-09  mean_casa=9.409 deg, 0.28s 
AO iter 2 - EM: NLL=373.6680, 0.40s 
AO iter 2 - LBFGS: NLL=369.0059  mean_cds=9.219e-09  mean_casa=9.930 deg, 0.58s 
AO iter 3 - EM: NLL=365.8639, 0.70s 
AO iter 3 - LBFGS: NLL=364.0279  mean_cds=8.860e-09  mean_casa=10.577 deg, 0.86s 
mc_idx = 32/50, 耗时 47.51s 
AO iter 1 - EM: NLL=413.5456, 0.12s 
AO iter 1 - LBFGS: NLL=403.0940  mean_cds=1.045e-08  mean_casa=9.528 deg, 0.29s 
AO iter 2 - EM: NLL=394.1844, 0.41s 
AO iter 2 - LBFGS: NLL=390.9648  mean_cds=1.009e-08  mean_casa=9.495 deg, 0.58s 
AO iter 3 - EM: NLL=387.3692, 0.70s 
AO iter 3 - LBFGS: NLL=386.0856  mean_cds=9.944e-09  mean_casa=9.456 deg, 0.86s 
mc_idx = 33/50, 耗时 49.01s 
AO iter 1 - EM: NLL=422.7541, 0.12s 
AO iter 1 - LBFGS: NLL=414.9085  mean_cds=1.051e-08  mean_casa=9.436 deg, 0.28s 
AO iter 2 - EM: NLL=409.4253, 0.40s 
AO iter 2 - LBFGS: NLL=405.2039  mean_cds=1.027e-08  mean_casa=9.631 deg, 0.55s 
AO iter 3 - EM: NLL=403.5850, 0.67s 
AO iter 3 - LBFGS: NLL=401.8657  mean_cds=9.985e-09  mean_casa=9.862 deg, 0.81s 
mc_idx = 34/50, 耗时 50.47s 
AO iter 1 - EM: NLL=448.5857, 0.12s 
AO iter 1 - LBFGS: NLL=438.1641  mean_cds=1.068e-08  mean_casa=9.049 deg, 0.28s 
AO iter 2 - EM: NLL=437.4694, 0.40s 
AO iter 2 - LBFGS: NLL=429.1705  mean_cds=1.366e-08  mean_casa=12.758 deg, 0.55s 
AO iter 3 - EM: NLL=412.2435, 0.67s 
AO iter 3 - LBFGS: NLL=409.5866  mean_cds=1.526e-08  mean_casa=14.190 deg, 0.83s 
mc_idx = 35/50, 耗时 51.95s 
AO iter 1 - EM: NLL=403.1601, 0.12s 
AO iter 1 - LBFGS: NLL=397.4984  mean_cds=1.199e-08  mean_casa=11.365 deg, 0.28s 
AO iter 2 - EM: NLL=366.9146, 0.40s 
AO iter 2 - LBFGS: NLL=364.2260  mean_cds=1.052e-08  mean_casa=8.235 deg, 0.55s 
AO iter 3 - EM: NLL=361.1892, 0.67s 
AO iter 3 - LBFGS: NLL=359.3088  mean_cds=1.052e-08  mean_casa=8.260 deg, 0.82s 
mc_idx = 36/50, 耗时 53.42s 
AO iter 1 - EM: NLL=423.4917, 0.12s 
AO iter 1 - LBFGS: NLL=409.3100  mean_cds=1.053e-08  mean_casa=9.523 deg, 0.28s 
AO iter 2 - EM: NLL=401.8981, 0.40s 
AO iter 2 - LBFGS: NLL=400.1089  mean_cds=1.052e-08  mean_casa=9.525 deg, 0.55s 
AO iter 3 - EM: NLL=399.0983, 0.67s 
AO iter 3 - LBFGS: NLL=397.9989  mean_cds=1.041e-08  mean_casa=9.513 deg, 0.82s 
mc_idx = 37/50, 耗时 54.89s 
AO iter 1 - EM: NLL=441.2759, 0.12s 
AO iter 1 - LBFGS: NLL=427.6326  mean_cds=1.005e-08  mean_casa=15.558 deg, 0.28s 
AO iter 2 - EM: NLL=396.6292, 0.40s 
AO iter 2 - LBFGS: NLL=390.4175  mean_cds=1.186e-08  mean_casa=16.304 deg, 0.55s 
AO iter 3 - EM: NLL=387.6261, 0.68s 
AO iter 3 - LBFGS: NLL=385.7926  mean_cds=1.180e-08  mean_casa=16.682 deg, 0.83s 
mc_idx = 38/50, 耗时 56.36s 
AO iter 1 - EM: NLL=399.6407, 0.12s 
AO iter 1 - LBFGS: NLL=392.2536  mean_cds=1.054e-08  mean_casa=9.660 deg, 0.28s 
AO iter 2 - EM: NLL=385.6939, 0.40s 
AO iter 2 - LBFGS: NLL=383.2584  mean_cds=1.038e-08  mean_casa=9.650 deg, 0.56s 
AO iter 3 - EM: NLL=382.5538, 0.68s 
AO iter 3 - LBFGS: NLL=377.5736  mean_cds=1.013e-08  mean_casa=9.422 deg, 0.83s 
mc_idx = 39/50, 耗时 57.82s 
AO iter 1 - EM: NLL=381.0010, 0.12s 
AO iter 1 - LBFGS: NLL=369.5212  mean_cds=9.055e-09  mean_casa=8.344 deg, 0.28s 
AO iter 2 - EM: NLL=363.7603, 0.40s 
AO iter 2 - LBFGS: NLL=361.0645  mean_cds=8.769e-09  mean_casa=8.119 deg, 0.55s 
AO iter 3 - EM: NLL=359.3056, 0.68s 
AO iter 3 - LBFGS: NLL=355.6133  mean_cds=8.337e-09  mean_casa=7.209 deg, 0.83s 
mc_idx = 40/50, 耗时 59.29s 
AO iter 1 - EM: NLL=384.1330, 0.12s 
AO iter 1 - LBFGS: NLL=375.2691  mean_cds=9.799e-09  mean_casa=8.224 deg, 0.29s 
AO iter 2 - EM: NLL=366.3143, 0.41s 
AO iter 2 - LBFGS: NLL=362.5364  mean_cds=1.002e-08  mean_casa=7.650 deg, 0.57s 
AO iter 3 - EM: NLL=360.9950, 0.69s 
AO iter 3 - LBFGS: NLL=359.2470  mean_cds=9.695e-09  mean_casa=7.561 deg, 0.85s 
mc_idx = 41/50, 耗时 60.80s 
AO iter 1 - EM: NLL=385.9441, 0.12s 
AO iter 1 - LBFGS: NLL=376.0269  mean_cds=1.037e-08  mean_casa=8.921 deg, 0.29s 
AO iter 2 - EM: NLL=366.7978, 0.41s 
AO iter 2 - LBFGS: NLL=359.2704  mean_cds=1.011e-08  mean_casa=9.213 deg, 0.57s 
AO iter 3 - EM: NLL=356.5925, 0.69s 
AO iter 3 - LBFGS: NLL=352.0247  mean_cds=9.723e-09  mean_casa=9.386 deg, 0.84s 
mc_idx = 42/50, 耗时 62.29s 
AO iter 1 - EM: NLL=401.7530, 0.12s 
AO iter 1 - LBFGS: NLL=394.3609  mean_cds=1.051e-08  mean_casa=9.211 deg, 0.27s 
AO iter 2 - EM: NLL=390.4695, 0.40s 
AO iter 2 - LBFGS: NLL=387.3481  mean_cds=1.016e-08  mean_casa=9.124 deg, 0.55s 
AO iter 3 - EM: NLL=385.8557, 0.68s 
AO iter 3 - LBFGS: NLL=383.8470  mean_cds=1.012e-08  mean_casa=9.314 deg, 0.84s 
mc_idx = 43/50, 耗时 63.78s 
AO iter 1 - EM: NLL=398.9321, 0.12s 
AO iter 1 - LBFGS: NLL=389.8366  mean_cds=9.882e-09  mean_casa=9.413 deg, 0.28s 
AO iter 2 - EM: NLL=381.1680, 0.40s 
AO iter 2 - LBFGS: NLL=376.4166  mean_cds=9.479e-09  mean_casa=10.000 deg, 0.56s 
AO iter 3 - EM: NLL=374.0289, 0.68s 
AO iter 3 - LBFGS: NLL=372.2342  mean_cds=9.436e-09  mean_casa=10.127 deg, 0.85s 
mc_idx = 44/50, 耗时 65.28s 
AO iter 1 - EM: NLL=416.8607, 0.12s 
AO iter 1 - LBFGS: NLL=403.1983  mean_cds=1.032e-08  mean_casa=9.397 deg, 0.28s 
AO iter 2 - EM: NLL=396.2374, 0.41s 
AO iter 2 - LBFGS: NLL=391.1224  mean_cds=1.015e-08  mean_casa=9.284 deg, 0.56s 
AO iter 3 - EM: NLL=388.9830, 0.69s 
AO iter 3 - LBFGS: NLL=387.6639  mean_cds=1.015e-08  mean_casa=9.351 deg, 0.84s 
mc_idx = 45/50, 耗时 66.77s 
AO iter 1 - EM: NLL=406.0394, 0.12s 
AO iter 1 - LBFGS: NLL=394.6087  mean_cds=1.047e-08  mean_casa=9.233 deg, 0.29s 
AO iter 2 - EM: NLL=381.7876, 0.41s 
AO iter 2 - LBFGS: NLL=379.3378  mean_cds=1.036e-08  mean_casa=9.260 deg, 0.56s 
AO iter 3 - EM: NLL=375.6579, 0.69s 
AO iter 3 - LBFGS: NLL=372.9091  mean_cds=9.935e-09  mean_casa=9.007 deg, 0.86s 
mc_idx = 46/50, 耗时 68.28s 
AO iter 1 - EM: NLL=451.2857, 0.12s 
AO iter 1 - LBFGS: NLL=441.5278  mean_cds=1.066e-08  mean_casa=9.177 deg, 0.31s 
AO iter 2 - EM: NLL=432.9468, 0.43s 
AO iter 2 - LBFGS: NLL=428.7112  mean_cds=1.062e-08  mean_casa=8.921 deg, 0.59s 
AO iter 3 - EM: NLL=426.5783, 0.71s 
AO iter 3 - LBFGS: NLL=420.8536  mean_cds=9.999e-09  mean_casa=8.107 deg, 0.86s 
mc_idx = 47/50, 耗时 69.80s 
AO iter 1 - EM: NLL=376.1969, 0.12s 
AO iter 1 - LBFGS: NLL=372.3430  mean_cds=1.060e-08  mean_casa=9.583 deg, 0.28s 
AO iter 2 - EM: NLL=367.2437, 0.41s 
AO iter 2 - LBFGS: NLL=365.5494  mean_cds=1.047e-08  mean_casa=9.277 deg, 0.56s 
AO iter 3 - EM: NLL=363.2472, 0.69s 
AO iter 3 - LBFGS: NLL=358.5595  mean_cds=9.548e-09  mean_casa=8.070 deg, 0.83s 
mc_idx = 48/50, 耗时 71.28s 
AO iter 1 - EM: NLL=387.6724, 0.12s 
AO iter 1 - LBFGS: NLL=379.9116  mean_cds=1.034e-08  mean_casa=9.123 deg, 0.28s 
AO iter 2 - EM: NLL=373.4200, 0.41s 
AO iter 2 - LBFGS: NLL=371.0382  mean_cds=1.009e-08  mean_casa=9.005 deg, 0.56s 
AO iter 3 - EM: NLL=370.1948, 0.69s 
AO iter 3 - LBFGS: NLL=368.2271  mean_cds=9.809e-09  mean_casa=8.744 deg, 0.86s 
mc_idx = 49/50, 耗时 72.79s 
AO iter 1 - EM: NLL=385.0755, 0.12s 
AO iter 1 - LBFGS: NLL=376.2498  mean_cds=1.013e-08  mean_casa=9.388 deg, 0.29s 
AO iter 2 - EM: NLL=368.7984, 0.42s 
AO iter 2 - LBFGS: NLL=364.3028  mean_cds=9.860e-09  mean_casa=9.495 deg, 0.58s 
AO iter 3 - EM: NLL=363.1353, 0.70s 
AO iter 3 - LBFGS: NLL=359.5778  mean_cds=9.451e-09  mean_casa=9.464 deg, 0.85s 
mc_idx = 50/50, 耗时 74.29s 

====== Kp = 16 (2/5) finished, consumed 74.3s ======

开始MonteCarlo仿真...... 
AO iter 1 - EM: NLL=633.2952, 0.12s 
AO iter 1 - LBFGS: NLL=616.1670  mean_cds=1.054e-08  mean_casa=11.102 deg, 0.29s 
AO iter 2 - EM: NLL=609.4067, 0.42s 
AO iter 2 - LBFGS: NLL=604.1737  mean_cds=1.010e-08  mean_casa=11.154 deg, 0.60s 
AO iter 3 - EM: NLL=602.2898, 0.73s 
AO iter 3 - LBFGS: NLL=600.9038  mean_cds=9.792e-09  mean_casa=11.287 deg, 0.92s 
mc_idx = 1/50, 耗时 1.58s 
AO iter 1 - EM: NLL=626.4155, 0.12s 
AO iter 1 - LBFGS: NLL=614.6599  mean_cds=1.016e-08  mean_casa=9.587 deg, 0.30s 
AO iter 2 - EM: NLL=605.1111, 0.43s 
AO iter 2 - LBFGS: NLL=599.7459  mean_cds=9.770e-09  mean_casa=9.676 deg, 0.60s 
AO iter 3 - EM: NLL=596.6492, 0.73s 
AO iter 3 - LBFGS: NLL=592.8535  mean_cds=9.437e-09  mean_casa=9.764 deg, 0.89s 
mc_idx = 2/50, 耗时 3.12s 
AO iter 1 - EM: NLL=615.2717, 0.12s 
AO iter 1 - LBFGS: NLL=598.6690  mean_cds=1.031e-08  mean_casa=9.541 deg, 0.30s 
AO iter 2 - EM: NLL=583.5058, 0.42s 
AO iter 2 - LBFGS: NLL=578.1698  mean_cds=9.693e-09  mean_casa=9.732 deg, 0.58s 
AO iter 3 - EM: NLL=576.9082, 0.70s 
AO iter 3 - LBFGS: NLL=575.8962  mean_cds=9.642e-09  mean_casa=9.669 deg, 0.87s 
mc_idx = 3/50, 耗时 4.65s 
AO iter 1 - EM: NLL=667.1411, 0.12s 
AO iter 1 - LBFGS: NLL=650.3098  mean_cds=9.981e-09  mean_casa=9.601 deg, 0.29s 
AO iter 2 - EM: NLL=635.4281, 0.41s 
AO iter 2 - LBFGS: NLL=626.9922  mean_cds=9.727e-09  mean_casa=9.787 deg, 0.58s 
AO iter 3 - EM: NLL=624.3569, 0.71s 
AO iter 3 - LBFGS: NLL=621.6111  mean_cds=9.664e-09  mean_casa=9.732 deg, 0.87s 
mc_idx = 4/50, 耗时 6.17s 
AO iter 1 - EM: NLL=681.4738, 0.12s 
AO iter 1 - LBFGS: NLL=674.7415  mean_cds=1.066e-08  mean_casa=9.812 deg, 0.31s 
AO iter 2 - EM: NLL=664.4147, 0.44s 
AO iter 2 - LBFGS: NLL=658.8497  mean_cds=1.042e-08  mean_casa=9.671 deg, 0.59s 
AO iter 3 - EM: NLL=656.2067, 0.72s 
AO iter 3 - LBFGS: NLL=653.9551  mean_cds=1.035e-08  mean_casa=9.603 deg, 0.88s 
mc_idx = 5/50, 耗时 7.75s 
AO iter 1 - EM: NLL=688.8076, 0.12s 
AO iter 1 - LBFGS: NLL=672.5580  mean_cds=1.041e-08  mean_casa=9.601 deg, 0.29s 
AO iter 2 - EM: NLL=664.0746, 0.42s 
AO iter 2 - LBFGS: NLL=655.0724  mean_cds=9.883e-09  mean_casa=9.197 deg, 0.57s 
AO iter 3 - EM: NLL=653.8261, 0.69s 
AO iter 3 - LBFGS: NLL=652.5136  mean_cds=9.826e-09  mean_casa=9.076 deg, 0.86s 
mc_idx = 6/50, 耗时 9.28s 
AO iter 1 - EM: NLL=634.6224, 0.12s 
AO iter 1 - LBFGS: NLL=609.7556  mean_cds=8.712e-09  mean_casa=8.486 deg, 0.28s 
AO iter 2 - EM: NLL=590.4813, 0.41s 
AO iter 2 - LBFGS: NLL=583.1330  mean_cds=8.077e-09  mean_casa=8.256 deg, 0.56s 
AO iter 3 - EM: NLL=581.8303, 0.69s 
AO iter 3 - LBFGS: NLL=579.8278  mean_cds=8.072e-09  mean_casa=8.164 deg, 0.84s 
mc_idx = 7/50, 耗时 10.79s 
AO iter 1 - EM: NLL=700.1131, 0.12s 
AO iter 1 - LBFGS: NLL=683.0494  mean_cds=1.041e-08  mean_casa=9.484 deg, 0.29s 
AO iter 2 - EM: NLL=677.6963, 0.41s 
AO iter 2 - LBFGS: NLL=673.2300  mean_cds=1.027e-08  mean_casa=9.627 deg, 0.56s 
AO iter 3 - EM: NLL=671.3865, 0.69s 
AO iter 3 - LBFGS: NLL=669.6348  mean_cds=1.020e-08  mean_casa=9.666 deg, 0.84s 
mc_idx = 8/50, 耗时 12.29s 
AO iter 1 - EM: NLL=688.0262, 0.12s 
AO iter 1 - LBFGS: NLL=675.2592  mean_cds=1.005e-08  mean_casa=9.785 deg, 0.28s 
AO iter 2 - EM: NLL=667.0758, 0.40s 
AO iter 2 - LBFGS: NLL=658.9245  mean_cds=8.931e-09  mean_casa=10.289 deg, 0.55s 
AO iter 3 - EM: NLL=656.8481, 0.68s 
AO iter 3 - LBFGS: NLL=654.2698  mean_cds=8.739e-09  mean_casa=10.443 deg, 0.85s 
mc_idx = 9/50, 耗时 13.79s 
AO iter 1 - EM: NLL=618.1845, 0.12s 
AO iter 1 - LBFGS: NLL=604.3410  mean_cds=1.043e-08  mean_casa=9.220 deg, 0.29s 
AO iter 2 - EM: NLL=591.2324, 0.41s 
AO iter 2 - LBFGS: NLL=586.8989  mean_cds=1.052e-08  mean_casa=9.304 deg, 0.57s 
AO iter 3 - EM: NLL=583.4263, 0.69s 
AO iter 3 - LBFGS: NLL=579.9096  mean_cds=1.042e-08  mean_casa=9.305 deg, 0.85s 
mc_idx = 10/50, 耗时 15.28s 
AO iter 1 - EM: NLL=623.4015, 0.12s 
AO iter 1 - LBFGS: NLL=594.3591  mean_cds=9.221e-09  mean_casa=8.985 deg, 0.28s 
AO iter 2 - EM: NLL=585.2539, 0.40s 
AO iter 2 - LBFGS: NLL=578.2631  mean_cds=8.681e-09  mean_casa=9.103 deg, 0.56s 
AO iter 3 - EM: NLL=576.1707, 0.68s 
AO iter 3 - LBFGS: NLL=570.3974  mean_cds=7.671e-09  mean_casa=9.259 deg, 0.83s 
mc_idx = 11/50, 耗时 16.76s 
AO iter 1 - EM: NLL=675.4328, 0.12s 
AO iter 1 - LBFGS: NLL=662.2728  mean_cds=1.074e-08  mean_casa=9.526 deg, 0.30s 
AO iter 2 - EM: NLL=652.4574, 0.42s 
AO iter 2 - LBFGS: NLL=646.9129  mean_cds=1.059e-08  mean_casa=9.112 deg, 0.57s 
AO iter 3 - EM: NLL=641.9920, 0.70s 
AO iter 3 - LBFGS: NLL=638.9230  mean_cds=1.070e-08  mean_casa=8.936 deg, 0.85s 
mc_idx = 12/50, 耗时 18.26s 
AO iter 1 - EM: NLL=663.7213, 0.12s 
AO iter 1 - LBFGS: NLL=643.9330  mean_cds=1.017e-08  mean_casa=9.689 deg, 0.30s 
AO iter 2 - EM: NLL=630.4614, 0.42s 
AO iter 2 - LBFGS: NLL=622.8108  mean_cds=9.254e-09  mean_casa=9.861 deg, 0.57s 
AO iter 3 - EM: NLL=618.8673, 0.70s 
AO iter 3 - LBFGS: NLL=617.1401  mean_cds=9.037e-09  mean_casa=10.111 deg, 0.85s 
mc_idx = 13/50, 耗时 19.77s 
AO iter 1 - EM: NLL=758.0718, 0.12s 
AO iter 1 - LBFGS: NLL=748.8843  mean_cds=1.089e-08  mean_casa=9.756 deg, 0.29s 
AO iter 2 - EM: NLL=737.6511, 0.42s 
AO iter 2 - LBFGS: NLL=732.9122  mean_cds=1.084e-08  mean_casa=9.920 deg, 0.58s 
AO iter 3 - EM: NLL=728.9083, 0.70s 
AO iter 3 - LBFGS: NLL=726.3013  mean_cds=1.083e-08  mean_casa=9.937 deg, 0.86s 
mc_idx = 14/50, 耗时 21.28s 
AO iter 1 - EM: NLL=639.9598, 0.13s 
AO iter 1 - LBFGS: NLL=625.0490  mean_cds=1.055e-08  mean_casa=9.670 deg, 0.31s 
AO iter 2 - EM: NLL=616.9215, 0.43s 
AO iter 2 - LBFGS: NLL=608.6202  mean_cds=1.033e-08  mean_casa=9.630 deg, 0.59s 
AO iter 3 - EM: NLL=605.0413, 0.71s 
AO iter 3 - LBFGS: NLL=603.5121  mean_cds=1.028e-08  mean_casa=9.579 deg, 0.87s 
mc_idx = 15/50, 耗时 22.82s 
AO iter 1 - EM: NLL=673.1965, 0.12s 
AO iter 1 - LBFGS: NLL=652.2833  mean_cds=1.026e-08  mean_casa=9.745 deg, 0.28s 
AO iter 2 - EM: NLL=633.8552, 0.40s 
AO iter 2 - LBFGS: NLL=629.8051  mean_cds=1.032e-08  mean_casa=10.224 deg, 0.55s 
AO iter 3 - EM: NLL=627.6476, 0.68s 
AO iter 3 - LBFGS: NLL=625.5710  mean_cds=1.045e-08  mean_casa=10.595 deg, 0.85s 
mc_idx = 16/50, 耗时 24.32s 
AO iter 1 - EM: NLL=652.8703, 0.12s 
AO iter 1 - LBFGS: NLL=641.6181  mean_cds=1.040e-08  mean_casa=9.431 deg, 0.30s 
AO iter 2 - EM: NLL=633.6169, 0.42s 
AO iter 2 - LBFGS: NLL=623.7616  mean_cds=9.934e-09  mean_casa=8.821 deg, 0.57s 
AO iter 3 - EM: NLL=621.3247, 0.70s 
AO iter 3 - LBFGS: NLL=619.7431  mean_cds=9.921e-09  mean_casa=8.770 deg, 0.87s 
mc_idx = 17/50, 耗时 25.87s 
AO iter 1 - EM: NLL=693.4408, 0.12s 
AO iter 1 - LBFGS: NLL=669.8235  mean_cds=1.028e-08  mean_casa=9.390 deg, 0.29s 
AO iter 2 - EM: NLL=648.7491, 0.41s 
AO iter 2 - LBFGS: NLL=639.8834  mean_cds=9.649e-09  mean_casa=9.502 deg, 0.57s 
AO iter 3 - EM: NLL=637.6957, 0.70s 
AO iter 3 - LBFGS: NLL=636.3451  mean_cds=9.525e-09  mean_casa=9.527 deg, 0.85s 
mc_idx = 18/50, 耗时 27.38s 
AO iter 1 - EM: NLL=640.2630, 0.12s 
AO iter 1 - LBFGS: NLL=627.6689  mean_cds=1.021e-08  mean_casa=9.518 deg, 0.28s 
AO iter 2 - EM: NLL=615.2917, 0.41s 
AO iter 2 - LBFGS: NLL=612.2530  mean_cds=9.854e-09  mean_casa=9.742 deg, 0.56s 
AO iter 3 - EM: NLL=610.8694, 0.68s 
AO iter 3 - LBFGS: NLL=608.6720  mean_cds=9.724e-09  mean_casa=9.723 deg, 0.83s 
mc_idx = 19/50, 耗时 28.87s 
AO iter 1 - EM: NLL=687.8135, 0.12s 
AO iter 1 - LBFGS: NLL=677.0092  mean_cds=1.048e-08  mean_casa=9.771 deg, 0.28s 
AO iter 2 - EM: NLL=667.0193, 0.41s 
AO iter 2 - LBFGS: NLL=663.1942  mean_cds=1.012e-08  mean_casa=9.759 deg, 0.56s 
AO iter 3 - EM: NLL=660.3397, 0.69s 
AO iter 3 - LBFGS: NLL=658.6919  mean_cds=9.875e-09  mean_casa=9.823 deg, 0.85s 
mc_idx = 20/50, 耗时 30.37s 
AO iter 1 - EM: NLL=697.5303, 0.12s 
AO iter 1 - LBFGS: NLL=686.2764  mean_cds=1.046e-08  mean_casa=9.496 deg, 0.28s 
AO iter 2 - EM: NLL=679.5436, 0.41s 
AO iter 2 - LBFGS: NLL=675.8896  mean_cds=1.020e-08  mean_casa=9.511 deg, 0.57s 
AO iter 3 - EM: NLL=674.7603, 0.70s 
AO iter 3 - LBFGS: NLL=671.8560  mean_cds=9.977e-09  mean_casa=9.389 deg, 0.86s 
mc_idx = 21/50, 耗时 31.88s 
AO iter 1 - EM: NLL=651.3199, 0.13s 
AO iter 1 - LBFGS: NLL=623.0575  mean_cds=9.988e-09  mean_casa=9.037 deg, 0.29s 
AO iter 2 - EM: NLL=615.3283, 0.41s 
AO iter 2 - LBFGS: NLL=608.2656  mean_cds=9.574e-09  mean_casa=9.229 deg, 0.57s 
AO iter 3 - EM: NLL=606.0813, 0.69s 
AO iter 3 - LBFGS: NLL=599.5494  mean_cds=8.659e-09  mean_casa=11.028 deg, 0.86s 
mc_idx = 22/50, 耗时 33.41s 
AO iter 1 - EM: NLL=667.6243, 0.13s 
AO iter 1 - LBFGS: NLL=657.3318  mean_cds=9.103e-09  mean_casa=10.542 deg, 0.29s 
AO iter 2 - EM: NLL=640.7961, 0.41s 
AO iter 2 - LBFGS: NLL=624.6490  mean_cds=9.240e-09  mean_casa=9.372 deg, 0.58s 
AO iter 3 - EM: NLL=615.1828, 0.70s 
AO iter 3 - LBFGS: NLL=613.2042  mean_cds=9.152e-09  mean_casa=9.230 deg, 0.86s 
mc_idx = 23/50, 耗时 34.92s 
AO iter 1 - EM: NLL=637.6978, 0.13s 
AO iter 1 - LBFGS: NLL=605.6141  mean_cds=9.948e-09  mean_casa=9.026 deg, 0.32s 
AO iter 2 - EM: NLL=590.4647, 0.45s 
AO iter 2 - LBFGS: NLL=581.4979  mean_cds=9.228e-09  mean_casa=8.926 deg, 0.61s 
AO iter 3 - EM: NLL=580.0958, 0.73s 
AO iter 3 - LBFGS: NLL=577.4857  mean_cds=8.919e-09  mean_casa=8.770 deg, 0.88s 
mc_idx = 24/50, 耗时 36.48s 
AO iter 1 - EM: NLL=704.8860, 0.12s 
AO iter 1 - LBFGS: NLL=683.0618  mean_cds=9.725e-09  mean_casa=9.155 deg, 0.29s 
AO iter 2 - EM: NLL=659.4162, 0.41s 
AO iter 2 - LBFGS: NLL=654.1312  mean_cds=9.493e-09  mean_casa=9.254 deg, 0.57s 
AO iter 3 - EM: NLL=650.8309, 0.70s 
AO iter 3 - LBFGS: NLL=647.1430  mean_cds=9.092e-09  mean_casa=9.466 deg, 0.85s 
mc_idx = 25/50, 耗时 37.99s 
AO iter 1 - EM: NLL=728.1022, 0.12s 
AO iter 1 - LBFGS: NLL=718.7723  mean_cds=1.078e-08  mean_casa=9.709 deg, 0.29s 
AO iter 2 - EM: NLL=710.3605, 0.42s 
AO iter 2 - LBFGS: NLL=708.6157  mean_cds=1.073e-08  mean_casa=9.711 deg, 0.59s 
AO iter 3 - EM: NLL=706.5858, 0.71s 
AO iter 3 - LBFGS: NLL=704.9625  mean_cds=1.063e-08  mean_casa=9.688 deg, 0.87s 
mc_idx = 26/50, 耗时 39.52s 
AO iter 1 - EM: NLL=652.9158, 0.13s 
AO iter 1 - LBFGS: NLL=633.7909  mean_cds=9.386e-09  mean_casa=9.713 deg, 0.30s 
AO iter 2 - EM: NLL=629.0915, 0.43s 
AO iter 2 - LBFGS: NLL=622.7408  mean_cds=8.872e-09  mean_casa=10.192 deg, 0.59s 
AO iter 3 - EM: NLL=619.6173, 0.71s 
AO iter 3 - LBFGS: NLL=614.6812  mean_cds=8.113e-09  mean_casa=11.438 deg, 0.86s 
mc_idx = 27/50, 耗时 41.05s 
AO iter 1 - EM: NLL=671.0925, 0.12s 
AO iter 1 - LBFGS: NLL=656.4104  mean_cds=1.058e-08  mean_casa=9.741 deg, 0.31s 
AO iter 2 - EM: NLL=649.6780, 0.43s 
AO iter 2 - LBFGS: NLL=639.1283  mean_cds=1.053e-08  mean_casa=10.916 deg, 0.59s 
AO iter 3 - EM: NLL=635.8183, 0.72s 
AO iter 3 - LBFGS: NLL=631.1981  mean_cds=1.071e-08  mean_casa=10.301 deg, 0.88s 
mc_idx = 28/50, 耗时 42.61s 
AO iter 1 - EM: NLL=724.8718, 0.13s 
AO iter 1 - LBFGS: NLL=701.4787  mean_cds=9.932e-09  mean_casa=9.573 deg, 0.33s 
AO iter 2 - EM: NLL=689.2421, 0.45s 
AO iter 2 - LBFGS: NLL=678.2309  mean_cds=9.112e-09  mean_casa=9.907 deg, 0.60s 
AO iter 3 - EM: NLL=674.9737, 0.73s 
AO iter 3 - LBFGS: NLL=671.7563  mean_cds=8.811e-09  mean_casa=10.114 deg, 0.89s 
mc_idx = 29/50, 耗时 44.15s 
AO iter 1 - EM: NLL=597.3338, 0.12s 
AO iter 1 - LBFGS: NLL=578.3699  mean_cds=8.974e-09  mean_casa=9.339 deg, 0.28s 
AO iter 2 - EM: NLL=556.9501, 0.41s 
AO iter 2 - LBFGS: NLL=548.9677  mean_cds=8.667e-09  mean_casa=9.081 deg, 0.59s 
AO iter 3 - EM: NLL=545.7261, 0.72s 
AO iter 3 - LBFGS: NLL=544.0535  mean_cds=8.562e-09  mean_casa=8.996 deg, 0.89s 
mc_idx = 30/50, 耗时 45.70s 
AO iter 1 - EM: NLL=561.7162, 0.12s 
AO iter 1 - LBFGS: NLL=549.3060  mean_cds=1.046e-08  mean_casa=9.487 deg, 0.29s 
AO iter 2 - EM: NLL=537.7953, 0.41s 
AO iter 2 - LBFGS: NLL=531.3786  mean_cds=9.740e-09  mean_casa=9.090 deg, 0.58s 
AO iter 3 - EM: NLL=529.4767, 0.71s 
AO iter 3 - LBFGS: NLL=528.2863  mean_cds=9.634e-09  mean_casa=8.983 deg, 0.87s 
mc_idx = 31/50, 耗时 47.22s 
AO iter 1 - EM: NLL=635.9061, 0.13s 
AO iter 1 - LBFGS: NLL=621.9511  mean_cds=1.013e-08  mean_casa=9.504 deg, 0.29s 
AO iter 2 - EM: NLL=612.2385, 0.42s 
AO iter 2 - LBFGS: NLL=607.2408  mean_cds=9.505e-09  mean_casa=9.424 deg, 0.58s 
AO iter 3 - EM: NLL=603.5349, 0.71s 
AO iter 3 - LBFGS: NLL=601.4658  mean_cds=9.240e-09  mean_casa=9.417 deg, 0.88s 
mc_idx = 32/50, 耗时 48.75s 
AO iter 1 - EM: NLL=642.2832, 0.12s 
AO iter 1 - LBFGS: NLL=627.7829  mean_cds=1.052e-08  mean_casa=9.575 deg, 0.29s 
AO iter 2 - EM: NLL=617.5199, 0.41s 
AO iter 2 - LBFGS: NLL=613.5656  mean_cds=1.060e-08  mean_casa=10.078 deg, 0.57s 
AO iter 3 - EM: NLL=611.1909, 0.69s 
AO iter 3 - LBFGS: NLL=606.6698  mean_cds=1.093e-08  mean_casa=10.966 deg, 0.84s 
mc_idx = 33/50, 耗时 50.24s 
AO iter 1 - EM: NLL=764.1991, 0.12s 
AO iter 1 - LBFGS: NLL=752.0229  mean_cds=9.750e-09  mean_casa=9.366 deg, 0.28s 
AO iter 2 - EM: NLL=732.3216, 0.41s 
AO iter 2 - LBFGS: NLL=723.1054  mean_cds=9.729e-09  mean_casa=9.587 deg, 0.58s 
AO iter 3 - EM: NLL=718.6696, 0.70s 
AO iter 3 - LBFGS: NLL=713.5410  mean_cds=9.533e-09  mean_casa=10.054 deg, 0.86s 
mc_idx = 34/50, 耗时 51.76s 
AO iter 1 - EM: NLL=602.8467, 0.12s 
AO iter 1 - LBFGS: NLL=588.5480  mean_cds=1.031e-08  mean_casa=9.217 deg, 0.28s 
AO iter 2 - EM: NLL=576.6563, 0.41s 
AO iter 2 - LBFGS: NLL=570.8177  mean_cds=1.020e-08  mean_casa=9.402 deg, 0.58s 
AO iter 3 - EM: NLL=569.4566, 0.70s 
AO iter 3 - LBFGS: NLL=565.4660  mean_cds=1.086e-08  mean_casa=9.634 deg, 0.87s 
mc_idx = 35/50, 耗时 53.28s 
AO iter 1 - EM: NLL=675.7275, 0.12s 
AO iter 1 - LBFGS: NLL=663.3716  mean_cds=1.055e-08  mean_casa=9.638 deg, 0.29s 
AO iter 2 - EM: NLL=654.8159, 0.41s 
AO iter 2 - LBFGS: NLL=650.5380  mean_cds=1.018e-08  mean_casa=9.732 deg, 0.57s 
AO iter 3 - EM: NLL=649.0233, 0.69s 
AO iter 3 - LBFGS: NLL=647.3541  mean_cds=1.012e-08  mean_casa=9.711 deg, 0.85s 
mc_idx = 36/50, 耗时 54.79s 
AO iter 1 - EM: NLL=629.4545, 0.13s 
AO iter 1 - LBFGS: NLL=596.8862  mean_cds=1.066e-08  mean_casa=9.075 deg, 0.31s 
AO iter 2 - EM: NLL=574.1241, 0.43s 
AO iter 2 - LBFGS: NLL=565.9105  mean_cds=1.070e-08  mean_casa=8.837 deg, 0.60s 
AO iter 3 - EM: NLL=561.8371, 0.72s 
AO iter 3 - LBFGS: NLL=560.0350  mean_cds=1.068e-08  mean_casa=8.743 deg, 0.89s 
mc_idx = 37/50, 耗时 56.34s 
AO iter 1 - EM: NLL=677.0677, 0.12s 
AO iter 1 - LBFGS: NLL=658.4745  mean_cds=1.024e-08  mean_casa=9.481 deg, 0.29s 
AO iter 2 - EM: NLL=650.9184, 0.41s 
AO iter 2 - LBFGS: NLL=637.4052  mean_cds=9.736e-09  mean_casa=9.586 deg, 0.57s 
AO iter 3 - EM: NLL=634.4956, 0.69s 
AO iter 3 - LBFGS: NLL=631.8476  mean_cds=9.902e-09  mean_casa=9.571 deg, 0.86s 
mc_idx = 38/50, 耗时 57.86s 
AO iter 1 - EM: NLL=652.3226, 0.12s 
AO iter 1 - LBFGS: NLL=636.6296  mean_cds=1.001e-08  mean_casa=9.477 deg, 0.31s 
AO iter 2 - EM: NLL=618.3081, 0.43s 
AO iter 2 - LBFGS: NLL=610.7883  mean_cds=9.639e-09  mean_casa=9.450 deg, 0.59s 
AO iter 3 - EM: NLL=605.0978, 0.72s 
AO iter 3 - LBFGS: NLL=603.8274  mean_cds=9.349e-09  mean_casa=9.406 deg, 0.87s 
mc_idx = 39/50, 耗时 59.39s 
AO iter 1 - EM: NLL=687.9846, 0.13s 
AO iter 1 - LBFGS: NLL=676.0284  mean_cds=1.035e-08  mean_casa=9.610 deg, 0.29s 
AO iter 2 - EM: NLL=667.5212, 0.41s 
AO iter 2 - LBFGS: NLL=663.2035  mean_cds=9.961e-09  mean_casa=9.647 deg, 0.57s 
AO iter 3 - EM: NLL=661.7814, 0.69s 
AO iter 3 - LBFGS: NLL=659.4432  mean_cds=9.677e-09  mean_casa=9.595 deg, 0.85s 
mc_idx = 40/50, 耗时 60.89s 
AO iter 1 - EM: NLL=746.7619, 0.12s 
AO iter 1 - LBFGS: NLL=707.6148  mean_cds=1.042e-08  mean_casa=9.152 deg, 0.29s 
AO iter 2 - EM: NLL=693.7582, 0.41s 
AO iter 2 - LBFGS: NLL=686.7699  mean_cds=1.039e-08  mean_casa=8.953 deg, 0.56s 
AO iter 3 - EM: NLL=682.4277, 0.69s 
AO iter 3 - LBFGS: NLL=680.5678  mean_cds=1.053e-08  mean_casa=8.894 deg, 0.84s 
mc_idx = 41/50, 耗时 62.39s 
AO iter 1 - EM: NLL=680.7139, 0.12s 
AO iter 1 - LBFGS: NLL=657.6566  mean_cds=1.041e-08  mean_casa=9.406 deg, 0.30s 
AO iter 2 - EM: NLL=649.8415, 0.43s 
AO iter 2 - LBFGS: NLL=640.4118  mean_cds=9.575e-09  mean_casa=8.602 deg, 0.59s 
AO iter 3 - EM: NLL=637.2667, 0.71s 
AO iter 3 - LBFGS: NLL=633.8904  mean_cds=9.462e-09  mean_casa=8.269 deg, 0.86s 
mc_idx = 42/50, 耗时 63.92s 
AO iter 1 - EM: NLL=675.3186, 0.12s 
AO iter 1 - LBFGS: NLL=665.6686  mean_cds=1.040e-08  mean_casa=9.767 deg, 0.28s 
AO iter 2 - EM: NLL=656.8476, 0.41s 
AO iter 2 - LBFGS: NLL=652.6178  mean_cds=1.003e-08  mean_casa=9.984 deg, 0.56s 
AO iter 3 - EM: NLL=650.4342, 0.69s 
AO iter 3 - LBFGS: NLL=646.1539  mean_cds=9.469e-09  mean_casa=10.488 deg, 0.85s 
mc_idx = 43/50, 耗时 65.44s 
AO iter 1 - EM: NLL=661.5774, 0.13s 
AO iter 1 - LBFGS: NLL=639.2347  mean_cds=1.040e-08  mean_casa=9.163 deg, 0.30s 
AO iter 2 - EM: NLL=618.3046, 0.42s 
AO iter 2 - LBFGS: NLL=614.6551  mean_cds=1.013e-08  mean_casa=9.014 deg, 0.59s 
AO iter 3 - EM: NLL=611.8037, 0.71s 
AO iter 3 - LBFGS: NLL=609.0334  mean_cds=9.767e-09  mean_casa=8.925 deg, 0.86s 
mc_idx = 44/50, 耗时 66.98s 
AO iter 1 - EM: NLL=713.3383, 0.13s 
AO iter 1 - LBFGS: NLL=696.4001  mean_cds=1.004e-08  mean_casa=9.355 deg, 0.30s 
AO iter 2 - EM: NLL=690.0191, 0.43s 
AO iter 2 - LBFGS: NLL=681.3808  mean_cds=9.761e-09  mean_casa=9.288 deg, 0.61s 
AO iter 3 - EM: NLL=679.3012, 0.73s 
AO iter 3 - LBFGS: NLL=674.4106  mean_cds=9.322e-09  mean_casa=9.027 deg, 0.89s 
mc_idx = 45/50, 耗时 68.53s 
AO iter 1 - EM: NLL=668.5454, 0.12s 
AO iter 1 - LBFGS: NLL=656.1659  mean_cds=1.012e-08  mean_casa=9.630 deg, 0.31s 
AO iter 2 - EM: NLL=647.2076, 0.43s 
AO iter 2 - LBFGS: NLL=643.9158  mean_cds=9.613e-09  mean_casa=9.891 deg, 0.60s 
AO iter 3 - EM: NLL=642.8542, 0.73s 
AO iter 3 - LBFGS: NLL=641.3017  mean_cds=9.277e-09  mean_casa=9.936 deg, 0.89s 
mc_idx = 46/50, 耗时 70.07s 
AO iter 1 - EM: NLL=714.6896, 0.12s 
AO iter 1 - LBFGS: NLL=696.2683  mean_cds=1.021e-08  mean_casa=9.866 deg, 0.29s 
AO iter 2 - EM: NLL=681.8452, 0.41s 
AO iter 2 - LBFGS: NLL=671.3347  mean_cds=9.825e-09  mean_casa=10.930 deg, 0.59s 
AO iter 3 - EM: NLL=669.0277, 0.71s 
AO iter 3 - LBFGS: NLL=666.4427  mean_cds=9.688e-09  mean_casa=11.260 deg, 0.87s 
mc_idx = 47/50, 耗时 71.60s 
AO iter 1 - EM: NLL=688.9038, 0.13s 
AO iter 1 - LBFGS: NLL=670.9512  mean_cds=1.033e-08  mean_casa=9.311 deg, 0.30s 
AO iter 2 - EM: NLL=658.5512, 0.42s 
AO iter 2 - LBFGS: NLL=654.8896  mean_cds=1.015e-08  mean_casa=9.286 deg, 0.58s 
AO iter 3 - EM: NLL=652.4153, 0.70s 
AO iter 3 - LBFGS: NLL=649.3814  mean_cds=1.003e-08  mean_casa=9.118 deg, 0.86s 
mc_idx = 48/50, 耗时 73.12s 
AO iter 1 - EM: NLL=629.3604, 0.12s 
AO iter 1 - LBFGS: NLL=606.3264  mean_cds=1.035e-08  mean_casa=9.441 deg, 0.29s 
AO iter 2 - EM: NLL=585.7701, 0.41s 
AO iter 2 - LBFGS: NLL=575.6147  mean_cds=1.015e-08  mean_casa=9.784 deg, 0.56s 
AO iter 3 - EM: NLL=574.3570, 0.69s 
AO iter 3 - LBFGS: NLL=572.7610  mean_cds=1.040e-08  mean_casa=9.806 deg, 0.84s 
mc_idx = 49/50, 耗时 74.62s 
AO iter 1 - EM: NLL=693.6456, 0.12s 
AO iter 1 - LBFGS: NLL=680.7602  mean_cds=1.054e-08  mean_casa=9.695 deg, 0.29s 
AO iter 2 - EM: NLL=672.4338, 0.41s 
AO iter 2 - LBFGS: NLL=665.9942  mean_cds=1.028e-08  mean_casa=9.659 deg, 0.57s 
AO iter 3 - EM: NLL=664.8405, 0.69s 
AO iter 3 - LBFGS: NLL=661.2996  mean_cds=1.005e-08  mean_casa=9.438 deg, 0.85s 
mc_idx = 50/50, 耗时 76.12s 

====== Kp = 32 (3/5) finished, consumed 76.1s ======

开始MonteCarlo仿真...... 
AO iter 1 - EM: NLL=959.3610, 0.13s 
AO iter 1 - LBFGS: NLL=926.3745  mean_cds=9.751e-09  mean_casa=10.008 deg, 0.31s 
AO iter 2 - EM: NLL=915.6921, 0.44s 
AO iter 2 - LBFGS: NLL=911.3568  mean_cds=9.462e-09  mean_casa=10.482 deg, 0.60s 
AO iter 3 - EM: NLL=908.9383, 0.73s 
AO iter 3 - LBFGS: NLL=905.9090  mean_cds=9.468e-09  mean_casa=11.104 deg, 0.90s 
mc_idx = 1/50, 耗时 1.58s 
AO iter 1 - EM: NLL=1062.7527, 0.13s 
AO iter 1 - LBFGS: NLL=1041.7859  mean_cds=9.748e-09  mean_casa=9.806 deg, 0.32s 
AO iter 2 - EM: NLL=1014.2001, 0.44s 
AO iter 2 - LBFGS: NLL=1001.0899  mean_cds=9.087e-09  mean_casa=9.838 deg, 0.62s 
AO iter 3 - EM: NLL=999.5600, 0.75s 
AO iter 3 - LBFGS: NLL=992.2020  mean_cds=8.393e-09  mean_casa=9.950 deg, 0.93s 
mc_idx = 2/50, 耗时 3.21s 
AO iter 1 - EM: NLL=1071.9762, 0.13s 
AO iter 1 - LBFGS: NLL=1049.0556  mean_cds=1.048e-08  mean_casa=9.538 deg, 0.32s 
AO iter 2 - EM: NLL=1031.2189, 0.44s 
AO iter 2 - LBFGS: NLL=1021.8004  mean_cds=1.020e-08  mean_casa=9.438 deg, 0.61s 
AO iter 3 - EM: NLL=1018.8223, 0.74s 
AO iter 3 - LBFGS: NLL=1014.7395  mean_cds=1.005e-08  mean_casa=9.484 deg, 0.92s 
mc_idx = 3/50, 耗时 4.81s 
AO iter 1 - EM: NLL=919.8054, 0.13s 
AO iter 1 - LBFGS: NLL=899.3912  mean_cds=1.055e-08  mean_casa=9.839 deg, 0.33s 
AO iter 2 - EM: NLL=880.0742, 0.45s 
AO iter 2 - LBFGS: NLL=869.5867  mean_cds=1.024e-08  mean_casa=10.168 deg, 0.62s 
AO iter 3 - EM: NLL=866.3321, 0.74s 
AO iter 3 - LBFGS: NLL=862.5974  mean_cds=1.030e-08  mean_casa=10.351 deg, 0.91s 
mc_idx = 4/50, 耗时 6.41s 
AO iter 1 - EM: NLL=932.1534, 0.13s 
AO iter 1 - LBFGS: NLL=902.5295  mean_cds=1.017e-08  mean_casa=9.447 deg, 0.32s 
AO iter 2 - EM: NLL=883.6345, 0.45s 
AO iter 2 - LBFGS: NLL=863.2908  mean_cds=9.302e-09  mean_casa=8.879 deg, 0.61s 
AO iter 3 - EM: NLL=859.7703, 0.74s 
AO iter 3 - LBFGS: NLL=856.7286  mean_cds=9.185e-09  mean_casa=8.659 deg, 0.90s 
mc_idx = 5/50, 耗时 8.00s 
AO iter 1 - EM: NLL=939.4518, 0.13s 
AO iter 1 - LBFGS: NLL=911.2808  mean_cds=9.948e-09  mean_casa=9.204 deg, 0.30s 
AO iter 2 - EM: NLL=887.3865, 0.43s 
AO iter 2 - LBFGS: NLL=867.0231  mean_cds=9.209e-09  mean_casa=9.130 deg, 0.60s 
AO iter 3 - EM: NLL=861.9327, 0.73s 
AO iter 3 - LBFGS: NLL=856.8085  mean_cds=9.009e-09  mean_casa=9.002 deg, 0.90s 
mc_idx = 6/50, 耗时 9.58s 
AO iter 1 - EM: NLL=1007.1347, 0.13s 
AO iter 1 - LBFGS: NLL=983.2676  mean_cds=1.030e-08  mean_casa=9.349 deg, 0.32s 
AO iter 2 - EM: NLL=970.6890, 0.45s 
AO iter 2 - LBFGS: NLL=961.2030  mean_cds=1.001e-08  mean_casa=8.949 deg, 0.61s 
AO iter 3 - EM: NLL=956.4144, 0.74s 
AO iter 3 - LBFGS: NLL=947.1832  mean_cds=9.883e-09  mean_casa=8.678 deg, 0.91s 
mc_idx = 7/50, 耗时 11.18s 
AO iter 1 - EM: NLL=1006.2746, 0.13s 
AO iter 1 - LBFGS: NLL=958.1849  mean_cds=9.480e-09  mean_casa=10.057 deg, 0.32s 
AO iter 2 - EM: NLL=943.0663, 0.45s 
AO iter 2 - LBFGS: NLL=930.8734  mean_cds=8.271e-09  mean_casa=10.622 deg, 0.64s 
AO iter 3 - EM: NLL=927.2026, 0.77s 
AO iter 3 - LBFGS: NLL=923.8366  mean_cds=8.240e-09  mean_casa=10.736 deg, 0.93s 
mc_idx = 8/50, 耗时 12.81s 
AO iter 1 - EM: NLL=1016.4177, 0.13s 
AO iter 1 - LBFGS: NLL=979.4493  mean_cds=1.023e-08  mean_casa=9.652 deg, 0.32s 
AO iter 2 - EM: NLL=962.4965, 0.44s 
AO iter 2 - LBFGS: NLL=954.8318  mean_cds=9.863e-09  mean_casa=9.684 deg, 0.62s 
AO iter 3 - EM: NLL=950.5680, 0.75s 
AO iter 3 - LBFGS: NLL=947.1177  mean_cds=9.811e-09  mean_casa=9.628 deg, 0.92s 
mc_idx = 9/50, 耗时 14.42s 
AO iter 1 - EM: NLL=1018.0907, 0.13s 
AO iter 1 - LBFGS: NLL=974.3763  mean_cds=9.951e-09  mean_casa=9.472 deg, 0.30s 
AO iter 2 - EM: NLL=948.5112, 0.44s 
AO iter 2 - LBFGS: NLL=934.6879  mean_cds=9.335e-09  mean_casa=9.588 deg, 0.61s 
AO iter 3 - EM: NLL=931.9804, 0.74s 
AO iter 3 - LBFGS: NLL=928.7512  mean_cds=9.244e-09  mean_casa=9.723 deg, 0.90s 
mc_idx = 10/50, 耗时 16.02s 
AO iter 1 - EM: NLL=1016.8026, 0.13s 
AO iter 1 - LBFGS: NLL=993.9735  mean_cds=1.044e-08  mean_casa=10.121 deg, 0.31s 
AO iter 2 - EM: NLL=980.7681, 0.45s 
AO iter 2 - LBFGS: NLL=973.5117  mean_cds=1.038e-08  mean_casa=10.645 deg, 0.62s 
AO iter 3 - EM: NLL=970.6463, 0.74s 
AO iter 3 - LBFGS: NLL=966.9753  mean_cds=1.092e-08  mean_casa=11.051 deg, 0.92s 
mc_idx = 11/50, 耗时 17.64s 
AO iter 1 - EM: NLL=979.7089, 0.13s 
AO iter 1 - LBFGS: NLL=951.0922  mean_cds=9.524e-09  mean_casa=9.445 deg, 0.31s 
AO iter 2 - EM: NLL=932.3452, 0.44s 
AO iter 2 - LBFGS: NLL=924.7500  mean_cds=9.340e-09  mean_casa=9.518 deg, 0.62s 
AO iter 3 - EM: NLL=922.5642, 0.76s 
AO iter 3 - LBFGS: NLL=911.6563  mean_cds=9.371e-09  mean_casa=10.001 deg, 0.92s 
mc_idx = 12/50, 耗时 19.26s 
AO iter 1 - EM: NLL=899.6504, 0.13s 
AO iter 1 - LBFGS: NLL=883.2494  mean_cds=1.045e-08  mean_casa=9.476 deg, 0.32s 
AO iter 2 - EM: NLL=878.6338, 0.44s 
AO iter 2 - LBFGS: NLL=872.6322  mean_cds=9.861e-09  mean_casa=9.239 deg, 0.62s 
AO iter 3 - EM: NLL=868.3980, 0.75s 
AO iter 3 - LBFGS: NLL=866.5681  mean_cds=9.976e-09  mean_casa=9.174 deg, 0.93s 
mc_idx = 13/50, 耗时 20.90s 
AO iter 1 - EM: NLL=1055.5906, 0.13s 
AO iter 1 - LBFGS: NLL=1026.8022  mean_cds=1.047e-08  mean_casa=9.933 deg, 0.32s 
AO iter 2 - EM: NLL=1011.3838, 0.46s 
AO iter 2 - LBFGS: NLL=993.5440  mean_cds=9.937e-09  mean_casa=10.925 deg, 0.65s 
AO iter 3 - EM: NLL=991.6672, 0.77s 
AO iter 3 - LBFGS: NLL=990.5827  mean_cds=9.951e-09  mean_casa=10.915 deg, 0.93s 
mc_idx = 14/50, 耗时 22.50s 
AO iter 1 - EM: NLL=1082.8627, 0.13s 
AO iter 1 - LBFGS: NLL=1047.1511  mean_cds=1.038e-08  mean_casa=9.857 deg, 0.31s 
AO iter 2 - EM: NLL=1029.0595, 0.44s 
AO iter 2 - LBFGS: NLL=1022.0169  mean_cds=1.013e-08  mean_casa=9.877 deg, 0.61s 
AO iter 3 - EM: NLL=1017.3000, 0.74s 
AO iter 3 - LBFGS: NLL=1014.9424  mean_cds=1.008e-08  mean_casa=9.905 deg, 0.90s 
mc_idx = 15/50, 耗时 24.10s 
AO iter 1 - EM: NLL=914.6374, 0.13s 
AO iter 1 - LBFGS: NLL=884.8163  mean_cds=9.860e-09  mean_casa=9.523 deg, 0.31s 
AO iter 2 - EM: NLL=871.1817, 0.46s 
AO iter 2 - LBFGS: NLL=863.0835  mean_cds=9.220e-09  mean_casa=9.395 deg, 0.64s 
AO iter 3 - EM: NLL=859.1803, 0.77s 
AO iter 3 - LBFGS: NLL=856.5590  mean_cds=9.052e-09  mean_casa=9.259 deg, 0.94s 
mc_idx = 16/50, 耗时 25.71s 
AO iter 1 - EM: NLL=893.6872, 0.13s 
AO iter 1 - LBFGS: NLL=851.6410  mean_cds=9.242e-09  mean_casa=9.255 deg, 0.31s 
AO iter 2 - EM: NLL=829.8478, 0.44s 
AO iter 2 - LBFGS: NLL=818.6053  mean_cds=8.673e-09  mean_casa=9.171 deg, 0.61s 
AO iter 3 - EM: NLL=817.2000, 0.74s 
AO iter 3 - LBFGS: NLL=814.8758  mean_cds=8.531e-09  mean_casa=9.246 deg, 0.91s 
mc_idx = 17/50, 耗时 27.31s 
AO iter 1 - EM: NLL=1069.2124, 0.13s 
AO iter 1 - LBFGS: NLL=1043.6072  mean_cds=1.014e-08  mean_casa=9.642 deg, 0.32s 
AO iter 2 - EM: NLL=1033.3682, 0.45s 
AO iter 2 - LBFGS: NLL=1023.6302  mean_cds=9.682e-09  mean_casa=9.470 deg, 0.62s 
AO iter 3 - EM: NLL=1020.8719, 0.74s 
AO iter 3 - LBFGS: NLL=1019.3593  mean_cds=9.628e-09  mean_casa=9.438 deg, 0.90s 
mc_idx = 18/50, 耗时 28.91s 
AO iter 1 - EM: NLL=926.2481, 0.13s 
AO iter 1 - LBFGS: NLL=898.2731  mean_cds=1.024e-08  mean_casa=9.579 deg, 0.32s 
AO iter 2 - EM: NLL=881.1182, 0.45s 
AO iter 2 - LBFGS: NLL=870.7749  mean_cds=8.909e-09  mean_casa=9.381 deg, 0.61s 
AO iter 3 - EM: NLL=868.0082, 0.73s 
AO iter 3 - LBFGS: NLL=865.4317  mean_cds=8.894e-09  mean_casa=9.415 deg, 0.90s 
mc_idx = 19/50, 耗时 30.52s 
AO iter 1 - EM: NLL=1157.2326, 0.13s 
AO iter 1 - LBFGS: NLL=1125.0016  mean_cds=1.069e-08  mean_casa=9.886 deg, 0.31s 
AO iter 2 - EM: NLL=1094.7454, 0.44s 
AO iter 2 - LBFGS: NLL=1085.1728  mean_cds=1.075e-08  mean_casa=10.193 deg, 0.60s 
AO iter 3 - EM: NLL=1082.8515, 0.72s 
AO iter 3 - LBFGS: NLL=1078.5072  mean_cds=1.074e-08  mean_casa=10.407 deg, 0.89s 
mc_idx = 20/50, 耗时 32.11s 
AO iter 1 - EM: NLL=933.6141, 0.13s 
AO iter 1 - LBFGS: NLL=911.8539  mean_cds=1.070e-08  mean_casa=9.580 deg, 0.32s 
AO iter 2 - EM: NLL=898.8700, 0.44s 
AO iter 2 - LBFGS: NLL=888.6084  mean_cds=1.023e-08  mean_casa=9.787 deg, 0.61s 
AO iter 3 - EM: NLL=886.1248, 0.74s 
AO iter 3 - LBFGS: NLL=884.4983  mean_cds=1.024e-08  mean_casa=9.942 deg, 0.91s 
mc_idx = 21/50, 耗时 33.71s 
AO iter 1 - EM: NLL=1010.9638, 0.13s 
AO iter 1 - LBFGS: NLL=977.4777  mean_cds=9.658e-09  mean_casa=9.223 deg, 0.30s 
AO iter 2 - EM: NLL=959.6858, 0.42s 
AO iter 2 - LBFGS: NLL=938.0941  mean_cds=9.259e-09  mean_casa=9.241 deg, 0.60s 
AO iter 3 - EM: NLL=933.5614, 0.72s 
AO iter 3 - LBFGS: NLL=932.0735  mean_cds=9.204e-09  mean_casa=9.249 deg, 0.90s 
mc_idx = 22/50, 耗时 35.31s 
AO iter 1 - EM: NLL=974.4359, 0.13s 
AO iter 1 - LBFGS: NLL=941.2085  mean_cds=1.018e-08  mean_casa=9.409 deg, 0.31s 
AO iter 2 - EM: NLL=929.5296, 0.44s 
AO iter 2 - LBFGS: NLL=916.7555  mean_cds=1.007e-08  mean_casa=9.228 deg, 0.60s 
AO iter 3 - EM: NLL=914.4837, 0.73s 
AO iter 3 - LBFGS: NLL=911.7831  mean_cds=1.060e-08  mean_casa=9.055 deg, 0.88s 
mc_idx = 23/50, 耗时 36.90s 
AO iter 1 - EM: NLL=1107.7794, 0.13s 
AO iter 1 - LBFGS: NLL=1094.8707  mean_cds=1.050e-08  mean_casa=9.891 deg, 0.31s 
AO iter 2 - EM: NLL=1087.8867, 0.44s 
AO iter 2 - LBFGS: NLL=1085.5392  mean_cds=1.031e-08  mean_casa=10.034 deg, 0.61s 
AO iter 3 - EM: NLL=1084.4370, 0.73s 
AO iter 3 - LBFGS: NLL=1081.7593  mean_cds=1.008e-08  mean_casa=10.203 deg, 0.91s 
mc_idx = 24/50, 耗时 38.49s 
AO iter 1 - EM: NLL=925.5891, 0.13s 
AO iter 1 - LBFGS: NLL=898.1843  mean_cds=9.952e-09  mean_casa=9.589 deg, 0.30s 
AO iter 2 - EM: NLL=882.3654, 0.43s 
AO iter 2 - LBFGS: NLL=870.4293  mean_cds=9.190e-09  mean_casa=9.700 deg, 0.60s 
AO iter 3 - EM: NLL=868.0654, 0.72s 
AO iter 3 - LBFGS: NLL=865.7728  mean_cds=9.134e-09  mean_casa=9.551 deg, 0.89s 
mc_idx = 25/50, 耗时 40.09s 
AO iter 1 - EM: NLL=982.5542, 0.13s 
AO iter 1 - LBFGS: NLL=966.8096  mean_cds=1.055e-08  mean_casa=9.884 deg, 0.31s 
AO iter 2 - EM: NLL=960.2249, 0.43s 
AO iter 2 - LBFGS: NLL=952.3414  mean_cds=1.031e-08  mean_casa=10.006 deg, 0.60s 
AO iter 3 - EM: NLL=950.5930, 0.74s 
AO iter 3 - LBFGS: NLL=947.9928  mean_cds=1.016e-08  mean_casa=10.097 deg, 0.90s 
mc_idx = 26/50, 耗时 41.69s 
AO iter 1 - EM: NLL=987.2131, 0.13s 
AO iter 1 - LBFGS: NLL=947.8878  mean_cds=1.026e-08  mean_casa=9.318 deg, 0.32s 
AO iter 2 - EM: NLL=932.2647, 0.45s 
AO iter 2 - LBFGS: NLL=925.0124  mean_cds=1.003e-08  mean_casa=9.254 deg, 0.62s 
AO iter 3 - EM: NLL=923.4207, 0.74s 
AO iter 3 - LBFGS: NLL=919.9016  mean_cds=9.980e-09  mean_casa=9.130 deg, 0.92s 
mc_idx = 27/50, 耗时 43.30s 
AO iter 1 - EM: NLL=1029.7742, 0.13s 
AO iter 1 - LBFGS: NLL=998.5385  mean_cds=1.061e-08  mean_casa=10.036 deg, 0.31s 
AO iter 2 - EM: NLL=985.4013, 0.43s 
AO iter 2 - LBFGS: NLL=976.4601  mean_cds=1.062e-08  mean_casa=10.424 deg, 0.60s 
AO iter 3 - EM: NLL=971.9008, 0.72s 
AO iter 3 - LBFGS: NLL=970.6209  mean_cds=1.059e-08  mean_casa=10.420 deg, 0.90s 
mc_idx = 28/50, 耗时 44.89s 
AO iter 1 - EM: NLL=1043.6705, 0.13s 
AO iter 1 - LBFGS: NLL=1018.1155  mean_cds=1.014e-08  mean_casa=9.756 deg, 0.31s 
AO iter 2 - EM: NLL=1009.0900, 0.44s 
AO iter 2 - LBFGS: NLL=999.4917  mean_cds=9.541e-09  mean_casa=9.778 deg, 0.62s 
AO iter 3 - EM: NLL=998.8933, 0.74s 
AO iter 3 - LBFGS: NLL=993.6090  mean_cds=9.139e-09  mean_casa=10.021 deg, 0.91s 
mc_idx = 29/50, 耗时 46.50s 
AO iter 1 - EM: NLL=967.1915, 0.13s 
AO iter 1 - LBFGS: NLL=923.0863  mean_cds=9.857e-09  mean_casa=9.730 deg, 0.31s 
AO iter 2 - EM: NLL=911.6804, 0.44s 
AO iter 2 - LBFGS: NLL=906.3463  mean_cds=9.595e-09  mean_casa=9.749 deg, 0.61s 
AO iter 3 - EM: NLL=903.3763, 0.74s 
AO iter 3 - LBFGS: NLL=901.4699  mean_cds=9.501e-09  mean_casa=9.706 deg, 0.90s 
mc_idx = 30/50, 耗时 48.09s 
AO iter 1 - EM: NLL=908.2379, 0.13s 
AO iter 1 - LBFGS: NLL=872.9462  mean_cds=1.015e-08  mean_casa=9.453 deg, 0.30s 
AO iter 2 - EM: NLL=857.1060, 0.42s 
AO iter 2 - LBFGS: NLL=848.9292  mean_cds=9.782e-09  mean_casa=9.486 deg, 0.59s 
AO iter 3 - EM: NLL=845.4837, 0.73s 
AO iter 3 - LBFGS: NLL=843.4792  mean_cds=9.697e-09  mean_casa=9.540 deg, 0.90s 
mc_idx = 31/50, 耗时 49.68s 
AO iter 1 - EM: NLL=1010.4280, 0.13s 
AO iter 1 - LBFGS: NLL=975.4950  mean_cds=1.003e-08  mean_casa=9.839 deg, 0.31s 
AO iter 2 - EM: NLL=961.1553, 0.44s 
AO iter 2 - LBFGS: NLL=953.2393  mean_cds=9.929e-09  mean_casa=10.143 deg, 0.60s 
AO iter 3 - EM: NLL=949.3581, 0.73s 
AO iter 3 - LBFGS: NLL=946.8955  mean_cds=1.009e-08  mean_casa=10.382 deg, 0.90s 
mc_idx = 32/50, 耗时 51.28s 
AO iter 1 - EM: NLL=976.4139, 0.13s 
AO iter 1 - LBFGS: NLL=956.6166  mean_cds=1.026e-08  mean_casa=9.844 deg, 0.31s 
AO iter 2 - EM: NLL=944.6560, 0.43s 
AO iter 2 - LBFGS: NLL=937.7876  mean_cds=1.011e-08  mean_casa=9.846 deg, 0.60s 
AO iter 3 - EM: NLL=934.7635, 0.73s 
AO iter 3 - LBFGS: NLL=930.9188  mean_cds=9.975e-09  mean_casa=10.026 deg, 0.89s 
mc_idx = 33/50, 耗时 52.86s 
AO iter 1 - EM: NLL=892.8945, 0.14s 
AO iter 1 - LBFGS: NLL=861.5662  mean_cds=1.005e-08  mean_casa=9.905 deg, 0.32s 
AO iter 2 - EM: NLL=850.3080, 0.44s 
AO iter 2 - LBFGS: NLL=846.9431  mean_cds=9.848e-09  mean_casa=9.916 deg, 0.61s 
AO iter 3 - EM: NLL=844.0512, 0.74s 
AO iter 3 - LBFGS: NLL=841.0057  mean_cds=9.751e-09  mean_casa=9.881 deg, 0.90s 
mc_idx = 34/50, 耗时 54.46s 
AO iter 1 - EM: NLL=1033.0654, 0.13s 
AO iter 1 - LBFGS: NLL=1001.3551  mean_cds=9.873e-09  mean_casa=9.582 deg, 0.32s 
AO iter 2 - EM: NLL=990.7999, 0.47s 
AO iter 2 - LBFGS: NLL=978.2037  mean_cds=9.286e-09  mean_casa=9.674 deg, 0.63s 
AO iter 3 - EM: NLL=975.8999, 0.76s 
AO iter 3 - LBFGS: NLL=974.2100  mean_cds=9.229e-09  mean_casa=9.769 deg, 0.93s 
mc_idx = 35/50, 耗时 56.12s 
AO iter 1 - EM: NLL=1074.1491, 0.12s 
AO iter 1 - LBFGS: NLL=1033.5714  mean_cds=1.000e-08  mean_casa=9.823 deg, 0.30s 
AO iter 2 - EM: NLL=1022.3661, 0.43s 
AO iter 2 - LBFGS: NLL=1008.2704  mean_cds=9.433e-09  mean_casa=10.099 deg, 0.61s 
AO iter 3 - EM: NLL=1005.1606, 0.73s 
AO iter 3 - LBFGS: NLL=1000.9463  mean_cds=9.295e-09  mean_casa=10.140 deg, 0.90s 
mc_idx = 36/50, 耗时 57.71s 
AO iter 1 - EM: NLL=921.6516, 0.13s 
AO iter 1 - LBFGS: NLL=905.3570  mean_cds=1.038e-08  mean_casa=9.844 deg, 0.30s 
AO iter 2 - EM: NLL=898.4217, 0.43s 
AO iter 2 - LBFGS: NLL=891.8796  mean_cds=9.961e-09  mean_casa=10.012 deg, 0.59s 
AO iter 3 - EM: NLL=889.4330, 0.72s 
AO iter 3 - LBFGS: NLL=887.3628  mean_cds=9.856e-09  mean_casa=10.017 deg, 0.89s 
mc_idx = 37/50, 耗时 59.28s 
AO iter 1 - EM: NLL=934.0772, 0.13s 
AO iter 1 - LBFGS: NLL=902.6592  mean_cds=9.857e-09  mean_casa=9.334 deg, 0.30s 
AO iter 2 - EM: NLL=888.1175, 0.43s 
AO iter 2 - LBFGS: NLL=884.0450  mean_cds=9.563e-09  mean_casa=9.309 deg, 0.59s 
AO iter 3 - EM: NLL=881.7484, 0.72s 
AO iter 3 - LBFGS: NLL=876.7181  mean_cds=9.157e-09  mean_casa=8.999 deg, 0.89s 
mc_idx = 38/50, 耗时 60.86s 
AO iter 1 - EM: NLL=1164.9321, 0.13s 
AO iter 1 - LBFGS: NLL=1119.2194  mean_cds=9.862e-09  mean_casa=10.424 deg, 0.30s 
AO iter 2 - EM: NLL=1097.6630, 0.42s 
AO iter 2 - LBFGS: NLL=1090.1760  mean_cds=9.845e-09  mean_casa=10.433 deg, 0.60s 
AO iter 3 - EM: NLL=1089.2824, 0.73s 
AO iter 3 - LBFGS: NLL=1086.0641  mean_cds=9.921e-09  mean_casa=10.941 deg, 0.92s 
mc_idx = 39/50, 耗时 62.47s 
AO iter 1 - EM: NLL=1015.4008, 0.13s 
AO iter 1 - LBFGS: NLL=982.7482  mean_cds=9.571e-09  mean_casa=9.670 deg, 0.33s 
AO iter 2 - EM: NLL=967.2737, 0.46s 
AO iter 2 - LBFGS: NLL=943.2703  mean_cds=8.029e-09  mean_casa=9.923 deg, 0.62s 
AO iter 3 - EM: NLL=938.2791, 0.75s 
AO iter 3 - LBFGS: NLL=936.3067  mean_cds=7.910e-09  mean_casa=9.951 deg, 0.93s 
mc_idx = 40/50, 耗时 64.09s 
AO iter 1 - EM: NLL=1025.3647, 0.13s 
AO iter 1 - LBFGS: NLL=994.6426  mean_cds=1.007e-08  mean_casa=9.470 deg, 0.31s 
AO iter 2 - EM: NLL=973.5998, 0.43s 
AO iter 2 - LBFGS: NLL=963.2526  mean_cds=1.004e-08  mean_casa=9.200 deg, 0.60s 
AO iter 3 - EM: NLL=957.4126, 0.72s 
AO iter 3 - LBFGS: NLL=953.8221  mean_cds=1.014e-08  mean_casa=9.114 deg, 0.90s 
mc_idx = 41/50, 耗时 65.68s 
AO iter 1 - EM: NLL=1063.6081, 0.12s 
AO iter 1 - LBFGS: NLL=1032.6292  mean_cds=1.029e-08  mean_casa=9.504 deg, 0.30s 
AO iter 2 - EM: NLL=1019.7077, 0.43s 
AO iter 2 - LBFGS: NLL=1016.0919  mean_cds=1.009e-08  mean_casa=9.576 deg, 0.60s 
AO iter 3 - EM: NLL=1014.6459, 0.73s 
AO iter 3 - LBFGS: NLL=1010.7010  mean_cds=9.962e-09  mean_casa=9.823 deg, 0.89s 
mc_idx = 42/50, 耗时 67.26s 
AO iter 1 - EM: NLL=912.3784, 0.13s 
AO iter 1 - LBFGS: NLL=866.0609  mean_cds=9.360e-09  mean_casa=10.328 deg, 0.31s 
AO iter 2 - EM: NLL=857.6817, 0.43s 
AO iter 2 - LBFGS: NLL=851.5237  mean_cds=9.458e-09  mean_casa=10.307 deg, 0.62s 
AO iter 3 - EM: NLL=847.9614, 0.74s 
AO iter 3 - LBFGS: NLL=844.3634  mean_cds=9.434e-09  mean_casa=10.307 deg, 0.92s 
mc_idx = 43/50, 耗时 68.87s 
AO iter 1 - EM: NLL=1010.1473, 0.13s 
AO iter 1 - LBFGS: NLL=990.1744  mean_cds=1.011e-08  mean_casa=9.813 deg, 0.31s 
AO iter 2 - EM: NLL=974.1258, 0.43s 
AO iter 2 - LBFGS: NLL=970.8334  mean_cds=9.814e-09  mean_casa=10.005 deg, 0.60s 
AO iter 3 - EM: NLL=968.9162, 0.72s 
AO iter 3 - LBFGS: NLL=968.0914  mean_cds=9.794e-09  mean_casa=10.031 deg, 0.90s 
mc_idx = 44/50, 耗时 70.46s 
AO iter 1 - EM: NLL=1073.2827, 0.13s 
AO iter 1 - LBFGS: NLL=1047.2353  mean_cds=1.019e-08  mean_casa=9.728 deg, 0.31s 
AO iter 2 - EM: NLL=1037.3219, 0.43s 
AO iter 2 - LBFGS: NLL=1020.7158  mean_cds=9.705e-09  mean_casa=10.078 deg, 0.60s 
AO iter 3 - EM: NLL=1017.1252, 0.73s 
AO iter 3 - LBFGS: NLL=1015.5511  mean_cds=9.759e-09  mean_casa=9.959 deg, 0.89s 
mc_idx = 45/50, 耗时 72.05s 
AO iter 1 - EM: NLL=1145.9997, 0.13s 
AO iter 1 - LBFGS: NLL=1081.2016  mean_cds=1.008e-08  mean_casa=9.982 deg, 0.32s 
AO iter 2 - EM: NLL=1051.4741, 0.45s 
AO iter 2 - LBFGS: NLL=1041.3183  mean_cds=1.013e-08  mean_casa=9.682 deg, 0.63s 
AO iter 3 - EM: NLL=1035.3420, 0.76s 
AO iter 3 - LBFGS: NLL=1033.8276  mean_cds=1.016e-08  mean_casa=9.654 deg, 0.93s 
mc_idx = 46/50, 耗时 73.67s 
AO iter 1 - EM: NLL=954.9980, 0.13s 
AO iter 1 - LBFGS: NLL=915.9865  mean_cds=9.917e-09  mean_casa=9.082 deg, 0.30s 
AO iter 2 - EM: NLL=897.3457, 0.43s 
AO iter 2 - LBFGS: NLL=891.0875  mean_cds=9.526e-09  mean_casa=8.916 deg, 0.62s 
AO iter 3 - EM: NLL=888.9682, 0.74s 
AO iter 3 - LBFGS: NLL=884.8232  mean_cds=9.132e-09  mean_casa=8.408 deg, 0.90s 
mc_idx = 47/50, 耗时 75.27s 
AO iter 1 - EM: NLL=1026.8924, 0.13s 
AO iter 1 - LBFGS: NLL=1002.6191  mean_cds=1.047e-08  mean_casa=9.671 deg, 0.31s 
AO iter 2 - EM: NLL=989.9804, 0.43s 
AO iter 2 - LBFGS: NLL=983.6000  mean_cds=1.028e-08  mean_casa=9.741 deg, 0.60s 
AO iter 3 - EM: NLL=982.0448, 0.72s 
AO iter 3 - LBFGS: NLL=979.1089  mean_cds=1.009e-08  mean_casa=9.873 deg, 0.89s 
mc_idx = 48/50, 耗时 76.85s 
AO iter 1 - EM: NLL=1026.3762, 0.13s 
AO iter 1 - LBFGS: NLL=998.8050  mean_cds=1.020e-08  mean_casa=9.750 deg, 0.31s 
AO iter 2 - EM: NLL=977.8594, 0.44s 
AO iter 2 - LBFGS: NLL=969.1169  mean_cds=9.746e-09  mean_casa=10.101 deg, 0.60s 
AO iter 3 - EM: NLL=967.7928, 0.72s 
AO iter 3 - LBFGS: NLL=966.2416  mean_cds=9.740e-09  mean_casa=10.199 deg, 0.89s 
mc_idx = 49/50, 耗时 78.43s 
AO iter 1 - EM: NLL=968.8657, 0.13s 
AO iter 1 - LBFGS: NLL=946.5800  mean_cds=1.026e-08  mean_casa=9.576 deg, 0.31s 
AO iter 2 - EM: NLL=934.1449, 0.44s 
AO iter 2 - LBFGS: NLL=922.9519  mean_cds=9.496e-09  mean_casa=9.402 deg, 0.60s 
AO iter 3 - EM: NLL=920.4277, 0.72s 
AO iter 3 - LBFGS: NLL=919.3267  mean_cds=9.442e-09  mean_casa=9.403 deg, 0.90s 
mc_idx = 50/50, 耗时 80.02s 

====== Kp = 64 (4/5) finished, consumed 80.0s ======

开始MonteCarlo仿真...... 
AO iter 1 - EM: NLL=1534.2618, 0.14s 
AO iter 1 - LBFGS: NLL=1489.8121  mean_cds=9.830e-09  mean_casa=9.852 deg, 0.39s 
AO iter 2 - EM: NLL=1477.4338, 0.54s 
AO iter 2 - LBFGS: NLL=1449.8019  mean_cds=9.484e-09  mean_casa=9.860 deg, 0.72s 
AO iter 3 - EM: NLL=1447.7702, 0.86s 
AO iter 3 - LBFGS: NLL=1441.2452  mean_cds=9.465e-09  mean_casa=9.777 deg, 1.04s 
mc_idx = 1/50, 耗时 1.82s 
AO iter 1 - EM: NLL=1499.1518, 0.14s 
AO iter 1 - LBFGS: NLL=1483.6957  mean_cds=9.608e-09  mean_casa=9.684 deg, 0.35s 
AO iter 2 - EM: NLL=1432.9522, 0.48s 
AO iter 2 - LBFGS: NLL=1412.0748  mean_cds=9.201e-09  mean_casa=9.278 deg, 0.67s 
AO iter 3 - EM: NLL=1406.6084, 0.80s 
AO iter 3 - LBFGS: NLL=1403.5959  mean_cds=9.119e-09  mean_casa=9.197 deg, 0.99s 
mc_idx = 2/50, 耗时 3.61s 
AO iter 1 - EM: NLL=1402.5641, 0.14s 
AO iter 1 - LBFGS: NLL=1331.3339  mean_cds=9.613e-09  mean_casa=9.636 deg, 0.38s 
AO iter 2 - EM: NLL=1306.5464, 0.51s 
AO iter 2 - LBFGS: NLL=1286.2865  mean_cds=8.456e-09  mean_casa=9.796 deg, 0.72s 
AO iter 3 - EM: NLL=1281.0085, 0.86s 
AO iter 3 - LBFGS: NLL=1277.1741  mean_cds=8.404e-09  mean_casa=9.777 deg, 1.08s 
mc_idx = 3/50, 耗时 5.45s 
AO iter 1 - EM: NLL=1255.8615, 0.13s 
AO iter 1 - LBFGS: NLL=1203.1233  mean_cds=9.770e-09  mean_casa=9.282 deg, 0.34s 
AO iter 2 - EM: NLL=1194.3375, 0.47s 
AO iter 2 - LBFGS: NLL=1179.3374  mean_cds=8.939e-09  mean_casa=9.398 deg, 0.66s 
AO iter 3 - EM: NLL=1177.0134, 0.79s 
AO iter 3 - LBFGS: NLL=1171.9115  mean_cds=8.862e-09  mean_casa=9.540 deg, 1.00s 
mc_idx = 4/50, 耗时 7.23s 
AO iter 1 - EM: NLL=1522.9060, 0.13s 
AO iter 1 - LBFGS: NLL=1469.0446  mean_cds=1.065e-08  mean_casa=9.297 deg, 0.34s 
AO iter 2 - EM: NLL=1450.7761, 0.47s 
AO iter 2 - LBFGS: NLL=1443.2923  mean_cds=1.056e-08  mean_casa=9.303 deg, 0.66s 
AO iter 3 - EM: NLL=1442.4603, 0.79s 
AO iter 3 - LBFGS: NLL=1439.5835  mean_cds=1.063e-08  mean_casa=9.237 deg, 0.98s 
mc_idx = 5/50, 耗时 8.98s 
AO iter 1 - EM: NLL=1487.0363, 0.14s 
AO iter 1 - LBFGS: NLL=1438.0424  mean_cds=1.015e-08  mean_casa=9.748 deg, 0.35s 
AO iter 2 - EM: NLL=1419.2761, 0.48s 
AO iter 2 - LBFGS: NLL=1411.8716  mean_cds=9.864e-09  mean_casa=9.790 deg, 0.69s 
AO iter 3 - EM: NLL=1411.0564, 0.83s 
AO iter 3 - LBFGS: NLL=1405.2968  mean_cds=9.649e-09  mean_casa=10.013 deg, 1.02s 
mc_idx = 6/50, 耗时 10.77s 
AO iter 1 - EM: NLL=1406.7194, 0.13s 
AO iter 1 - LBFGS: NLL=1376.5835  mean_cds=1.016e-08  mean_casa=9.730 deg, 0.34s 
AO iter 2 - EM: NLL=1365.5668, 0.47s 
AO iter 2 - LBFGS: NLL=1347.4196  mean_cds=8.728e-09  mean_casa=9.882 deg, 0.68s 
AO iter 3 - EM: NLL=1344.8869, 0.81s 
AO iter 3 - LBFGS: NLL=1342.7635  mean_cds=8.667e-09  mean_casa=9.840 deg, 1.02s 
mc_idx = 7/50, 耗时 12.54s 
AO iter 1 - EM: NLL=1403.0474, 0.13s 
AO iter 1 - LBFGS: NLL=1368.1801  mean_cds=1.058e-08  mean_casa=9.700 deg, 0.37s 
AO iter 2 - EM: NLL=1350.3052, 0.50s 
AO iter 2 - LBFGS: NLL=1338.8591  mean_cds=1.040e-08  mean_casa=9.851 deg, 0.69s 
AO iter 3 - EM: NLL=1337.9730, 0.82s 
AO iter 3 - LBFGS: NLL=1336.3983  mean_cds=1.041e-08  mean_casa=9.830 deg, 1.01s 
mc_idx = 8/50, 耗时 14.32s 
AO iter 1 - EM: NLL=1705.7606, 0.13s 
AO iter 1 - LBFGS: NLL=1636.6416  mean_cds=9.735e-09  mean_casa=9.755 deg, 0.36s 
AO iter 2 - EM: NLL=1620.2068, 0.49s 
AO iter 2 - LBFGS: NLL=1594.2096  mean_cds=9.124e-09  mean_casa=9.619 deg, 0.70s 
AO iter 3 - EM: NLL=1591.4772, 0.83s 
AO iter 3 - LBFGS: NLL=1583.2830  mean_cds=8.872e-09  mean_casa=9.667 deg, 1.04s 
mc_idx = 9/50, 耗时 16.16s 
AO iter 1 - EM: NLL=1352.2600, 0.13s 
AO iter 1 - LBFGS: NLL=1318.1329  mean_cds=1.069e-08  mean_casa=9.734 deg, 0.36s 
AO iter 2 - EM: NLL=1306.9841, 0.49s 
AO iter 2 - LBFGS: NLL=1300.8225  mean_cds=1.042e-08  mean_casa=9.761 deg, 0.71s 
AO iter 3 - EM: NLL=1300.1262, 0.84s 
AO iter 3 - LBFGS: NLL=1295.6854  mean_cds=1.026e-08  mean_casa=9.760 deg, 1.04s 
mc_idx = 10/50, 耗时 17.96s 
AO iter 1 - EM: NLL=1406.7470, 0.13s 
AO iter 1 - LBFGS: NLL=1357.0231  mean_cds=9.537e-09  mean_casa=9.718 deg, 0.35s 
AO iter 2 - EM: NLL=1337.5544, 0.49s 
AO iter 2 - LBFGS: NLL=1325.3152  mean_cds=7.922e-09  mean_casa=9.535 deg, 0.70s 
AO iter 3 - EM: NLL=1319.5532, 0.83s 
AO iter 3 - LBFGS: NLL=1313.7559  mean_cds=8.155e-09  mean_casa=9.375 deg, 1.04s 
mc_idx = 11/50, 耗时 19.76s 
AO iter 1 - EM: NLL=1359.7412, 0.13s 
AO iter 1 - LBFGS: NLL=1276.1598  mean_cds=9.470e-09  mean_casa=9.644 deg, 0.34s 
AO iter 2 - EM: NLL=1260.1877, 0.47s 
AO iter 2 - LBFGS: NLL=1252.0749  mean_cds=9.153e-09  mean_casa=9.637 deg, 0.70s 
AO iter 3 - EM: NLL=1247.5455, 0.84s 
AO iter 3 - LBFGS: NLL=1237.2924  mean_cds=8.408e-09  mean_casa=9.637 deg, 1.03s 
mc_idx = 12/50, 耗时 21.56s 
AO iter 1 - EM: NLL=1487.1797, 0.13s 
AO iter 1 - LBFGS: NLL=1445.4034  mean_cds=1.041e-08  mean_casa=9.766 deg, 0.34s 
AO iter 2 - EM: NLL=1434.5191, 0.47s 
AO iter 2 - LBFGS: NLL=1412.3424  mean_cds=1.003e-08  mean_casa=9.966 deg, 0.65s 
AO iter 3 - EM: NLL=1408.0705, 0.79s 
AO iter 3 - LBFGS: NLL=1405.8040  mean_cds=9.944e-09  mean_casa=9.998 deg, 1.00s 
mc_idx = 13/50, 耗时 23.33s 
AO iter 1 - EM: NLL=1535.2248, 0.14s 
AO iter 1 - LBFGS: NLL=1469.4330  mean_cds=9.704e-09  mean_casa=9.782 deg, 0.35s 
AO iter 2 - EM: NLL=1457.5883, 0.48s 
AO iter 2 - LBFGS: NLL=1443.8759  mean_cds=9.145e-09  mean_casa=9.891 deg, 0.68s 
AO iter 3 - EM: NLL=1441.4170, 0.81s 
AO iter 3 - LBFGS: NLL=1434.6703  mean_cds=8.918e-09  mean_casa=9.997 deg, 1.00s 
mc_idx = 14/50, 耗时 25.10s 
AO iter 1 - EM: NLL=1409.0406, 0.13s 
AO iter 1 - LBFGS: NLL=1339.0458  mean_cds=9.166e-09  mean_casa=9.542 deg, 0.35s 
AO iter 2 - EM: NLL=1312.7981, 0.49s 
AO iter 2 - LBFGS: NLL=1302.6950  mean_cds=8.715e-09  mean_casa=9.422 deg, 0.69s 
AO iter 3 - EM: NLL=1300.5601, 0.82s 
AO iter 3 - LBFGS: NLL=1294.9300  mean_cds=8.228e-09  mean_casa=9.689 deg, 1.01s 
mc_idx = 15/50, 耗时 26.88s 
AO iter 1 - EM: NLL=1326.5296, 0.13s 
AO iter 1 - LBFGS: NLL=1270.8887  mean_cds=9.976e-09  mean_casa=9.439 deg, 0.35s 
AO iter 2 - EM: NLL=1252.8770, 0.48s 
AO iter 2 - LBFGS: NLL=1233.8799  mean_cds=9.169e-09  mean_casa=9.185 deg, 0.69s 
AO iter 3 - EM: NLL=1231.4419, 0.82s 
AO iter 3 - LBFGS: NLL=1228.2500  mean_cds=8.989e-09  mean_casa=9.109 deg, 1.04s 
mc_idx = 16/50, 耗时 28.67s 
AO iter 1 - EM: NLL=1517.0789, 0.14s 
AO iter 1 - LBFGS: NLL=1424.9265  mean_cds=9.625e-09  mean_casa=9.546 deg, 0.36s 
AO iter 2 - EM: NLL=1400.9398, 0.49s 
AO iter 2 - LBFGS: NLL=1382.8811  mean_cds=8.586e-09  mean_casa=10.104 deg, 0.68s 
AO iter 3 - EM: NLL=1379.5975, 0.81s 
AO iter 3 - LBFGS: NLL=1376.0864  mean_cds=8.625e-09  mean_casa=10.046 deg, 1.04s 
mc_idx = 17/50, 耗时 30.49s 
AO iter 1 - EM: NLL=1312.7379, 0.13s 
AO iter 1 - LBFGS: NLL=1262.6375  mean_cds=9.560e-09  mean_casa=9.499 deg, 0.34s 
AO iter 2 - EM: NLL=1238.2407, 0.48s 
AO iter 2 - LBFGS: NLL=1226.1169  mean_cds=8.651e-09  mean_casa=9.550 deg, 0.67s 
AO iter 3 - EM: NLL=1224.5268, 0.81s 
AO iter 3 - LBFGS: NLL=1221.9391  mean_cds=8.420e-09  mean_casa=9.621 deg, 1.01s 
mc_idx = 18/50, 耗时 32.28s 
AO iter 1 - EM: NLL=1423.2245, 0.13s 
AO iter 1 - LBFGS: NLL=1381.8602  mean_cds=1.042e-08  mean_casa=9.551 deg, 0.35s 
AO iter 2 - EM: NLL=1368.0802, 0.49s 
AO iter 2 - LBFGS: NLL=1361.4553  mean_cds=1.013e-08  mean_casa=9.525 deg, 0.70s 
AO iter 3 - EM: NLL=1359.5368, 0.83s 
AO iter 3 - LBFGS: NLL=1356.4856  mean_cds=1.003e-08  mean_casa=9.422 deg, 1.05s 
mc_idx = 19/50, 耗时 34.10s 
AO iter 1 - EM: NLL=1405.4555, 0.13s 
AO iter 1 - LBFGS: NLL=1364.5839  mean_cds=1.007e-08  mean_casa=9.672 deg, 0.34s 
AO iter 2 - EM: NLL=1347.7935, 0.47s 
AO iter 2 - LBFGS: NLL=1333.4197  mean_cds=9.593e-09  mean_casa=9.472 deg, 0.66s 
AO iter 3 - EM: NLL=1329.5245, 0.79s 
AO iter 3 - LBFGS: NLL=1326.4871  mean_cds=9.459e-09  mean_casa=9.350 deg, 0.98s 
mc_idx = 20/50, 耗时 35.86s 
AO iter 1 - EM: NLL=1545.5383, 0.13s 
AO iter 1 - LBFGS: NLL=1488.8741  mean_cds=9.586e-09  mean_casa=10.010 deg, 0.34s 
AO iter 2 - EM: NLL=1477.1441, 0.47s 
AO iter 2 - LBFGS: NLL=1447.3629  mean_cds=8.766e-09  mean_casa=10.338 deg, 0.67s 
AO iter 3 - EM: NLL=1445.0441, 0.80s 
AO iter 3 - LBFGS: NLL=1436.1984  mean_cds=8.818e-09  mean_casa=10.189 deg, 1.00s 
mc_idx = 21/50, 耗时 37.63s 
AO iter 1 - EM: NLL=1442.1031, 0.13s 
AO iter 1 - LBFGS: NLL=1402.5359  mean_cds=1.016e-08  mean_casa=9.676 deg, 0.34s 
AO iter 2 - EM: NLL=1393.2771, 0.48s 
AO iter 2 - LBFGS: NLL=1386.9909  mean_cds=9.794e-09  mean_casa=9.544 deg, 0.67s 
AO iter 3 - EM: NLL=1383.9724, 0.81s 
AO iter 3 - LBFGS: NLL=1378.8714  mean_cds=9.463e-09  mean_casa=9.281 deg, 0.99s 
mc_idx = 22/50, 耗时 39.39s 
AO iter 1 - EM: NLL=1473.2567, 0.14s 
AO iter 1 - LBFGS: NLL=1431.9719  mean_cds=9.922e-09  mean_casa=9.777 deg, 0.35s 
AO iter 2 - EM: NLL=1412.6536, 0.49s 
AO iter 2 - LBFGS: NLL=1397.2065  mean_cds=9.309e-09  mean_casa=9.898 deg, 0.69s 
AO iter 3 - EM: NLL=1392.9964, 0.82s 
AO iter 3 - LBFGS: NLL=1390.2322  mean_cds=9.121e-09  mean_casa=9.892 deg, 1.02s 
mc_idx = 23/50, 耗时 41.18s 
AO iter 1 - EM: NLL=1450.2849, 0.14s 
AO iter 1 - LBFGS: NLL=1411.2558  mean_cds=1.004e-08  mean_casa=9.880 deg, 0.35s 
AO iter 2 - EM: NLL=1385.1737, 0.48s 
AO iter 2 - LBFGS: NLL=1367.7351  mean_cds=9.874e-09  mean_casa=9.625 deg, 0.69s 
AO iter 3 - EM: NLL=1362.6382, 0.83s 
AO iter 3 - LBFGS: NLL=1359.1922  mean_cds=9.838e-09  mean_casa=9.590 deg, 1.03s 
mc_idx = 24/50, 耗时 43.00s 
AO iter 1 - EM: NLL=1465.4066, 0.13s 
AO iter 1 - LBFGS: NLL=1390.8304  mean_cds=9.323e-09  mean_casa=9.727 deg, 0.35s 
AO iter 2 - EM: NLL=1352.8542, 0.48s 
AO iter 2 - LBFGS: NLL=1338.8861  mean_cds=8.924e-09  mean_casa=9.704 deg, 0.70s 
AO iter 3 - EM: NLL=1335.6599, 0.83s 
AO iter 3 - LBFGS: NLL=1330.0691  mean_cds=8.488e-09  mean_casa=9.747 deg, 1.02s 
mc_idx = 25/50, 耗时 44.79s 
AO iter 1 - EM: NLL=1534.9246, 0.13s 
AO iter 1 - LBFGS: NLL=1478.4139  mean_cds=9.640e-09  mean_casa=10.049 deg, 0.34s 
AO iter 2 - EM: NLL=1448.7457, 0.47s 
AO iter 2 - LBFGS: NLL=1439.1026  mean_cds=9.549e-09  mean_casa=9.898 deg, 0.67s 
AO iter 3 - EM: NLL=1435.9901, 0.80s 
AO iter 3 - LBFGS: NLL=1433.1886  mean_cds=9.382e-09  mean_casa=9.944 deg, 0.99s 
mc_idx = 26/50, 耗时 46.57s 
AO iter 1 - EM: NLL=1418.1681, 0.14s 
AO iter 1 - LBFGS: NLL=1379.5507  mean_cds=1.050e-08  mean_casa=9.533 deg, 0.36s 
AO iter 2 - EM: NLL=1371.5693, 0.50s 
AO iter 2 - LBFGS: NLL=1359.9225  mean_cds=1.006e-08  mean_casa=9.418 deg, 0.70s 
AO iter 3 - EM: NLL=1356.9154, 0.83s 
AO iter 3 - LBFGS: NLL=1354.2662  mean_cds=9.912e-09  mean_casa=9.329 deg, 1.02s 
mc_idx = 27/50, 耗时 48.35s 
AO iter 1 - EM: NLL=1357.8242, 0.13s 
AO iter 1 - LBFGS: NLL=1309.7166  mean_cds=9.995e-09  mean_casa=9.576 deg, 0.34s 
AO iter 2 - EM: NLL=1290.0173, 0.47s 
AO iter 2 - LBFGS: NLL=1276.4318  mean_cds=9.654e-09  mean_casa=9.555 deg, 0.68s 
AO iter 3 - EM: NLL=1268.3966, 0.82s 
AO iter 3 - LBFGS: NLL=1256.6243  mean_cds=9.444e-09  mean_casa=9.453 deg, 1.03s 
mc_idx = 28/50, 耗时 50.13s 
AO iter 1 - EM: NLL=1510.2159, 0.13s 
AO iter 1 - LBFGS: NLL=1444.8451  mean_cds=1.016e-08  mean_casa=9.543 deg, 0.36s 
AO iter 2 - EM: NLL=1438.4953, 0.50s 
AO iter 2 - LBFGS: NLL=1405.1130  mean_cds=9.383e-09  mean_casa=9.455 deg, 0.70s 
AO iter 3 - EM: NLL=1402.0189, 0.83s 
AO iter 3 - LBFGS: NLL=1395.9264  mean_cds=9.185e-09  mean_casa=9.329 deg, 1.02s 
mc_idx = 29/50, 耗时 51.90s 
AO iter 1 - EM: NLL=1366.9252, 0.14s 
AO iter 1 - LBFGS: NLL=1342.1275  mean_cds=1.066e-08  mean_casa=9.564 deg, 0.34s 
AO iter 2 - EM: NLL=1327.0704, 0.48s 
AO iter 2 - LBFGS: NLL=1316.7659  mean_cds=1.041e-08  mean_casa=9.308 deg, 0.68s 
AO iter 3 - EM: NLL=1313.9856, 0.82s 
AO iter 3 - LBFGS: NLL=1310.9079  mean_cds=1.035e-08  mean_casa=9.233 deg, 1.02s 
mc_idx = 30/50, 耗时 53.67s 
AO iter 1 - EM: NLL=1447.1020, 0.13s 
AO iter 1 - LBFGS: NLL=1388.3029  mean_cds=9.546e-09  mean_casa=9.725 deg, 0.34s 
AO iter 2 - EM: NLL=1375.7422, 0.47s 
AO iter 2 - LBFGS: NLL=1361.9084  mean_cds=8.810e-09  mean_casa=9.817 deg, 0.69s 
AO iter 3 - EM: NLL=1358.1461, 0.82s 
AO iter 3 - LBFGS: NLL=1351.6762  mean_cds=8.263e-09  mean_casa=9.856 deg, 1.03s 
mc_idx = 31/50, 耗时 55.45s 
AO iter 1 - EM: NLL=1388.4461, 0.13s 
AO iter 1 - LBFGS: NLL=1336.2739  mean_cds=9.963e-09  mean_casa=9.928 deg, 0.36s 
AO iter 2 - EM: NLL=1316.0730, 0.49s 
AO iter 2 - LBFGS: NLL=1304.6837  mean_cds=9.654e-09  mean_casa=9.848 deg, 0.70s 
AO iter 3 - EM: NLL=1300.3605, 0.84s 
AO iter 3 - LBFGS: NLL=1296.1986  mean_cds=9.463e-09  mean_casa=9.796 deg, 1.03s 
mc_idx = 32/50, 耗时 57.27s 
AO iter 1 - EM: NLL=1400.3011, 0.13s 
AO iter 1 - LBFGS: NLL=1357.2707  mean_cds=1.009e-08  mean_casa=9.411 deg, 0.35s 
AO iter 2 - EM: NLL=1345.8610, 0.48s 
AO iter 2 - LBFGS: NLL=1333.0193  mean_cds=9.558e-09  mean_casa=9.134 deg, 0.68s 
AO iter 3 - EM: NLL=1328.2967, 0.82s 
AO iter 3 - LBFGS: NLL=1323.0514  mean_cds=9.238e-09  mean_casa=9.004 deg, 1.02s 
mc_idx = 33/50, 耗时 59.06s 
AO iter 1 - EM: NLL=1421.9067, 0.13s 
AO iter 1 - LBFGS: NLL=1359.4563  mean_cds=9.993e-09  mean_casa=9.743 deg, 0.35s 
AO iter 2 - EM: NLL=1340.7358, 0.48s 
AO iter 2 - LBFGS: NLL=1324.9263  mean_cds=9.693e-09  mean_casa=9.971 deg, 0.68s 
AO iter 3 - EM: NLL=1322.1107, 0.82s 
AO iter 3 - LBFGS: NLL=1314.2873  mean_cds=9.854e-09  mean_casa=10.765 deg, 1.00s 
mc_idx = 34/50, 耗时 60.82s 
AO iter 1 - EM: NLL=1440.2568, 0.13s 
AO iter 1 - LBFGS: NLL=1391.5772  mean_cds=1.004e-08  mean_casa=9.610 deg, 0.35s 
AO iter 2 - EM: NLL=1368.3576, 0.48s 
AO iter 2 - LBFGS: NLL=1343.5057  mean_cds=9.413e-09  mean_casa=9.442 deg, 0.68s 
AO iter 3 - EM: NLL=1338.2416, 0.81s 
AO iter 3 - LBFGS: NLL=1330.4623  mean_cds=9.333e-09  mean_casa=9.286 deg, 1.04s 
mc_idx = 35/50, 耗时 62.62s 
AO iter 1 - EM: NLL=1368.8580, 0.13s 
AO iter 1 - LBFGS: NLL=1329.8672  mean_cds=1.008e-08  mean_casa=9.822 deg, 0.34s 
AO iter 2 - EM: NLL=1314.4191, 0.47s 
AO iter 2 - LBFGS: NLL=1299.5687  mean_cds=9.650e-09  mean_casa=9.983 deg, 0.68s 
AO iter 3 - EM: NLL=1294.5843, 0.82s 
AO iter 3 - LBFGS: NLL=1288.5516  mean_cds=9.350e-09  mean_casa=10.240 deg, 1.01s 
mc_idx = 36/50, 耗时 64.37s 
AO iter 1 - EM: NLL=1425.7546, 0.14s 
AO iter 1 - LBFGS: NLL=1368.6336  mean_cds=9.722e-09  mean_casa=9.291 deg, 0.34s 
AO iter 2 - EM: NLL=1347.7603, 0.48s 
AO iter 2 - LBFGS: NLL=1339.1657  mean_cds=9.422e-09  mean_casa=9.167 deg, 0.68s 
AO iter 3 - EM: NLL=1337.9396, 0.81s 
AO iter 3 - LBFGS: NLL=1330.7712  mean_cds=9.258e-09  mean_casa=9.075 deg, 1.02s 
mc_idx = 37/50, 耗时 66.17s 
AO iter 1 - EM: NLL=1686.9979, 0.13s 
AO iter 1 - LBFGS: NLL=1638.5031  mean_cds=1.075e-08  mean_casa=9.859 deg, 0.35s 
AO iter 2 - EM: NLL=1636.7545, 0.49s 
AO iter 2 - LBFGS: NLL=1620.7184  mean_cds=1.087e-08  mean_casa=10.446 deg, 0.68s 
AO iter 3 - EM: NLL=1609.8435, 0.82s 
AO iter 3 - LBFGS: NLL=1606.2773  mean_cds=1.081e-08  mean_casa=10.393 deg, 1.04s 
mc_idx = 38/50, 耗时 67.97s 
AO iter 1 - EM: NLL=1461.9114, 0.13s 
AO iter 1 - LBFGS: NLL=1407.3202  mean_cds=9.941e-09  mean_casa=9.887 deg, 0.35s 
AO iter 2 - EM: NLL=1395.7515, 0.48s 
AO iter 2 - LBFGS: NLL=1380.3674  mean_cds=9.454e-09  mean_casa=10.237 deg, 0.68s 
AO iter 3 - EM: NLL=1377.3132, 0.82s 
AO iter 3 - LBFGS: NLL=1374.7427  mean_cds=9.399e-09  mean_casa=10.053 deg, 1.01s 
mc_idx = 39/50, 耗时 69.76s 
AO iter 1 - EM: NLL=1600.4703, 0.13s 
AO iter 1 - LBFGS: NLL=1550.6782  mean_cds=1.012e-08  mean_casa=9.806 deg, 0.37s 
AO iter 2 - EM: NLL=1533.0494, 0.50s 
AO iter 2 - LBFGS: NLL=1516.3736  mean_cds=9.813e-09  mean_casa=10.035 deg, 0.69s 
AO iter 3 - EM: NLL=1513.7819, 0.83s 
AO iter 3 - LBFGS: NLL=1510.6248  mean_cds=9.759e-09  mean_casa=9.981 deg, 1.01s 
mc_idx = 40/50, 耗时 71.54s 
AO iter 1 - EM: NLL=1419.4906, 0.13s 
AO iter 1 - LBFGS: NLL=1383.0256  mean_cds=1.023e-08  mean_casa=9.745 deg, 0.33s 
AO iter 2 - EM: NLL=1375.3771, 0.46s 
AO iter 2 - LBFGS: NLL=1365.6523  mean_cds=9.848e-09  mean_casa=10.100 deg, 0.65s 
AO iter 3 - EM: NLL=1363.9897, 0.78s 
AO iter 3 - LBFGS: NLL=1360.9903  mean_cds=9.760e-09  mean_casa=10.605 deg, 0.97s 
mc_idx = 41/50, 耗时 73.30s 
AO iter 1 - EM: NLL=1436.6827, 0.14s 
AO iter 1 - LBFGS: NLL=1391.7639  mean_cds=1.013e-08  mean_casa=9.686 deg, 0.39s 
AO iter 2 - EM: NLL=1377.3452, 0.53s 
AO iter 2 - LBFGS: NLL=1365.1931  mean_cds=9.771e-09  mean_casa=9.695 deg, 0.73s 
AO iter 3 - EM: NLL=1363.3578, 0.86s 
AO iter 3 - LBFGS: NLL=1357.9192  mean_cds=9.670e-09  mean_casa=9.862 deg, 1.05s 
mc_idx = 42/50, 耗时 75.12s 
AO iter 1 - EM: NLL=1460.6863, 0.14s 
AO iter 1 - LBFGS: NLL=1413.1115  mean_cds=9.840e-09  mean_casa=9.308 deg, 0.39s 
AO iter 2 - EM: NLL=1399.6129, 0.53s 
AO iter 2 - LBFGS: NLL=1388.6341  mean_cds=9.261e-09  mean_casa=9.163 deg, 0.74s 
AO iter 3 - EM: NLL=1384.8938, 0.87s 
AO iter 3 - LBFGS: NLL=1382.4508  mean_cds=9.210e-09  mean_casa=9.153 deg, 1.06s 
mc_idx = 43/50, 耗时 76.95s 
AO iter 1 - EM: NLL=1452.8803, 0.14s 
AO iter 1 - LBFGS: NLL=1401.2351  mean_cds=9.528e-09  mean_casa=9.178 deg, 0.36s 
AO iter 2 - EM: NLL=1384.4665, 0.50s 
AO iter 2 - LBFGS: NLL=1369.5730  mean_cds=9.126e-09  mean_casa=9.231 deg, 0.69s 
AO iter 3 - EM: NLL=1366.7374, 0.83s 
AO iter 3 - LBFGS: NLL=1363.3104  mean_cds=9.098e-09  mean_casa=9.350 deg, 1.02s 
mc_idx = 44/50, 耗时 78.74s 
AO iter 1 - EM: NLL=1186.0278, 0.14s 
AO iter 1 - LBFGS: NLL=1151.8434  mean_cds=1.045e-08  mean_casa=9.397 deg, 0.37s 
AO iter 2 - EM: NLL=1141.7473, 0.51s 
AO iter 2 - LBFGS: NLL=1135.1720  mean_cds=1.017e-08  mean_casa=9.199 deg, 0.72s 
AO iter 3 - EM: NLL=1133.5003, 0.85s 
AO iter 3 - LBFGS: NLL=1126.2503  mean_cds=9.911e-09  mean_casa=8.933 deg, 1.04s 
mc_idx = 45/50, 耗时 80.55s 
AO iter 1 - EM: NLL=1514.0597, 0.14s 
AO iter 1 - LBFGS: NLL=1402.7067  mean_cds=9.743e-09  mean_casa=9.611 deg, 0.37s 
AO iter 2 - EM: NLL=1377.8857, 0.50s 
AO iter 2 - LBFGS: NLL=1355.8455  mean_cds=9.037e-09  mean_casa=9.614 deg, 0.70s 
AO iter 3 - EM: NLL=1352.1485, 0.84s 
AO iter 3 - LBFGS: NLL=1345.8868  mean_cds=8.979e-09  mean_casa=9.620 deg, 1.03s 
mc_idx = 46/50, 耗时 82.36s 
AO iter 1 - EM: NLL=1355.8895, 0.14s 
AO iter 1 - LBFGS: NLL=1323.0632  mean_cds=1.007e-08  mean_casa=9.958 deg, 0.34s 
AO iter 2 - EM: NLL=1317.9687, 0.48s 
AO iter 2 - LBFGS: NLL=1303.5515  mean_cds=9.500e-09  mean_casa=10.184 deg, 0.66s 
AO iter 3 - EM: NLL=1301.5563, 0.79s 
AO iter 3 - LBFGS: NLL=1299.1606  mean_cds=9.428e-09  mean_casa=10.128 deg, 0.98s 
mc_idx = 47/50, 耗时 84.10s 
AO iter 1 - EM: NLL=1464.9049, 0.13s 
AO iter 1 - LBFGS: NLL=1427.6127  mean_cds=1.016e-08  mean_casa=9.877 deg, 0.35s 
AO iter 2 - EM: NLL=1410.3589, 0.48s 
AO iter 2 - LBFGS: NLL=1389.7332  mean_cds=9.694e-09  mean_casa=9.927 deg, 0.70s 
AO iter 3 - EM: NLL=1383.9334, 0.83s 
AO iter 3 - LBFGS: NLL=1380.2502  mean_cds=9.534e-09  mean_casa=9.927 deg, 1.02s 
mc_idx = 48/50, 耗时 85.89s 
AO iter 1 - EM: NLL=1542.0606, 0.13s 
AO iter 1 - LBFGS: NLL=1485.8521  mean_cds=9.917e-09  mean_casa=9.486 deg, 0.35s 
AO iter 2 - EM: NLL=1471.2403, 0.48s 
AO iter 2 - LBFGS: NLL=1457.6506  mean_cds=8.959e-09  mean_casa=9.797 deg, 0.67s 
AO iter 3 - EM: NLL=1455.0462, 0.80s 
AO iter 3 - LBFGS: NLL=1453.2000  mean_cds=8.923e-09  mean_casa=9.768 deg, 0.99s 
mc_idx = 49/50, 耗时 87.66s 
AO iter 1 - EM: NLL=1312.1669, 0.14s 
AO iter 1 - LBFGS: NLL=1280.1309  mean_cds=1.052e-08  mean_casa=9.711 deg, 0.37s 
AO iter 2 - EM: NLL=1271.0990, 0.50s 
AO iter 2 - LBFGS: NLL=1262.8753  mean_cds=1.033e-08  mean_casa=9.688 deg, 0.70s 
AO iter 3 - EM: NLL=1260.4185, 0.84s 
AO iter 3 - LBFGS: NLL=1256.5927  mean_cds=1.017e-08  mean_casa=9.689 deg, 1.03s 
mc_idx = 50/50, 耗时 89.47s 

====== Kp = 128 (5/5) finished, consumed 89.5s ======

